ISO-10303-21;
HEADER;
FILE_DESCRIPTION(('KiCad electronic assembly'),'2;1');
FILE_NAME('bistable-relay.step','2026-09-29T22:20:24',('Pcbnew'),(
    'Kicad'),'Open CASCADE STEP processor 7.6','KiCad to STEP converter'
  ,'Unknown');
FILE_SCHEMA(('AUTOMOTIVE_DESIGN { 1 0 10303 214 1 1 1 1 }'));
ENDSEC;
DATA;
#1 = APPLICATION_PROTOCOL_DEFINITION('international standard',
  'automotive_design',2000,#2);
#2 = APPLICATION_CONTEXT(
  'core data for automotive mechanical design processes');
#3 = SHAPE_DEFINITION_REPRESENTATION(#4,#10);
#4 = PRODUCT_DEFINITION_SHAPE('','',#5);
#5 = PRODUCT_DEFINITION('design','',#6,#9);
#6 = PRODUCT_DEFINITION_FORMATION('','',#7);
#7 = PRODUCT('bistable-relay 1','bistable-relay 1','',(#8));
#8 = PRODUCT_CONTEXT('',#2,'mechanical');
#9 = PRODUCT_DEFINITION_CONTEXT('part definition',#2,'design');
#10 = SHAPE_REPRESENTATION('',(#11,#15,#19,#23,#27,#31,#35,#39,#43,#47,
    #51),#55);
#11 = AXIS2_PLACEMENT_3D('',#12,#13,#14);
#12 = CARTESIAN_POINT('',(0.,0.,0.));
#13 = DIRECTION('',(0.,0.,1.));
#14 = DIRECTION('',(1.,0.,-0.));
#15 = AXIS2_PLACEMENT_3D('',#16,#17,#18);
#16 = CARTESIAN_POINT('',(136.375,-97.125,1.05));
#17 = DIRECTION('',(0.,0.,1.));
#18 = DIRECTION('',(-1.,1.224646799147E-16,0.));
#19 = AXIS2_PLACEMENT_3D('',#20,#21,#22);
#20 = CARTESIAN_POINT('',(140.05,-104.55,1.05));
#21 = DIRECTION('',(0.,0.,1.));
#22 = DIRECTION('',(1.,0.,0.));
#23 = AXIS2_PLACEMENT_3D('',#24,#25,#26);
#24 = CARTESIAN_POINT('',(136.2,-104.625,1.05));
#25 = DIRECTION('',(0.,0.,1.));
#26 = DIRECTION('',(1.,0.,0.));
#27 = AXIS2_PLACEMENT_3D('',#28,#29,#30);
#28 = CARTESIAN_POINT('',(132.975,-102.125,1.05));
#29 = DIRECTION('',(0.,0.,1.));
#30 = DIRECTION('',(-1.,1.224646799147E-16,0.));
#31 = AXIS2_PLACEMENT_3D('',#32,#33,#34);
#32 = CARTESIAN_POINT('',(138.65,-100.625,1.05));
#33 = DIRECTION('',(0.,0.,1.));
#34 = DIRECTION('',(-1.,1.224646799147E-16,0.));
#35 = AXIS2_PLACEMENT_3D('',#36,#37,#38);
#36 = CARTESIAN_POINT('',(138.4,-96.95,1.05));
#37 = DIRECTION('',(0.,-0.,1.));
#38 = DIRECTION('',(1.110223024625E-16,1.,0.));
#39 = AXIS2_PLACEMENT_3D('',#40,#41,#42);
#40 = CARTESIAN_POINT('',(132.95,-98.65,1.05));
#41 = DIRECTION('',(0.,0.,1.));
#42 = DIRECTION('',(-1.,1.224646799147E-16,0.));
#43 = AXIS2_PLACEMENT_3D('',#44,#45,#46);
#44 = CARTESIAN_POINT('',(139.65,-96.45,1.05));
#45 = DIRECTION('',(0.,-0.,1.));
#46 = DIRECTION('',(1.110223024625E-16,1.,0.));
#47 = AXIS2_PLACEMENT_3D('',#48,#49,#50);
#48 = CARTESIAN_POINT('',(131.57,-96.675,-5.E-02));
#49 = DIRECTION('',(0.,1.,-2.334869823773E-16));
#50 = DIRECTION('',(1.,0.,0.));
#51 = AXIS2_PLACEMENT_3D('',#52,#53,#54);
#52 = CARTESIAN_POINT('',(0.,0.,0.));
#53 = DIRECTION('',(0.,0.,1.));
#54 = DIRECTION('',(1.,0.,-0.));
#55 = ( GEOMETRIC_REPRESENTATION_CONTEXT(3) 
GLOBAL_UNCERTAINTY_ASSIGNED_CONTEXT((#59)) GLOBAL_UNIT_ASSIGNED_CONTEXT(
(#56,#57,#58)) REPRESENTATION_CONTEXT('Context #1',
  '3D Context with UNIT and UNCERTAINTY') );
#56 = ( LENGTH_UNIT() NAMED_UNIT(*) SI_UNIT(.MILLI.,.METRE.) );
#57 = ( NAMED_UNIT(*) PLANE_ANGLE_UNIT() SI_UNIT($,.RADIAN.) );
#58 = ( NAMED_UNIT(*) SI_UNIT($,.STERADIAN.) SOLID_ANGLE_UNIT() );
#59 = UNCERTAINTY_MEASURE_WITH_UNIT(LENGTH_MEASURE(5.E-06),#56,
  'distance_accuracy_value','confusion accuracy');
#60 = PRODUCT_RELATED_PRODUCT_CATEGORY('part',$,(#7));
#61 = SHAPE_DEFINITION_REPRESENTATION(#62,#68);
#62 = PRODUCT_DEFINITION_SHAPE('','',#63);
#63 = PRODUCT_DEFINITION('design','',#64,#67);
#64 = PRODUCT_DEFINITION_FORMATION('','',#65);
#65 = PRODUCT('C_0603_1608Metric','C_0603_1608Metric','',(#66));
#66 = PRODUCT_CONTEXT('',#2,'mechanical');
#67 = PRODUCT_DEFINITION_CONTEXT('part definition',#2,'design');
#68 = SHAPE_REPRESENTATION('',(#11,#69),#73);
#69 = AXIS2_PLACEMENT_3D('',#70,#71,#72);
#70 = CARTESIAN_POINT('',(0.,0.,0.));
#71 = DIRECTION('',(0.,0.,1.));
#72 = DIRECTION('',(1.,0.,-0.));
#73 = ( GEOMETRIC_REPRESENTATION_CONTEXT(3) 
GLOBAL_UNCERTAINTY_ASSIGNED_CONTEXT((#77)) GLOBAL_UNIT_ASSIGNED_CONTEXT(
(#74,#75,#76)) REPRESENTATION_CONTEXT('Context #1',
  '3D Context with UNIT and UNCERTAINTY') );
#74 = ( LENGTH_UNIT() NAMED_UNIT(*) SI_UNIT(.MILLI.,.METRE.) );
#75 = ( NAMED_UNIT(*) PLANE_ANGLE_UNIT() SI_UNIT($,.RADIAN.) );
#76 = ( NAMED_UNIT(*) SI_UNIT($,.STERADIAN.) SOLID_ANGLE_UNIT() );
#77 = UNCERTAINTY_MEASURE_WITH_UNIT(LENGTH_MEASURE(1.E-07),#74,
  'distance_accuracy_value','confusion accuracy');
#78 = CONTEXT_DEPENDENT_SHAPE_REPRESENTATION(#79,#81);
#79 = ( REPRESENTATION_RELATIONSHIP('','',#68,#10) 
REPRESENTATION_RELATIONSHIP_WITH_TRANSFORMATION(#80) 
SHAPE_REPRESENTATION_RELATIONSHIP() );
#80 = ITEM_DEFINED_TRANSFORMATION('','',#11,#15);
#81 = PRODUCT_DEFINITION_SHAPE('Placement','Placement of an item',#82);
#82 = NEXT_ASSEMBLY_USAGE_OCCURRENCE('2','C2','',#5,#63,$);
#83 = PRODUCT_RELATED_PRODUCT_CATEGORY('part',$,(#65));
#84 = SHAPE_DEFINITION_REPRESENTATION(#85,#91);
#85 = PRODUCT_DEFINITION_SHAPE('','',#86);
#86 = PRODUCT_DEFINITION('design','',#87,#90);
#87 = PRODUCT_DEFINITION_FORMATION('','',#88);
#88 = PRODUCT('C_0603_1608Metric','C_0603_1608Metric','',(#89));
#89 = PRODUCT_CONTEXT('',#2,'mechanical');
#90 = PRODUCT_DEFINITION_CONTEXT('part definition',#2,'design');
#91 = ADVANCED_BREP_SHAPE_REPRESENTATION('',(#11,#92),#946);
#92 = MANIFOLD_SOLID_BREP('',#93);
#93 = CLOSED_SHELL('',(#94,#170,#201,#226,#251,#275,#299,#324,#349,#366,
    #452,#484,#508,#533,#557,#582,#606,#631,#648,#734,#765,#790,#815,
    #839,#863,#888,#913,#930));
#94 = ADVANCED_FACE('',(#95),#165,.F.);
#95 = FACE_BOUND('',#96,.F.);
#96 = EDGE_LOOP('',(#97,#107,#116,#124,#133,#141,#150,#158));
#97 = ORIENTED_EDGE('',*,*,#98,.F.);
#98 = EDGE_CURVE('',#99,#101,#103,.T.);
#99 = VERTEX_POINT('',#100);
#100 = CARTESIAN_POINT('',(-0.8,-0.4,3.E-02));
#101 = VERTEX_POINT('',#102);
#102 = CARTESIAN_POINT('',(-0.8,-0.4,0.77));
#103 = LINE('',#104,#105);
#104 = CARTESIAN_POINT('',(-0.8,-0.4,0.));
#105 = VECTOR('',#106,1.);
#106 = DIRECTION('',(0.,0.,1.));
#107 = ORIENTED_EDGE('',*,*,#108,.T.);
#108 = EDGE_CURVE('',#99,#109,#111,.T.);
#109 = VERTEX_POINT('',#110);
#110 = CARTESIAN_POINT('',(-0.8,-0.37,0.));
#111 = CIRCLE('',#112,3.E-02);
#112 = AXIS2_PLACEMENT_3D('',#113,#114,#115);
#113 = CARTESIAN_POINT('',(-0.8,-0.37,3.E-02));
#114 = DIRECTION('',(1.,0.,-0.));
#115 = DIRECTION('',(0.,0.,1.));
#116 = ORIENTED_EDGE('',*,*,#117,.T.);
#117 = EDGE_CURVE('',#109,#118,#120,.T.);
#118 = VERTEX_POINT('',#119);
#119 = CARTESIAN_POINT('',(-0.8,0.37,0.));
#120 = LINE('',#121,#122);
#121 = CARTESIAN_POINT('',(-0.8,-0.4,0.));
#122 = VECTOR('',#123,1.);
#123 = DIRECTION('',(0.,1.,0.));
#124 = ORIENTED_EDGE('',*,*,#125,.F.);
#125 = EDGE_CURVE('',#126,#118,#128,.T.);
#126 = VERTEX_POINT('',#127);
#127 = CARTESIAN_POINT('',(-0.8,0.4,3.E-02));
#128 = CIRCLE('',#129,3.E-02);
#129 = AXIS2_PLACEMENT_3D('',#130,#131,#132);
#130 = CARTESIAN_POINT('',(-0.8,0.37,3.E-02));
#131 = DIRECTION('',(-1.,0.,0.));
#132 = DIRECTION('',(0.,0.,1.));
#133 = ORIENTED_EDGE('',*,*,#134,.T.);
#134 = EDGE_CURVE('',#126,#135,#137,.T.);
#135 = VERTEX_POINT('',#136);
#136 = CARTESIAN_POINT('',(-0.8,0.4,0.77));
#137 = LINE('',#138,#139);
#138 = CARTESIAN_POINT('',(-0.8,0.4,0.));
#139 = VECTOR('',#140,1.);
#140 = DIRECTION('',(0.,0.,1.));
#141 = ORIENTED_EDGE('',*,*,#142,.T.);
#142 = EDGE_CURVE('',#135,#143,#145,.T.);
#143 = VERTEX_POINT('',#144);
#144 = CARTESIAN_POINT('',(-0.8,0.37,0.8));
#145 = CIRCLE('',#146,3.E-02);
#146 = AXIS2_PLACEMENT_3D('',#147,#148,#149);
#147 = CARTESIAN_POINT('',(-0.8,0.37,0.77));
#148 = DIRECTION('',(1.,0.,-0.));
#149 = DIRECTION('',(0.,0.,1.));
#150 = ORIENTED_EDGE('',*,*,#151,.F.);
#151 = EDGE_CURVE('',#152,#143,#154,.T.);
#152 = VERTEX_POINT('',#153);
#153 = CARTESIAN_POINT('',(-0.8,-0.37,0.8));
#154 = LINE('',#155,#156);
#155 = CARTESIAN_POINT('',(-0.8,-0.4,0.8));
#156 = VECTOR('',#157,1.);
#157 = DIRECTION('',(0.,1.,0.));
#158 = ORIENTED_EDGE('',*,*,#159,.F.);
#159 = EDGE_CURVE('',#101,#152,#160,.T.);
#160 = CIRCLE('',#161,3.E-02);
#161 = AXIS2_PLACEMENT_3D('',#162,#163,#164);
#162 = CARTESIAN_POINT('',(-0.8,-0.37,0.77));
#163 = DIRECTION('',(-1.,0.,0.));
#164 = DIRECTION('',(0.,0.,1.));
#165 = PLANE('',#166);
#166 = AXIS2_PLACEMENT_3D('',#167,#168,#169);
#167 = CARTESIAN_POINT('',(-0.8,-0.4,0.));
#168 = DIRECTION('',(1.,0.,0.));
#169 = DIRECTION('',(0.,0.,1.));
#170 = ADVANCED_FACE('',(#171),#196,.F.);
#171 = FACE_BOUND('',#172,.F.);
#172 = EDGE_LOOP('',(#173,#183,#189,#190));
#173 = ORIENTED_EDGE('',*,*,#174,.F.);
#174 = EDGE_CURVE('',#175,#177,#179,.T.);
#175 = VERTEX_POINT('',#176);
#176 = CARTESIAN_POINT('',(-0.5,-0.4,3.E-02));
#177 = VERTEX_POINT('',#178);
#178 = CARTESIAN_POINT('',(-0.5,-0.4,0.77));
#179 = LINE('',#180,#181);
#180 = CARTESIAN_POINT('',(-0.5,-0.4,0.));
#181 = VECTOR('',#182,1.);
#182 = DIRECTION('',(0.,0.,1.));
#183 = ORIENTED_EDGE('',*,*,#184,.F.);
#184 = EDGE_CURVE('',#99,#175,#185,.T.);
#185 = LINE('',#186,#187);
#186 = CARTESIAN_POINT('',(-0.8,-0.4,3.E-02));
#187 = VECTOR('',#188,1.);
#188 = DIRECTION('',(1.,0.,0.));
#189 = ORIENTED_EDGE('',*,*,#98,.T.);
#190 = ORIENTED_EDGE('',*,*,#191,.T.);
#191 = EDGE_CURVE('',#101,#177,#192,.T.);
#192 = LINE('',#193,#194);
#193 = CARTESIAN_POINT('',(-0.8,-0.4,0.77));
#194 = VECTOR('',#195,1.);
#195 = DIRECTION('',(1.,0.,0.));
#196 = PLANE('',#197);
#197 = AXIS2_PLACEMENT_3D('',#198,#199,#200);
#198 = CARTESIAN_POINT('',(-0.8,-0.4,0.));
#199 = DIRECTION('',(0.,1.,0.));
#200 = DIRECTION('',(0.,-0.,1.));
#201 = ADVANCED_FACE('',(#202),#221,.T.);
#202 = FACE_BOUND('',#203,.T.);
#203 = EDGE_LOOP('',(#204,#205,#213,#220));
#204 = ORIENTED_EDGE('',*,*,#108,.T.);
#205 = ORIENTED_EDGE('',*,*,#206,.T.);
#206 = EDGE_CURVE('',#109,#207,#209,.T.);
#207 = VERTEX_POINT('',#208);
#208 = CARTESIAN_POINT('',(-0.5,-0.37,0.));
#209 = LINE('',#210,#211);
#210 = CARTESIAN_POINT('',(-0.8,-0.37,0.));
#211 = VECTOR('',#212,1.);
#212 = DIRECTION('',(1.,0.,0.));
#213 = ORIENTED_EDGE('',*,*,#214,.F.);
#214 = EDGE_CURVE('',#175,#207,#215,.T.);
#215 = CIRCLE('',#216,3.E-02);
#216 = AXIS2_PLACEMENT_3D('',#217,#218,#219);
#217 = CARTESIAN_POINT('',(-0.5,-0.37,3.E-02));
#218 = DIRECTION('',(1.,0.,-0.));
#219 = DIRECTION('',(0.,0.,1.));
#220 = ORIENTED_EDGE('',*,*,#184,.F.);
#221 = CYLINDRICAL_SURFACE('',#222,3.E-02);
#222 = AXIS2_PLACEMENT_3D('',#223,#224,#225);
#223 = CARTESIAN_POINT('',(-0.8,-0.37,3.E-02));
#224 = DIRECTION('',(1.,0.,0.));
#225 = DIRECTION('',(0.,-1.,0.));
#226 = ADVANCED_FACE('',(#227),#246,.T.);
#227 = FACE_BOUND('',#228,.T.);
#228 = EDGE_LOOP('',(#229,#230,#239,#245));
#229 = ORIENTED_EDGE('',*,*,#191,.T.);
#230 = ORIENTED_EDGE('',*,*,#231,.T.);
#231 = EDGE_CURVE('',#177,#232,#234,.T.);
#232 = VERTEX_POINT('',#233);
#233 = CARTESIAN_POINT('',(-0.5,-0.37,0.8));
#234 = CIRCLE('',#235,3.E-02);
#235 = AXIS2_PLACEMENT_3D('',#236,#237,#238);
#236 = CARTESIAN_POINT('',(-0.5,-0.37,0.77));
#237 = DIRECTION('',(-1.,0.,0.));
#238 = DIRECTION('',(0.,0.,1.));
#239 = ORIENTED_EDGE('',*,*,#240,.F.);
#240 = EDGE_CURVE('',#152,#232,#241,.T.);
#241 = LINE('',#242,#243);
#242 = CARTESIAN_POINT('',(-0.8,-0.37,0.8));
#243 = VECTOR('',#244,1.);
#244 = DIRECTION('',(1.,0.,0.));
#245 = ORIENTED_EDGE('',*,*,#159,.F.);
#246 = CYLINDRICAL_SURFACE('',#247,3.E-02);
#247 = AXIS2_PLACEMENT_3D('',#248,#249,#250);
#248 = CARTESIAN_POINT('',(-0.8,-0.37,0.77));
#249 = DIRECTION('',(1.,0.,0.));
#250 = DIRECTION('',(0.,-1.,0.));
#251 = ADVANCED_FACE('',(#252),#270,.F.);
#252 = FACE_BOUND('',#253,.F.);
#253 = EDGE_LOOP('',(#254,#255,#256,#264));
#254 = ORIENTED_EDGE('',*,*,#117,.F.);
#255 = ORIENTED_EDGE('',*,*,#206,.T.);
#256 = ORIENTED_EDGE('',*,*,#257,.T.);
#257 = EDGE_CURVE('',#207,#258,#260,.T.);
#258 = VERTEX_POINT('',#259);
#259 = CARTESIAN_POINT('',(-0.5,0.37,0.));
#260 = LINE('',#261,#262);
#261 = CARTESIAN_POINT('',(-0.5,-0.4,0.));
#262 = VECTOR('',#263,1.);
#263 = DIRECTION('',(0.,1.,0.));
#264 = ORIENTED_EDGE('',*,*,#265,.F.);
#265 = EDGE_CURVE('',#118,#258,#266,.T.);
#266 = LINE('',#267,#268);
#267 = CARTESIAN_POINT('',(-0.8,0.37,0.));
#268 = VECTOR('',#269,1.);
#269 = DIRECTION('',(1.,0.,0.));
#270 = PLANE('',#271);
#271 = AXIS2_PLACEMENT_3D('',#272,#273,#274);
#272 = CARTESIAN_POINT('',(-0.8,-0.4,0.));
#273 = DIRECTION('',(0.,0.,1.));
#274 = DIRECTION('',(1.,0.,-0.));
#275 = ADVANCED_FACE('',(#276),#294,.T.);
#276 = FACE_BOUND('',#277,.T.);
#277 = EDGE_LOOP('',(#278,#279,#280,#288));
#278 = ORIENTED_EDGE('',*,*,#151,.F.);
#279 = ORIENTED_EDGE('',*,*,#240,.T.);
#280 = ORIENTED_EDGE('',*,*,#281,.T.);
#281 = EDGE_CURVE('',#232,#282,#284,.T.);
#282 = VERTEX_POINT('',#283);
#283 = CARTESIAN_POINT('',(-0.5,0.37,0.8));
#284 = LINE('',#285,#286);
#285 = CARTESIAN_POINT('',(-0.5,-0.4,0.8));
#286 = VECTOR('',#287,1.);
#287 = DIRECTION('',(0.,1.,0.));
#288 = ORIENTED_EDGE('',*,*,#289,.F.);
#289 = EDGE_CURVE('',#143,#282,#290,.T.);
#290 = LINE('',#291,#292);
#291 = CARTESIAN_POINT('',(-0.8,0.37,0.8));
#292 = VECTOR('',#293,1.);
#293 = DIRECTION('',(1.,0.,0.));
#294 = PLANE('',#295);
#295 = AXIS2_PLACEMENT_3D('',#296,#297,#298);
#296 = CARTESIAN_POINT('',(-0.8,-0.4,0.8));
#297 = DIRECTION('',(0.,0.,1.));
#298 = DIRECTION('',(1.,0.,-0.));
#299 = ADVANCED_FACE('',(#300),#319,.T.);
#300 = FACE_BOUND('',#301,.T.);
#301 = EDGE_LOOP('',(#302,#310,#317,#318));
#302 = ORIENTED_EDGE('',*,*,#303,.T.);
#303 = EDGE_CURVE('',#126,#304,#306,.T.);
#304 = VERTEX_POINT('',#305);
#305 = CARTESIAN_POINT('',(-0.5,0.4,3.E-02));
#306 = LINE('',#307,#308);
#307 = CARTESIAN_POINT('',(-0.8,0.4,3.E-02));
#308 = VECTOR('',#309,1.);
#309 = DIRECTION('',(1.,0.,0.));
#310 = ORIENTED_EDGE('',*,*,#311,.T.);
#311 = EDGE_CURVE('',#304,#258,#312,.T.);
#312 = CIRCLE('',#313,3.E-02);
#313 = AXIS2_PLACEMENT_3D('',#314,#315,#316);
#314 = CARTESIAN_POINT('',(-0.5,0.37,3.E-02));
#315 = DIRECTION('',(-1.,0.,0.));
#316 = DIRECTION('',(0.,0.,1.));
#317 = ORIENTED_EDGE('',*,*,#265,.F.);
#318 = ORIENTED_EDGE('',*,*,#125,.F.);
#319 = CYLINDRICAL_SURFACE('',#320,3.E-02);
#320 = AXIS2_PLACEMENT_3D('',#321,#322,#323);
#321 = CARTESIAN_POINT('',(-0.8,0.37,3.E-02));
#322 = DIRECTION('',(1.,0.,0.));
#323 = DIRECTION('',(-0.,1.,0.));
#324 = ADVANCED_FACE('',(#325),#344,.T.);
#325 = FACE_BOUND('',#326,.T.);
#326 = EDGE_LOOP('',(#327,#328,#329,#338));
#327 = ORIENTED_EDGE('',*,*,#142,.T.);
#328 = ORIENTED_EDGE('',*,*,#289,.T.);
#329 = ORIENTED_EDGE('',*,*,#330,.F.);
#330 = EDGE_CURVE('',#331,#282,#333,.T.);
#331 = VERTEX_POINT('',#332);
#332 = CARTESIAN_POINT('',(-0.5,0.4,0.77));
#333 = CIRCLE('',#334,3.E-02);
#334 = AXIS2_PLACEMENT_3D('',#335,#336,#337);
#335 = CARTESIAN_POINT('',(-0.5,0.37,0.77));
#336 = DIRECTION('',(1.,0.,-0.));
#337 = DIRECTION('',(0.,0.,1.));
#338 = ORIENTED_EDGE('',*,*,#339,.F.);
#339 = EDGE_CURVE('',#135,#331,#340,.T.);
#340 = LINE('',#341,#342);
#341 = CARTESIAN_POINT('',(-0.8,0.4,0.77));
#342 = VECTOR('',#343,1.);
#343 = DIRECTION('',(1.,0.,0.));
#344 = CYLINDRICAL_SURFACE('',#345,3.E-02);
#345 = AXIS2_PLACEMENT_3D('',#346,#347,#348);
#346 = CARTESIAN_POINT('',(-0.8,0.37,0.77));
#347 = DIRECTION('',(1.,0.,0.));
#348 = DIRECTION('',(-0.,1.,0.));
#349 = ADVANCED_FACE('',(#350),#361,.T.);
#350 = FACE_BOUND('',#351,.T.);
#351 = EDGE_LOOP('',(#352,#358,#359,#360));
#352 = ORIENTED_EDGE('',*,*,#353,.F.);
#353 = EDGE_CURVE('',#304,#331,#354,.T.);
#354 = LINE('',#355,#356);
#355 = CARTESIAN_POINT('',(-0.5,0.4,0.));
#356 = VECTOR('',#357,1.);
#357 = DIRECTION('',(0.,0.,1.));
#358 = ORIENTED_EDGE('',*,*,#303,.F.);
#359 = ORIENTED_EDGE('',*,*,#134,.T.);
#360 = ORIENTED_EDGE('',*,*,#339,.T.);
#361 = PLANE('',#362);
#362 = AXIS2_PLACEMENT_3D('',#363,#364,#365);
#363 = CARTESIAN_POINT('',(-0.8,0.4,0.));
#364 = DIRECTION('',(0.,1.,0.));
#365 = DIRECTION('',(0.,-0.,1.));
#366 = ADVANCED_FACE('',(#367,#377),#447,.T.);
#367 = FACE_BOUND('',#368,.T.);
#368 = EDGE_LOOP('',(#369,#370,#371,#372,#373,#374,#375,#376));
#369 = ORIENTED_EDGE('',*,*,#174,.F.);
#370 = ORIENTED_EDGE('',*,*,#214,.T.);
#371 = ORIENTED_EDGE('',*,*,#257,.T.);
#372 = ORIENTED_EDGE('',*,*,#311,.F.);
#373 = ORIENTED_EDGE('',*,*,#353,.T.);
#374 = ORIENTED_EDGE('',*,*,#330,.T.);
#375 = ORIENTED_EDGE('',*,*,#281,.F.);
#376 = ORIENTED_EDGE('',*,*,#231,.F.);
#377 = FACE_BOUND('',#378,.T.);
#378 = EDGE_LOOP('',(#379,#390,#398,#407,#415,#424,#432,#441));
#379 = ORIENTED_EDGE('',*,*,#380,.F.);
#380 = EDGE_CURVE('',#381,#383,#385,.T.);
#381 = VERTEX_POINT('',#382);
#382 = CARTESIAN_POINT('',(-0.5,-0.37,6.E-02));
#383 = VERTEX_POINT('',#384);
#384 = CARTESIAN_POINT('',(-0.5,-0.34,3.E-02));
#385 = CIRCLE('',#386,3.E-02);
#386 = AXIS2_PLACEMENT_3D('',#387,#388,#389);
#387 = CARTESIAN_POINT('',(-0.5,-0.34,6.E-02));
#388 = DIRECTION('',(1.,0.,-0.));
#389 = DIRECTION('',(0.,0.,1.));
#390 = ORIENTED_EDGE('',*,*,#391,.T.);
#391 = EDGE_CURVE('',#381,#392,#394,.T.);
#392 = VERTEX_POINT('',#393);
#393 = CARTESIAN_POINT('',(-0.5,-0.37,0.74));
#394 = LINE('',#395,#396);
#395 = CARTESIAN_POINT('',(-0.5,-0.37,3.E-02));
#396 = VECTOR('',#397,1.);
#397 = DIRECTION('',(0.,0.,1.));
#398 = ORIENTED_EDGE('',*,*,#399,.T.);
#399 = EDGE_CURVE('',#392,#400,#402,.T.);
#400 = VERTEX_POINT('',#401);
#401 = CARTESIAN_POINT('',(-0.5,-0.34,0.77));
#402 = CIRCLE('',#403,3.E-02);
#403 = AXIS2_PLACEMENT_3D('',#404,#405,#406);
#404 = CARTESIAN_POINT('',(-0.5,-0.34,0.74));
#405 = DIRECTION('',(-1.,0.,0.));
#406 = DIRECTION('',(0.,0.,1.));
#407 = ORIENTED_EDGE('',*,*,#408,.T.);
#408 = EDGE_CURVE('',#400,#409,#411,.T.);
#409 = VERTEX_POINT('',#410);
#410 = CARTESIAN_POINT('',(-0.5,0.34,0.77));
#411 = LINE('',#412,#413);
#412 = CARTESIAN_POINT('',(-0.5,-0.37,0.77));
#413 = VECTOR('',#414,1.);
#414 = DIRECTION('',(0.,1.,0.));
#415 = ORIENTED_EDGE('',*,*,#416,.F.);
#416 = EDGE_CURVE('',#417,#409,#419,.T.);
#417 = VERTEX_POINT('',#418);
#418 = CARTESIAN_POINT('',(-0.5,0.37,0.74));
#419 = CIRCLE('',#420,3.E-02);
#420 = AXIS2_PLACEMENT_3D('',#421,#422,#423);
#421 = CARTESIAN_POINT('',(-0.5,0.34,0.74));
#422 = DIRECTION('',(1.,0.,-0.));
#423 = DIRECTION('',(0.,0.,1.));
#424 = ORIENTED_EDGE('',*,*,#425,.F.);
#425 = EDGE_CURVE('',#426,#417,#428,.T.);
#426 = VERTEX_POINT('',#427);
#427 = CARTESIAN_POINT('',(-0.5,0.37,6.E-02));
#428 = LINE('',#429,#430);
#429 = CARTESIAN_POINT('',(-0.5,0.37,3.E-02));
#430 = VECTOR('',#431,1.);
#431 = DIRECTION('',(0.,0.,1.));
#432 = ORIENTED_EDGE('',*,*,#433,.T.);
#433 = EDGE_CURVE('',#426,#434,#436,.T.);
#434 = VERTEX_POINT('',#435);
#435 = CARTESIAN_POINT('',(-0.5,0.34,3.E-02));
#436 = CIRCLE('',#437,3.E-02);
#437 = AXIS2_PLACEMENT_3D('',#438,#439,#440);
#438 = CARTESIAN_POINT('',(-0.5,0.34,6.E-02));
#439 = DIRECTION('',(-1.,0.,0.));
#440 = DIRECTION('',(0.,0.,1.));
#441 = ORIENTED_EDGE('',*,*,#442,.F.);
#442 = EDGE_CURVE('',#383,#434,#443,.T.);
#443 = LINE('',#444,#445);
#444 = CARTESIAN_POINT('',(-0.5,-0.37,3.E-02));
#445 = VECTOR('',#446,1.);
#446 = DIRECTION('',(0.,1.,0.));
#447 = PLANE('',#448);
#448 = AXIS2_PLACEMENT_3D('',#449,#450,#451);
#449 = CARTESIAN_POINT('',(-0.5,-0.4,0.));
#450 = DIRECTION('',(1.,0.,0.));
#451 = DIRECTION('',(0.,0.,1.));
#452 = ADVANCED_FACE('',(#453),#479,.T.);
#453 = FACE_BOUND('',#454,.T.);
#454 = EDGE_LOOP('',(#455,#456,#464,#473));
#455 = ORIENTED_EDGE('',*,*,#380,.T.);
#456 = ORIENTED_EDGE('',*,*,#457,.T.);
#457 = EDGE_CURVE('',#383,#458,#460,.T.);
#458 = VERTEX_POINT('',#459);
#459 = CARTESIAN_POINT('',(0.5,-0.34,3.E-02));
#460 = LINE('',#461,#462);
#461 = CARTESIAN_POINT('',(-0.5,-0.34,3.E-02));
#462 = VECTOR('',#463,1.);
#463 = DIRECTION('',(1.,0.,0.));
#464 = ORIENTED_EDGE('',*,*,#465,.F.);
#465 = EDGE_CURVE('',#466,#458,#468,.T.);
#466 = VERTEX_POINT('',#467);
#467 = CARTESIAN_POINT('',(0.5,-0.37,6.E-02));
#468 = CIRCLE('',#469,3.E-02);
#469 = AXIS2_PLACEMENT_3D('',#470,#471,#472);
#470 = CARTESIAN_POINT('',(0.5,-0.34,6.E-02));
#471 = DIRECTION('',(1.,0.,-0.));
#472 = DIRECTION('',(0.,0.,1.));
#473 = ORIENTED_EDGE('',*,*,#474,.F.);
#474 = EDGE_CURVE('',#381,#466,#475,.T.);
#475 = LINE('',#476,#477);
#476 = CARTESIAN_POINT('',(-0.5,-0.37,6.E-02));
#477 = VECTOR('',#478,1.);
#478 = DIRECTION('',(1.,0.,0.));
#479 = CYLINDRICAL_SURFACE('',#480,3.E-02);
#480 = AXIS2_PLACEMENT_3D('',#481,#482,#483);
#481 = CARTESIAN_POINT('',(-0.5,-0.34,6.E-02));
#482 = DIRECTION('',(1.,0.,0.));
#483 = DIRECTION('',(0.,-1.,0.));
#484 = ADVANCED_FACE('',(#485),#503,.F.);
#485 = FACE_BOUND('',#486,.F.);
#486 = EDGE_LOOP('',(#487,#488,#489,#497));
#487 = ORIENTED_EDGE('',*,*,#442,.F.);
#488 = ORIENTED_EDGE('',*,*,#457,.T.);
#489 = ORIENTED_EDGE('',*,*,#490,.T.);
#490 = EDGE_CURVE('',#458,#491,#493,.T.);
#491 = VERTEX_POINT('',#492);
#492 = CARTESIAN_POINT('',(0.5,0.34,3.E-02));
#493 = LINE('',#494,#495);
#494 = CARTESIAN_POINT('',(0.5,-0.37,3.E-02));
#495 = VECTOR('',#496,1.);
#496 = DIRECTION('',(0.,1.,0.));
#497 = ORIENTED_EDGE('',*,*,#498,.F.);
#498 = EDGE_CURVE('',#434,#491,#499,.T.);
#499 = LINE('',#500,#501);
#500 = CARTESIAN_POINT('',(-0.5,0.34,3.E-02));
#501 = VECTOR('',#502,1.);
#502 = DIRECTION('',(1.,0.,0.));
#503 = PLANE('',#504);
#504 = AXIS2_PLACEMENT_3D('',#505,#506,#507);
#505 = CARTESIAN_POINT('',(-0.5,-0.37,3.E-02));
#506 = DIRECTION('',(0.,0.,1.));
#507 = DIRECTION('',(1.,0.,-0.));
#508 = ADVANCED_FACE('',(#509),#528,.T.);
#509 = FACE_BOUND('',#510,.T.);
#510 = EDGE_LOOP('',(#511,#519,#526,#527));
#511 = ORIENTED_EDGE('',*,*,#512,.T.);
#512 = EDGE_CURVE('',#426,#513,#515,.T.);
#513 = VERTEX_POINT('',#514);
#514 = CARTESIAN_POINT('',(0.5,0.37,6.E-02));
#515 = LINE('',#516,#517);
#516 = CARTESIAN_POINT('',(-0.5,0.37,6.E-02));
#517 = VECTOR('',#518,1.);
#518 = DIRECTION('',(1.,0.,0.));
#519 = ORIENTED_EDGE('',*,*,#520,.T.);
#520 = EDGE_CURVE('',#513,#491,#521,.T.);
#521 = CIRCLE('',#522,3.E-02);
#522 = AXIS2_PLACEMENT_3D('',#523,#524,#525);
#523 = CARTESIAN_POINT('',(0.5,0.34,6.E-02));
#524 = DIRECTION('',(-1.,0.,0.));
#525 = DIRECTION('',(0.,0.,1.));
#526 = ORIENTED_EDGE('',*,*,#498,.F.);
#527 = ORIENTED_EDGE('',*,*,#433,.F.);
#528 = CYLINDRICAL_SURFACE('',#529,3.E-02);
#529 = AXIS2_PLACEMENT_3D('',#530,#531,#532);
#530 = CARTESIAN_POINT('',(-0.5,0.34,6.E-02));
#531 = DIRECTION('',(1.,0.,0.));
#532 = DIRECTION('',(-0.,1.,0.));
#533 = ADVANCED_FACE('',(#534),#552,.T.);
#534 = FACE_BOUND('',#535,.T.);
#535 = EDGE_LOOP('',(#536,#544,#545,#546));
#536 = ORIENTED_EDGE('',*,*,#537,.F.);
#537 = EDGE_CURVE('',#513,#538,#540,.T.);
#538 = VERTEX_POINT('',#539);
#539 = CARTESIAN_POINT('',(0.5,0.37,0.74));
#540 = LINE('',#541,#542);
#541 = CARTESIAN_POINT('',(0.5,0.37,3.E-02));
#542 = VECTOR('',#543,1.);
#543 = DIRECTION('',(0.,0.,1.));
#544 = ORIENTED_EDGE('',*,*,#512,.F.);
#545 = ORIENTED_EDGE('',*,*,#425,.T.);
#546 = ORIENTED_EDGE('',*,*,#547,.T.);
#547 = EDGE_CURVE('',#417,#538,#548,.T.);
#548 = LINE('',#549,#550);
#549 = CARTESIAN_POINT('',(-0.5,0.37,0.74));
#550 = VECTOR('',#551,1.);
#551 = DIRECTION('',(1.,0.,0.));
#552 = PLANE('',#553);
#553 = AXIS2_PLACEMENT_3D('',#554,#555,#556);
#554 = CARTESIAN_POINT('',(-0.5,0.37,3.E-02));
#555 = DIRECTION('',(0.,1.,0.));
#556 = DIRECTION('',(0.,-0.,1.));
#557 = ADVANCED_FACE('',(#558),#577,.T.);
#558 = FACE_BOUND('',#559,.T.);
#559 = EDGE_LOOP('',(#560,#561,#569,#576));
#560 = ORIENTED_EDGE('',*,*,#416,.T.);
#561 = ORIENTED_EDGE('',*,*,#562,.T.);
#562 = EDGE_CURVE('',#409,#563,#565,.T.);
#563 = VERTEX_POINT('',#564);
#564 = CARTESIAN_POINT('',(0.5,0.34,0.77));
#565 = LINE('',#566,#567);
#566 = CARTESIAN_POINT('',(-0.5,0.34,0.77));
#567 = VECTOR('',#568,1.);
#568 = DIRECTION('',(1.,0.,0.));
#569 = ORIENTED_EDGE('',*,*,#570,.F.);
#570 = EDGE_CURVE('',#538,#563,#571,.T.);
#571 = CIRCLE('',#572,3.E-02);
#572 = AXIS2_PLACEMENT_3D('',#573,#574,#575);
#573 = CARTESIAN_POINT('',(0.5,0.34,0.74));
#574 = DIRECTION('',(1.,0.,-0.));
#575 = DIRECTION('',(0.,0.,1.));
#576 = ORIENTED_EDGE('',*,*,#547,.F.);
#577 = CYLINDRICAL_SURFACE('',#578,3.E-02);
#578 = AXIS2_PLACEMENT_3D('',#579,#580,#581);
#579 = CARTESIAN_POINT('',(-0.5,0.34,0.74));
#580 = DIRECTION('',(1.,0.,0.));
#581 = DIRECTION('',(-0.,1.,0.));
#582 = ADVANCED_FACE('',(#583),#601,.T.);
#583 = FACE_BOUND('',#584,.T.);
#584 = EDGE_LOOP('',(#585,#586,#594,#600));
#585 = ORIENTED_EDGE('',*,*,#408,.F.);
#586 = ORIENTED_EDGE('',*,*,#587,.T.);
#587 = EDGE_CURVE('',#400,#588,#590,.T.);
#588 = VERTEX_POINT('',#589);
#589 = CARTESIAN_POINT('',(0.5,-0.34,0.77));
#590 = LINE('',#591,#592);
#591 = CARTESIAN_POINT('',(-0.5,-0.34,0.77));
#592 = VECTOR('',#593,1.);
#593 = DIRECTION('',(1.,0.,0.));
#594 = ORIENTED_EDGE('',*,*,#595,.T.);
#595 = EDGE_CURVE('',#588,#563,#596,.T.);
#596 = LINE('',#597,#598);
#597 = CARTESIAN_POINT('',(0.5,-0.37,0.77));
#598 = VECTOR('',#599,1.);
#599 = DIRECTION('',(0.,1.,0.));
#600 = ORIENTED_EDGE('',*,*,#562,.F.);
#601 = PLANE('',#602);
#602 = AXIS2_PLACEMENT_3D('',#603,#604,#605);
#603 = CARTESIAN_POINT('',(-0.5,-0.37,0.77));
#604 = DIRECTION('',(0.,0.,1.));
#605 = DIRECTION('',(1.,0.,-0.));
#606 = ADVANCED_FACE('',(#607),#626,.T.);
#607 = FACE_BOUND('',#608,.T.);
#608 = EDGE_LOOP('',(#609,#617,#624,#625));
#609 = ORIENTED_EDGE('',*,*,#610,.T.);
#610 = EDGE_CURVE('',#392,#611,#613,.T.);
#611 = VERTEX_POINT('',#612);
#612 = CARTESIAN_POINT('',(0.5,-0.37,0.74));
#613 = LINE('',#614,#615);
#614 = CARTESIAN_POINT('',(-0.5,-0.37,0.74));
#615 = VECTOR('',#616,1.);
#616 = DIRECTION('',(1.,0.,0.));
#617 = ORIENTED_EDGE('',*,*,#618,.T.);
#618 = EDGE_CURVE('',#611,#588,#619,.T.);
#619 = CIRCLE('',#620,3.E-02);
#620 = AXIS2_PLACEMENT_3D('',#621,#622,#623);
#621 = CARTESIAN_POINT('',(0.5,-0.34,0.74));
#622 = DIRECTION('',(-1.,0.,0.));
#623 = DIRECTION('',(0.,0.,1.));
#624 = ORIENTED_EDGE('',*,*,#587,.F.);
#625 = ORIENTED_EDGE('',*,*,#399,.F.);
#626 = CYLINDRICAL_SURFACE('',#627,3.E-02);
#627 = AXIS2_PLACEMENT_3D('',#628,#629,#630);
#628 = CARTESIAN_POINT('',(-0.5,-0.34,0.74));
#629 = DIRECTION('',(1.,0.,0.));
#630 = DIRECTION('',(0.,-1.,0.));
#631 = ADVANCED_FACE('',(#632),#643,.F.);
#632 = FACE_BOUND('',#633,.F.);
#633 = EDGE_LOOP('',(#634,#640,#641,#642));
#634 = ORIENTED_EDGE('',*,*,#635,.F.);
#635 = EDGE_CURVE('',#466,#611,#636,.T.);
#636 = LINE('',#637,#638);
#637 = CARTESIAN_POINT('',(0.5,-0.37,3.E-02));
#638 = VECTOR('',#639,1.);
#639 = DIRECTION('',(0.,0.,1.));
#640 = ORIENTED_EDGE('',*,*,#474,.F.);
#641 = ORIENTED_EDGE('',*,*,#391,.T.);
#642 = ORIENTED_EDGE('',*,*,#610,.T.);
#643 = PLANE('',#644);
#644 = AXIS2_PLACEMENT_3D('',#645,#646,#647);
#645 = CARTESIAN_POINT('',(-0.5,-0.37,3.E-02));
#646 = DIRECTION('',(0.,1.,0.));
#647 = DIRECTION('',(0.,-0.,1.));
#648 = ADVANCED_FACE('',(#649,#719),#729,.F.);
#649 = FACE_BOUND('',#650,.F.);
#650 = EDGE_LOOP('',(#651,#661,#670,#678,#687,#695,#704,#712));
#651 = ORIENTED_EDGE('',*,*,#652,.F.);
#652 = EDGE_CURVE('',#653,#655,#657,.T.);
#653 = VERTEX_POINT('',#654);
#654 = CARTESIAN_POINT('',(0.5,-0.4,3.E-02));
#655 = VERTEX_POINT('',#656);
#656 = CARTESIAN_POINT('',(0.5,-0.4,0.77));
#657 = LINE('',#658,#659);
#658 = CARTESIAN_POINT('',(0.5,-0.4,0.));
#659 = VECTOR('',#660,1.);
#660 = DIRECTION('',(0.,0.,1.));
#661 = ORIENTED_EDGE('',*,*,#662,.T.);
#662 = EDGE_CURVE('',#653,#663,#665,.T.);
#663 = VERTEX_POINT('',#664);
#664 = CARTESIAN_POINT('',(0.5,-0.37,0.));
#665 = CIRCLE('',#666,3.E-02);
#666 = AXIS2_PLACEMENT_3D('',#667,#668,#669);
#667 = CARTESIAN_POINT('',(0.5,-0.37,3.E-02));
#668 = DIRECTION('',(1.,0.,-0.));
#669 = DIRECTION('',(0.,0.,1.));
#670 = ORIENTED_EDGE('',*,*,#671,.T.);
#671 = EDGE_CURVE('',#663,#672,#674,.T.);
#672 = VERTEX_POINT('',#673);
#673 = CARTESIAN_POINT('',(0.5,0.37,0.));
#674 = LINE('',#675,#676);
#675 = CARTESIAN_POINT('',(0.5,-0.4,0.));
#676 = VECTOR('',#677,1.);
#677 = DIRECTION('',(0.,1.,0.));
#678 = ORIENTED_EDGE('',*,*,#679,.F.);
#679 = EDGE_CURVE('',#680,#672,#682,.T.);
#680 = VERTEX_POINT('',#681);
#681 = CARTESIAN_POINT('',(0.5,0.4,3.E-02));
#682 = CIRCLE('',#683,3.E-02);
#683 = AXIS2_PLACEMENT_3D('',#684,#685,#686);
#684 = CARTESIAN_POINT('',(0.5,0.37,3.E-02));
#685 = DIRECTION('',(-1.,0.,0.));
#686 = DIRECTION('',(0.,0.,1.));
#687 = ORIENTED_EDGE('',*,*,#688,.T.);
#688 = EDGE_CURVE('',#680,#689,#691,.T.);
#689 = VERTEX_POINT('',#690);
#690 = CARTESIAN_POINT('',(0.5,0.4,0.77));
#691 = LINE('',#692,#693);
#692 = CARTESIAN_POINT('',(0.5,0.4,0.));
#693 = VECTOR('',#694,1.);
#694 = DIRECTION('',(0.,0.,1.));
#695 = ORIENTED_EDGE('',*,*,#696,.T.);
#696 = EDGE_CURVE('',#689,#697,#699,.T.);
#697 = VERTEX_POINT('',#698);
#698 = CARTESIAN_POINT('',(0.5,0.37,0.8));
#699 = CIRCLE('',#700,3.E-02);
#700 = AXIS2_PLACEMENT_3D('',#701,#702,#703);
#701 = CARTESIAN_POINT('',(0.5,0.37,0.77));
#702 = DIRECTION('',(1.,0.,-0.));
#703 = DIRECTION('',(0.,0.,1.));
#704 = ORIENTED_EDGE('',*,*,#705,.F.);
#705 = EDGE_CURVE('',#706,#697,#708,.T.);
#706 = VERTEX_POINT('',#707);
#707 = CARTESIAN_POINT('',(0.5,-0.37,0.8));
#708 = LINE('',#709,#710);
#709 = CARTESIAN_POINT('',(0.5,-0.4,0.8));
#710 = VECTOR('',#711,1.);
#711 = DIRECTION('',(0.,1.,0.));
#712 = ORIENTED_EDGE('',*,*,#713,.F.);
#713 = EDGE_CURVE('',#655,#706,#714,.T.);
#714 = CIRCLE('',#715,3.E-02);
#715 = AXIS2_PLACEMENT_3D('',#716,#717,#718);
#716 = CARTESIAN_POINT('',(0.5,-0.37,0.77));
#717 = DIRECTION('',(-1.,0.,0.));
#718 = DIRECTION('',(0.,0.,1.));
#719 = FACE_BOUND('',#720,.F.);
#720 = EDGE_LOOP('',(#721,#722,#723,#724,#725,#726,#727,#728));
#721 = ORIENTED_EDGE('',*,*,#465,.F.);
#722 = ORIENTED_EDGE('',*,*,#635,.T.);
#723 = ORIENTED_EDGE('',*,*,#618,.T.);
#724 = ORIENTED_EDGE('',*,*,#595,.T.);
#725 = ORIENTED_EDGE('',*,*,#570,.F.);
#726 = ORIENTED_EDGE('',*,*,#537,.F.);
#727 = ORIENTED_EDGE('',*,*,#520,.T.);
#728 = ORIENTED_EDGE('',*,*,#490,.F.);
#729 = PLANE('',#730);
#730 = AXIS2_PLACEMENT_3D('',#731,#732,#733);
#731 = CARTESIAN_POINT('',(0.5,-0.4,0.));
#732 = DIRECTION('',(1.,0.,0.));
#733 = DIRECTION('',(0.,0.,1.));
#734 = ADVANCED_FACE('',(#735),#760,.F.);
#735 = FACE_BOUND('',#736,.F.);
#736 = EDGE_LOOP('',(#737,#747,#753,#754));
#737 = ORIENTED_EDGE('',*,*,#738,.F.);
#738 = EDGE_CURVE('',#739,#741,#743,.T.);
#739 = VERTEX_POINT('',#740);
#740 = CARTESIAN_POINT('',(0.8,-0.4,3.E-02));
#741 = VERTEX_POINT('',#742);
#742 = CARTESIAN_POINT('',(0.8,-0.4,0.77));
#743 = LINE('',#744,#745);
#744 = CARTESIAN_POINT('',(0.8,-0.4,0.));
#745 = VECTOR('',#746,1.);
#746 = DIRECTION('',(0.,0.,1.));
#747 = ORIENTED_EDGE('',*,*,#748,.F.);
#748 = EDGE_CURVE('',#653,#739,#749,.T.);
#749 = LINE('',#750,#751);
#750 = CARTESIAN_POINT('',(0.5,-0.4,3.E-02));
#751 = VECTOR('',#752,1.);
#752 = DIRECTION('',(1.,0.,0.));
#753 = ORIENTED_EDGE('',*,*,#652,.T.);
#754 = ORIENTED_EDGE('',*,*,#755,.T.);
#755 = EDGE_CURVE('',#655,#741,#756,.T.);
#756 = LINE('',#757,#758);
#757 = CARTESIAN_POINT('',(0.5,-0.4,0.77));
#758 = VECTOR('',#759,1.);
#759 = DIRECTION('',(1.,0.,0.));
#760 = PLANE('',#761);
#761 = AXIS2_PLACEMENT_3D('',#762,#763,#764);
#762 = CARTESIAN_POINT('',(0.5,-0.4,0.));
#763 = DIRECTION('',(0.,1.,0.));
#764 = DIRECTION('',(0.,-0.,1.));
#765 = ADVANCED_FACE('',(#766),#785,.T.);
#766 = FACE_BOUND('',#767,.T.);
#767 = EDGE_LOOP('',(#768,#769,#777,#784));
#768 = ORIENTED_EDGE('',*,*,#662,.T.);
#769 = ORIENTED_EDGE('',*,*,#770,.T.);
#770 = EDGE_CURVE('',#663,#771,#773,.T.);
#771 = VERTEX_POINT('',#772);
#772 = CARTESIAN_POINT('',(0.8,-0.37,0.));
#773 = LINE('',#774,#775);
#774 = CARTESIAN_POINT('',(0.5,-0.37,0.));
#775 = VECTOR('',#776,1.);
#776 = DIRECTION('',(1.,0.,0.));
#777 = ORIENTED_EDGE('',*,*,#778,.F.);
#778 = EDGE_CURVE('',#739,#771,#779,.T.);
#779 = CIRCLE('',#780,3.E-02);
#780 = AXIS2_PLACEMENT_3D('',#781,#782,#783);
#781 = CARTESIAN_POINT('',(0.8,-0.37,3.E-02));
#782 = DIRECTION('',(1.,0.,-0.));
#783 = DIRECTION('',(0.,0.,1.));
#784 = ORIENTED_EDGE('',*,*,#748,.F.);
#785 = CYLINDRICAL_SURFACE('',#786,3.E-02);
#786 = AXIS2_PLACEMENT_3D('',#787,#788,#789);
#787 = CARTESIAN_POINT('',(0.5,-0.37,3.E-02));
#788 = DIRECTION('',(1.,0.,0.));
#789 = DIRECTION('',(0.,-1.,0.));
#790 = ADVANCED_FACE('',(#791),#810,.T.);
#791 = FACE_BOUND('',#792,.T.);
#792 = EDGE_LOOP('',(#793,#794,#803,#809));
#793 = ORIENTED_EDGE('',*,*,#755,.T.);
#794 = ORIENTED_EDGE('',*,*,#795,.T.);
#795 = EDGE_CURVE('',#741,#796,#798,.T.);
#796 = VERTEX_POINT('',#797);
#797 = CARTESIAN_POINT('',(0.8,-0.37,0.8));
#798 = CIRCLE('',#799,3.E-02);
#799 = AXIS2_PLACEMENT_3D('',#800,#801,#802);
#800 = CARTESIAN_POINT('',(0.8,-0.37,0.77));
#801 = DIRECTION('',(-1.,0.,0.));
#802 = DIRECTION('',(0.,0.,1.));
#803 = ORIENTED_EDGE('',*,*,#804,.F.);
#804 = EDGE_CURVE('',#706,#796,#805,.T.);
#805 = LINE('',#806,#807);
#806 = CARTESIAN_POINT('',(0.5,-0.37,0.8));
#807 = VECTOR('',#808,1.);
#808 = DIRECTION('',(1.,0.,0.));
#809 = ORIENTED_EDGE('',*,*,#713,.F.);
#810 = CYLINDRICAL_SURFACE('',#811,3.E-02);
#811 = AXIS2_PLACEMENT_3D('',#812,#813,#814);
#812 = CARTESIAN_POINT('',(0.5,-0.37,0.77));
#813 = DIRECTION('',(1.,0.,0.));
#814 = DIRECTION('',(0.,-1.,0.));
#815 = ADVANCED_FACE('',(#816),#834,.F.);
#816 = FACE_BOUND('',#817,.F.);
#817 = EDGE_LOOP('',(#818,#819,#820,#828));
#818 = ORIENTED_EDGE('',*,*,#671,.F.);
#819 = ORIENTED_EDGE('',*,*,#770,.T.);
#820 = ORIENTED_EDGE('',*,*,#821,.T.);
#821 = EDGE_CURVE('',#771,#822,#824,.T.);
#822 = VERTEX_POINT('',#823);
#823 = CARTESIAN_POINT('',(0.8,0.37,0.));
#824 = LINE('',#825,#826);
#825 = CARTESIAN_POINT('',(0.8,-0.4,0.));
#826 = VECTOR('',#827,1.);
#827 = DIRECTION('',(0.,1.,0.));
#828 = ORIENTED_EDGE('',*,*,#829,.F.);
#829 = EDGE_CURVE('',#672,#822,#830,.T.);
#830 = LINE('',#831,#832);
#831 = CARTESIAN_POINT('',(0.5,0.37,0.));
#832 = VECTOR('',#833,1.);
#833 = DIRECTION('',(1.,0.,0.));
#834 = PLANE('',#835);
#835 = AXIS2_PLACEMENT_3D('',#836,#837,#838);
#836 = CARTESIAN_POINT('',(0.5,-0.4,0.));
#837 = DIRECTION('',(0.,0.,1.));
#838 = DIRECTION('',(1.,0.,-0.));
#839 = ADVANCED_FACE('',(#840),#858,.T.);
#840 = FACE_BOUND('',#841,.T.);
#841 = EDGE_LOOP('',(#842,#843,#844,#852));
#842 = ORIENTED_EDGE('',*,*,#705,.F.);
#843 = ORIENTED_EDGE('',*,*,#804,.T.);
#844 = ORIENTED_EDGE('',*,*,#845,.T.);
#845 = EDGE_CURVE('',#796,#846,#848,.T.);
#846 = VERTEX_POINT('',#847);
#847 = CARTESIAN_POINT('',(0.8,0.37,0.8));
#848 = LINE('',#849,#850);
#849 = CARTESIAN_POINT('',(0.8,-0.4,0.8));
#850 = VECTOR('',#851,1.);
#851 = DIRECTION('',(0.,1.,0.));
#852 = ORIENTED_EDGE('',*,*,#853,.F.);
#853 = EDGE_CURVE('',#697,#846,#854,.T.);
#854 = LINE('',#855,#856);
#855 = CARTESIAN_POINT('',(0.5,0.37,0.8));
#856 = VECTOR('',#857,1.);
#857 = DIRECTION('',(1.,0.,0.));
#858 = PLANE('',#859);
#859 = AXIS2_PLACEMENT_3D('',#860,#861,#862);
#860 = CARTESIAN_POINT('',(0.5,-0.4,0.8));
#861 = DIRECTION('',(0.,0.,1.));
#862 = DIRECTION('',(1.,0.,-0.));
#863 = ADVANCED_FACE('',(#864),#883,.T.);
#864 = FACE_BOUND('',#865,.T.);
#865 = EDGE_LOOP('',(#866,#874,#881,#882));
#866 = ORIENTED_EDGE('',*,*,#867,.T.);
#867 = EDGE_CURVE('',#680,#868,#870,.T.);
#868 = VERTEX_POINT('',#869);
#869 = CARTESIAN_POINT('',(0.8,0.4,3.E-02));
#870 = LINE('',#871,#872);
#871 = CARTESIAN_POINT('',(0.5,0.4,3.E-02));
#872 = VECTOR('',#873,1.);
#873 = DIRECTION('',(1.,0.,0.));
#874 = ORIENTED_EDGE('',*,*,#875,.T.);
#875 = EDGE_CURVE('',#868,#822,#876,.T.);
#876 = CIRCLE('',#877,3.E-02);
#877 = AXIS2_PLACEMENT_3D('',#878,#879,#880);
#878 = CARTESIAN_POINT('',(0.8,0.37,3.E-02));
#879 = DIRECTION('',(-1.,0.,0.));
#880 = DIRECTION('',(0.,0.,1.));
#881 = ORIENTED_EDGE('',*,*,#829,.F.);
#882 = ORIENTED_EDGE('',*,*,#679,.F.);
#883 = CYLINDRICAL_SURFACE('',#884,3.E-02);
#884 = AXIS2_PLACEMENT_3D('',#885,#886,#887);
#885 = CARTESIAN_POINT('',(0.5,0.37,3.E-02));
#886 = DIRECTION('',(1.,0.,0.));
#887 = DIRECTION('',(-0.,1.,0.));
#888 = ADVANCED_FACE('',(#889),#908,.T.);
#889 = FACE_BOUND('',#890,.T.);
#890 = EDGE_LOOP('',(#891,#892,#893,#902));
#891 = ORIENTED_EDGE('',*,*,#696,.T.);
#892 = ORIENTED_EDGE('',*,*,#853,.T.);
#893 = ORIENTED_EDGE('',*,*,#894,.F.);
#894 = EDGE_CURVE('',#895,#846,#897,.T.);
#895 = VERTEX_POINT('',#896);
#896 = CARTESIAN_POINT('',(0.8,0.4,0.77));
#897 = CIRCLE('',#898,3.E-02);
#898 = AXIS2_PLACEMENT_3D('',#899,#900,#901);
#899 = CARTESIAN_POINT('',(0.8,0.37,0.77));
#900 = DIRECTION('',(1.,0.,-0.));
#901 = DIRECTION('',(0.,0.,1.));
#902 = ORIENTED_EDGE('',*,*,#903,.F.);
#903 = EDGE_CURVE('',#689,#895,#904,.T.);
#904 = LINE('',#905,#906);
#905 = CARTESIAN_POINT('',(0.5,0.4,0.77));
#906 = VECTOR('',#907,1.);
#907 = DIRECTION('',(1.,0.,0.));
#908 = CYLINDRICAL_SURFACE('',#909,3.E-02);
#909 = AXIS2_PLACEMENT_3D('',#910,#911,#912);
#910 = CARTESIAN_POINT('',(0.5,0.37,0.77));
#911 = DIRECTION('',(1.,0.,0.));
#912 = DIRECTION('',(-0.,1.,0.));
#913 = ADVANCED_FACE('',(#914),#925,.T.);
#914 = FACE_BOUND('',#915,.T.);
#915 = EDGE_LOOP('',(#916,#922,#923,#924));
#916 = ORIENTED_EDGE('',*,*,#917,.F.);
#917 = EDGE_CURVE('',#868,#895,#918,.T.);
#918 = LINE('',#919,#920);
#919 = CARTESIAN_POINT('',(0.8,0.4,0.));
#920 = VECTOR('',#921,1.);
#921 = DIRECTION('',(0.,0.,1.));
#922 = ORIENTED_EDGE('',*,*,#867,.F.);
#923 = ORIENTED_EDGE('',*,*,#688,.T.);
#924 = ORIENTED_EDGE('',*,*,#903,.T.);
#925 = PLANE('',#926);
#926 = AXIS2_PLACEMENT_3D('',#927,#928,#929);
#927 = CARTESIAN_POINT('',(0.5,0.4,0.));
#928 = DIRECTION('',(0.,1.,0.));
#929 = DIRECTION('',(0.,-0.,1.));
#930 = ADVANCED_FACE('',(#931),#941,.T.);
#931 = FACE_BOUND('',#932,.T.);
#932 = EDGE_LOOP('',(#933,#934,#935,#936,#937,#938,#939,#940));
#933 = ORIENTED_EDGE('',*,*,#738,.F.);
#934 = ORIENTED_EDGE('',*,*,#778,.T.);
#935 = ORIENTED_EDGE('',*,*,#821,.T.);
#936 = ORIENTED_EDGE('',*,*,#875,.F.);
#937 = ORIENTED_EDGE('',*,*,#917,.T.);
#938 = ORIENTED_EDGE('',*,*,#894,.T.);
#939 = ORIENTED_EDGE('',*,*,#845,.F.);
#940 = ORIENTED_EDGE('',*,*,#795,.F.);
#941 = PLANE('',#942);
#942 = AXIS2_PLACEMENT_3D('',#943,#944,#945);
#943 = CARTESIAN_POINT('',(0.8,-0.4,0.));
#944 = DIRECTION('',(1.,0.,0.));
#945 = DIRECTION('',(0.,0.,1.));
#946 = ( GEOMETRIC_REPRESENTATION_CONTEXT(3) 
GLOBAL_UNCERTAINTY_ASSIGNED_CONTEXT((#950)) GLOBAL_UNIT_ASSIGNED_CONTEXT
((#947,#948,#949)) REPRESENTATION_CONTEXT('Context #1',
  '3D Context with UNIT and UNCERTAINTY') );
#947 = ( LENGTH_UNIT() NAMED_UNIT(*) SI_UNIT(.MILLI.,.METRE.) );
#948 = ( NAMED_UNIT(*) PLANE_ANGLE_UNIT() SI_UNIT($,.RADIAN.) );
#949 = ( NAMED_UNIT(*) SI_UNIT($,.STERADIAN.) SOLID_ANGLE_UNIT() );
#950 = UNCERTAINTY_MEASURE_WITH_UNIT(LENGTH_MEASURE(1.E-07),#947,
  'distance_accuracy_value','confusion accuracy');
#951 = CONTEXT_DEPENDENT_SHAPE_REPRESENTATION(#952,#954);
#952 = ( REPRESENTATION_RELATIONSHIP('','',#91,#68) 
REPRESENTATION_RELATIONSHIP_WITH_TRANSFORMATION(#953) 
SHAPE_REPRESENTATION_RELATIONSHIP() );
#953 = ITEM_DEFINED_TRANSFORMATION('','',#11,#69);
#954 = PRODUCT_DEFINITION_SHAPE('Placement','Placement of an item',#955
  );
#955 = NEXT_ASSEMBLY_USAGE_OCCURRENCE('1','=>[0:1:1:3]','',#63,#86,$);
#956 = PRODUCT_RELATED_PRODUCT_CATEGORY('part',$,(#88));
#957 = SHAPE_DEFINITION_REPRESENTATION(#958,#964);
#958 = PRODUCT_DEFINITION_SHAPE('','',#959);
#959 = PRODUCT_DEFINITION('design','',#960,#963);
#960 = PRODUCT_DEFINITION_FORMATION('','',#961);
#961 = PRODUCT('C_1206_3216Metric','C_1206_3216Metric','',(#962));
#962 = PRODUCT_CONTEXT('',#2,'mechanical');
#963 = PRODUCT_DEFINITION_CONTEXT('part definition',#2,'design');
#964 = SHAPE_REPRESENTATION('',(#11,#965),#969);
#965 = AXIS2_PLACEMENT_3D('',#966,#967,#968);
#966 = CARTESIAN_POINT('',(0.,0.,0.));
#967 = DIRECTION('',(0.,0.,1.));
#968 = DIRECTION('',(1.,0.,-0.));
#969 = ( GEOMETRIC_REPRESENTATION_CONTEXT(3) 
GLOBAL_UNCERTAINTY_ASSIGNED_CONTEXT((#973)) GLOBAL_UNIT_ASSIGNED_CONTEXT
((#970,#971,#972)) REPRESENTATION_CONTEXT('Context #1',
  '3D Context with UNIT and UNCERTAINTY') );
#970 = ( LENGTH_UNIT() NAMED_UNIT(*) SI_UNIT(.MILLI.,.METRE.) );
#971 = ( NAMED_UNIT(*) PLANE_ANGLE_UNIT() SI_UNIT($,.RADIAN.) );
#972 = ( NAMED_UNIT(*) SI_UNIT($,.STERADIAN.) SOLID_ANGLE_UNIT() );
#973 = UNCERTAINTY_MEASURE_WITH_UNIT(LENGTH_MEASURE(1.E-07),#970,
  'distance_accuracy_value','confusion accuracy');
#974 = CONTEXT_DEPENDENT_SHAPE_REPRESENTATION(#975,#977);
#975 = ( REPRESENTATION_RELATIONSHIP('','',#964,#10) 
REPRESENTATION_RELATIONSHIP_WITH_TRANSFORMATION(#976) 
SHAPE_REPRESENTATION_RELATIONSHIP() );
#976 = ITEM_DEFINED_TRANSFORMATION('','',#11,#19);
#977 = PRODUCT_DEFINITION_SHAPE('Placement','Placement of an item',#978
  );
#978 = NEXT_ASSEMBLY_USAGE_OCCURRENCE('4','C3','',#5,#959,$);
#979 = PRODUCT_RELATED_PRODUCT_CATEGORY('part',$,(#961));
#980 = SHAPE_DEFINITION_REPRESENTATION(#981,#987);
#981 = PRODUCT_DEFINITION_SHAPE('','',#982);
#982 = PRODUCT_DEFINITION('design','',#983,#986);
#983 = PRODUCT_DEFINITION_FORMATION('','',#984);
#984 = PRODUCT('C_1206_3216Metric','C_1206_3216Metric','',(#985));
#985 = PRODUCT_CONTEXT('',#2,'mechanical');
#986 = PRODUCT_DEFINITION_CONTEXT('part definition',#2,'design');
#987 = ADVANCED_BREP_SHAPE_REPRESENTATION('',(#11,#988),#1842);
#988 = MANIFOLD_SOLID_BREP('',#989);
#989 = CLOSED_SHELL('',(#990,#1066,#1097,#1122,#1147,#1171,#1195,#1220,
    #1245,#1262,#1348,#1380,#1404,#1429,#1453,#1478,#1502,#1527,#1544,
    #1630,#1661,#1686,#1711,#1735,#1759,#1784,#1809,#1826));
#990 = ADVANCED_FACE('',(#991),#1061,.F.);
#991 = FACE_BOUND('',#992,.F.);
#992 = EDGE_LOOP('',(#993,#1003,#1012,#1020,#1029,#1037,#1046,#1054));
#993 = ORIENTED_EDGE('',*,*,#994,.F.);
#994 = EDGE_CURVE('',#995,#997,#999,.T.);
#995 = VERTEX_POINT('',#996);
#996 = CARTESIAN_POINT('',(-1.6,-0.8,4.E-02));
#997 = VERTEX_POINT('',#998);
#998 = CARTESIAN_POINT('',(-1.6,-0.8,1.56));
#999 = LINE('',#1000,#1001);
#1000 = CARTESIAN_POINT('',(-1.6,-0.8,0.));
#1001 = VECTOR('',#1002,1.);
#1002 = DIRECTION('',(0.,0.,1.));
#1003 = ORIENTED_EDGE('',*,*,#1004,.T.);
#1004 = EDGE_CURVE('',#995,#1005,#1007,.T.);
#1005 = VERTEX_POINT('',#1006);
#1006 = CARTESIAN_POINT('',(-1.6,-0.76,0.));
#1007 = CIRCLE('',#1008,4.E-02);
#1008 = AXIS2_PLACEMENT_3D('',#1009,#1010,#1011);
#1009 = CARTESIAN_POINT('',(-1.6,-0.76,4.E-02));
#1010 = DIRECTION('',(1.,0.,-0.));
#1011 = DIRECTION('',(0.,0.,1.));
#1012 = ORIENTED_EDGE('',*,*,#1013,.T.);
#1013 = EDGE_CURVE('',#1005,#1014,#1016,.T.);
#1014 = VERTEX_POINT('',#1015);
#1015 = CARTESIAN_POINT('',(-1.6,0.76,0.));
#1016 = LINE('',#1017,#1018);
#1017 = CARTESIAN_POINT('',(-1.6,-0.8,0.));
#1018 = VECTOR('',#1019,1.);
#1019 = DIRECTION('',(0.,1.,0.));
#1020 = ORIENTED_EDGE('',*,*,#1021,.F.);
#1021 = EDGE_CURVE('',#1022,#1014,#1024,.T.);
#1022 = VERTEX_POINT('',#1023);
#1023 = CARTESIAN_POINT('',(-1.6,0.8,4.E-02));
#1024 = CIRCLE('',#1025,4.E-02);
#1025 = AXIS2_PLACEMENT_3D('',#1026,#1027,#1028);
#1026 = CARTESIAN_POINT('',(-1.6,0.76,4.E-02));
#1027 = DIRECTION('',(-1.,0.,0.));
#1028 = DIRECTION('',(0.,0.,1.));
#1029 = ORIENTED_EDGE('',*,*,#1030,.T.);
#1030 = EDGE_CURVE('',#1022,#1031,#1033,.T.);
#1031 = VERTEX_POINT('',#1032);
#1032 = CARTESIAN_POINT('',(-1.6,0.8,1.56));
#1033 = LINE('',#1034,#1035);
#1034 = CARTESIAN_POINT('',(-1.6,0.8,0.));
#1035 = VECTOR('',#1036,1.);
#1036 = DIRECTION('',(0.,0.,1.));
#1037 = ORIENTED_EDGE('',*,*,#1038,.T.);
#1038 = EDGE_CURVE('',#1031,#1039,#1041,.T.);
#1039 = VERTEX_POINT('',#1040);
#1040 = CARTESIAN_POINT('',(-1.6,0.76,1.6));
#1041 = CIRCLE('',#1042,4.E-02);
#1042 = AXIS2_PLACEMENT_3D('',#1043,#1044,#1045);
#1043 = CARTESIAN_POINT('',(-1.6,0.76,1.56));
#1044 = DIRECTION('',(1.,0.,-0.));
#1045 = DIRECTION('',(0.,0.,1.));
#1046 = ORIENTED_EDGE('',*,*,#1047,.F.);
#1047 = EDGE_CURVE('',#1048,#1039,#1050,.T.);
#1048 = VERTEX_POINT('',#1049);
#1049 = CARTESIAN_POINT('',(-1.6,-0.76,1.6));
#1050 = LINE('',#1051,#1052);
#1051 = CARTESIAN_POINT('',(-1.6,-0.8,1.6));
#1052 = VECTOR('',#1053,1.);
#1053 = DIRECTION('',(0.,1.,0.));
#1054 = ORIENTED_EDGE('',*,*,#1055,.F.);
#1055 = EDGE_CURVE('',#997,#1048,#1056,.T.);
#1056 = CIRCLE('',#1057,4.E-02);
#1057 = AXIS2_PLACEMENT_3D('',#1058,#1059,#1060);
#1058 = CARTESIAN_POINT('',(-1.6,-0.76,1.56));
#1059 = DIRECTION('',(-1.,0.,0.));
#1060 = DIRECTION('',(0.,0.,1.));
#1061 = PLANE('',#1062);
#1062 = AXIS2_PLACEMENT_3D('',#1063,#1064,#1065);
#1063 = CARTESIAN_POINT('',(-1.6,-0.8,0.));
#1064 = DIRECTION('',(1.,0.,0.));
#1065 = DIRECTION('',(0.,0.,1.));
#1066 = ADVANCED_FACE('',(#1067),#1092,.F.);
#1067 = FACE_BOUND('',#1068,.F.);
#1068 = EDGE_LOOP('',(#1069,#1079,#1085,#1086));
#1069 = ORIENTED_EDGE('',*,*,#1070,.F.);
#1070 = EDGE_CURVE('',#1071,#1073,#1075,.T.);
#1071 = VERTEX_POINT('',#1072);
#1072 = CARTESIAN_POINT('',(-1.2,-0.8,4.E-02));
#1073 = VERTEX_POINT('',#1074);
#1074 = CARTESIAN_POINT('',(-1.2,-0.8,1.56));
#1075 = LINE('',#1076,#1077);
#1076 = CARTESIAN_POINT('',(-1.2,-0.8,0.));
#1077 = VECTOR('',#1078,1.);
#1078 = DIRECTION('',(0.,0.,1.));
#1079 = ORIENTED_EDGE('',*,*,#1080,.F.);
#1080 = EDGE_CURVE('',#995,#1071,#1081,.T.);
#1081 = LINE('',#1082,#1083);
#1082 = CARTESIAN_POINT('',(-1.6,-0.8,4.E-02));
#1083 = VECTOR('',#1084,1.);
#1084 = DIRECTION('',(1.,0.,0.));
#1085 = ORIENTED_EDGE('',*,*,#994,.T.);
#1086 = ORIENTED_EDGE('',*,*,#1087,.T.);
#1087 = EDGE_CURVE('',#997,#1073,#1088,.T.);
#1088 = LINE('',#1089,#1090);
#1089 = CARTESIAN_POINT('',(-1.6,-0.8,1.56));
#1090 = VECTOR('',#1091,1.);
#1091 = DIRECTION('',(1.,0.,0.));
#1092 = PLANE('',#1093);
#1093 = AXIS2_PLACEMENT_3D('',#1094,#1095,#1096);
#1094 = CARTESIAN_POINT('',(-1.6,-0.8,0.));
#1095 = DIRECTION('',(0.,1.,0.));
#1096 = DIRECTION('',(0.,-0.,1.));
#1097 = ADVANCED_FACE('',(#1098),#1117,.T.);
#1098 = FACE_BOUND('',#1099,.T.);
#1099 = EDGE_LOOP('',(#1100,#1101,#1109,#1116));
#1100 = ORIENTED_EDGE('',*,*,#1004,.T.);
#1101 = ORIENTED_EDGE('',*,*,#1102,.T.);
#1102 = EDGE_CURVE('',#1005,#1103,#1105,.T.);
#1103 = VERTEX_POINT('',#1104);
#1104 = CARTESIAN_POINT('',(-1.2,-0.76,0.));
#1105 = LINE('',#1106,#1107);
#1106 = CARTESIAN_POINT('',(-1.6,-0.76,0.));
#1107 = VECTOR('',#1108,1.);
#1108 = DIRECTION('',(1.,0.,0.));
#1109 = ORIENTED_EDGE('',*,*,#1110,.F.);
#1110 = EDGE_CURVE('',#1071,#1103,#1111,.T.);
#1111 = CIRCLE('',#1112,4.E-02);
#1112 = AXIS2_PLACEMENT_3D('',#1113,#1114,#1115);
#1113 = CARTESIAN_POINT('',(-1.2,-0.76,4.E-02));
#1114 = DIRECTION('',(1.,0.,-0.));
#1115 = DIRECTION('',(0.,0.,1.));
#1116 = ORIENTED_EDGE('',*,*,#1080,.F.);
#1117 = CYLINDRICAL_SURFACE('',#1118,4.E-02);
#1118 = AXIS2_PLACEMENT_3D('',#1119,#1120,#1121);
#1119 = CARTESIAN_POINT('',(-1.6,-0.76,4.E-02));
#1120 = DIRECTION('',(1.,0.,0.));
#1121 = DIRECTION('',(0.,-1.,0.));
#1122 = ADVANCED_FACE('',(#1123),#1142,.T.);
#1123 = FACE_BOUND('',#1124,.T.);
#1124 = EDGE_LOOP('',(#1125,#1126,#1135,#1141));
#1125 = ORIENTED_EDGE('',*,*,#1087,.T.);
#1126 = ORIENTED_EDGE('',*,*,#1127,.T.);
#1127 = EDGE_CURVE('',#1073,#1128,#1130,.T.);
#1128 = VERTEX_POINT('',#1129);
#1129 = CARTESIAN_POINT('',(-1.2,-0.76,1.6));
#1130 = CIRCLE('',#1131,4.E-02);
#1131 = AXIS2_PLACEMENT_3D('',#1132,#1133,#1134);
#1132 = CARTESIAN_POINT('',(-1.2,-0.76,1.56));
#1133 = DIRECTION('',(-1.,0.,0.));
#1134 = DIRECTION('',(0.,0.,1.));
#1135 = ORIENTED_EDGE('',*,*,#1136,.F.);
#1136 = EDGE_CURVE('',#1048,#1128,#1137,.T.);
#1137 = LINE('',#1138,#1139);
#1138 = CARTESIAN_POINT('',(-1.6,-0.76,1.6));
#1139 = VECTOR('',#1140,1.);
#1140 = DIRECTION('',(1.,0.,0.));
#1141 = ORIENTED_EDGE('',*,*,#1055,.F.);
#1142 = CYLINDRICAL_SURFACE('',#1143,4.E-02);
#1143 = AXIS2_PLACEMENT_3D('',#1144,#1145,#1146);
#1144 = CARTESIAN_POINT('',(-1.6,-0.76,1.56));
#1145 = DIRECTION('',(1.,0.,0.));
#1146 = DIRECTION('',(0.,-1.,0.));
#1147 = ADVANCED_FACE('',(#1148),#1166,.F.);
#1148 = FACE_BOUND('',#1149,.F.);
#1149 = EDGE_LOOP('',(#1150,#1151,#1152,#1160));
#1150 = ORIENTED_EDGE('',*,*,#1013,.F.);
#1151 = ORIENTED_EDGE('',*,*,#1102,.T.);
#1152 = ORIENTED_EDGE('',*,*,#1153,.T.);
#1153 = EDGE_CURVE('',#1103,#1154,#1156,.T.);
#1154 = VERTEX_POINT('',#1155);
#1155 = CARTESIAN_POINT('',(-1.2,0.76,0.));
#1156 = LINE('',#1157,#1158);
#1157 = CARTESIAN_POINT('',(-1.2,-0.8,0.));
#1158 = VECTOR('',#1159,1.);
#1159 = DIRECTION('',(0.,1.,0.));
#1160 = ORIENTED_EDGE('',*,*,#1161,.F.);
#1161 = EDGE_CURVE('',#1014,#1154,#1162,.T.);
#1162 = LINE('',#1163,#1164);
#1163 = CARTESIAN_POINT('',(-1.6,0.76,0.));
#1164 = VECTOR('',#1165,1.);
#1165 = DIRECTION('',(1.,0.,0.));
#1166 = PLANE('',#1167);
#1167 = AXIS2_PLACEMENT_3D('',#1168,#1169,#1170);
#1168 = CARTESIAN_POINT('',(-1.6,-0.8,0.));
#1169 = DIRECTION('',(0.,0.,1.));
#1170 = DIRECTION('',(1.,0.,-0.));
#1171 = ADVANCED_FACE('',(#1172),#1190,.T.);
#1172 = FACE_BOUND('',#1173,.T.);
#1173 = EDGE_LOOP('',(#1174,#1175,#1176,#1184));
#1174 = ORIENTED_EDGE('',*,*,#1047,.F.);
#1175 = ORIENTED_EDGE('',*,*,#1136,.T.);
#1176 = ORIENTED_EDGE('',*,*,#1177,.T.);
#1177 = EDGE_CURVE('',#1128,#1178,#1180,.T.);
#1178 = VERTEX_POINT('',#1179);
#1179 = CARTESIAN_POINT('',(-1.2,0.76,1.6));
#1180 = LINE('',#1181,#1182);
#1181 = CARTESIAN_POINT('',(-1.2,-0.8,1.6));
#1182 = VECTOR('',#1183,1.);
#1183 = DIRECTION('',(0.,1.,0.));
#1184 = ORIENTED_EDGE('',*,*,#1185,.F.);
#1185 = EDGE_CURVE('',#1039,#1178,#1186,.T.);
#1186 = LINE('',#1187,#1188);
#1187 = CARTESIAN_POINT('',(-1.6,0.76,1.6));
#1188 = VECTOR('',#1189,1.);
#1189 = DIRECTION('',(1.,0.,0.));
#1190 = PLANE('',#1191);
#1191 = AXIS2_PLACEMENT_3D('',#1192,#1193,#1194);
#1192 = CARTESIAN_POINT('',(-1.6,-0.8,1.6));
#1193 = DIRECTION('',(0.,0.,1.));
#1194 = DIRECTION('',(1.,0.,-0.));
#1195 = ADVANCED_FACE('',(#1196),#1215,.T.);
#1196 = FACE_BOUND('',#1197,.T.);
#1197 = EDGE_LOOP('',(#1198,#1206,#1213,#1214));
#1198 = ORIENTED_EDGE('',*,*,#1199,.T.);
#1199 = EDGE_CURVE('',#1022,#1200,#1202,.T.);
#1200 = VERTEX_POINT('',#1201);
#1201 = CARTESIAN_POINT('',(-1.2,0.8,4.E-02));
#1202 = LINE('',#1203,#1204);
#1203 = CARTESIAN_POINT('',(-1.6,0.8,4.E-02));
#1204 = VECTOR('',#1205,1.);
#1205 = DIRECTION('',(1.,0.,0.));
#1206 = ORIENTED_EDGE('',*,*,#1207,.T.);
#1207 = EDGE_CURVE('',#1200,#1154,#1208,.T.);
#1208 = CIRCLE('',#1209,4.E-02);
#1209 = AXIS2_PLACEMENT_3D('',#1210,#1211,#1212);
#1210 = CARTESIAN_POINT('',(-1.2,0.76,4.E-02));
#1211 = DIRECTION('',(-1.,0.,0.));
#1212 = DIRECTION('',(0.,0.,1.));
#1213 = ORIENTED_EDGE('',*,*,#1161,.F.);
#1214 = ORIENTED_EDGE('',*,*,#1021,.F.);
#1215 = CYLINDRICAL_SURFACE('',#1216,4.E-02);
#1216 = AXIS2_PLACEMENT_3D('',#1217,#1218,#1219);
#1217 = CARTESIAN_POINT('',(-1.6,0.76,4.E-02));
#1218 = DIRECTION('',(1.,0.,0.));
#1219 = DIRECTION('',(-0.,1.,0.));
#1220 = ADVANCED_FACE('',(#1221),#1240,.T.);
#1221 = FACE_BOUND('',#1222,.T.);
#1222 = EDGE_LOOP('',(#1223,#1224,#1225,#1234));
#1223 = ORIENTED_EDGE('',*,*,#1038,.T.);
#1224 = ORIENTED_EDGE('',*,*,#1185,.T.);
#1225 = ORIENTED_EDGE('',*,*,#1226,.F.);
#1226 = EDGE_CURVE('',#1227,#1178,#1229,.T.);
#1227 = VERTEX_POINT('',#1228);
#1228 = CARTESIAN_POINT('',(-1.2,0.8,1.56));
#1229 = CIRCLE('',#1230,4.E-02);
#1230 = AXIS2_PLACEMENT_3D('',#1231,#1232,#1233);
#1231 = CARTESIAN_POINT('',(-1.2,0.76,1.56));
#1232 = DIRECTION('',(1.,0.,-0.));
#1233 = DIRECTION('',(0.,0.,1.));
#1234 = ORIENTED_EDGE('',*,*,#1235,.F.);
#1235 = EDGE_CURVE('',#1031,#1227,#1236,.T.);
#1236 = LINE('',#1237,#1238);
#1237 = CARTESIAN_POINT('',(-1.6,0.8,1.56));
#1238 = VECTOR('',#1239,1.);
#1239 = DIRECTION('',(1.,0.,0.));
#1240 = CYLINDRICAL_SURFACE('',#1241,4.E-02);
#1241 = AXIS2_PLACEMENT_3D('',#1242,#1243,#1244);
#1242 = CARTESIAN_POINT('',(-1.6,0.76,1.56));
#1243 = DIRECTION('',(1.,0.,0.));
#1244 = DIRECTION('',(-0.,1.,0.));
#1245 = ADVANCED_FACE('',(#1246),#1257,.T.);
#1246 = FACE_BOUND('',#1247,.T.);
#1247 = EDGE_LOOP('',(#1248,#1254,#1255,#1256));
#1248 = ORIENTED_EDGE('',*,*,#1249,.F.);
#1249 = EDGE_CURVE('',#1200,#1227,#1250,.T.);
#1250 = LINE('',#1251,#1252);
#1251 = CARTESIAN_POINT('',(-1.2,0.8,0.));
#1252 = VECTOR('',#1253,1.);
#1253 = DIRECTION('',(0.,0.,1.));
#1254 = ORIENTED_EDGE('',*,*,#1199,.F.);
#1255 = ORIENTED_EDGE('',*,*,#1030,.T.);
#1256 = ORIENTED_EDGE('',*,*,#1235,.T.);
#1257 = PLANE('',#1258);
#1258 = AXIS2_PLACEMENT_3D('',#1259,#1260,#1261);
#1259 = CARTESIAN_POINT('',(-1.6,0.8,0.));
#1260 = DIRECTION('',(0.,1.,0.));
#1261 = DIRECTION('',(0.,-0.,1.));
#1262 = ADVANCED_FACE('',(#1263,#1273),#1343,.T.);
#1263 = FACE_BOUND('',#1264,.T.);
#1264 = EDGE_LOOP('',(#1265,#1266,#1267,#1268,#1269,#1270,#1271,#1272));
#1265 = ORIENTED_EDGE('',*,*,#1070,.F.);
#1266 = ORIENTED_EDGE('',*,*,#1110,.T.);
#1267 = ORIENTED_EDGE('',*,*,#1153,.T.);
#1268 = ORIENTED_EDGE('',*,*,#1207,.F.);
#1269 = ORIENTED_EDGE('',*,*,#1249,.T.);
#1270 = ORIENTED_EDGE('',*,*,#1226,.T.);
#1271 = ORIENTED_EDGE('',*,*,#1177,.F.);
#1272 = ORIENTED_EDGE('',*,*,#1127,.F.);
#1273 = FACE_BOUND('',#1274,.T.);
#1274 = EDGE_LOOP('',(#1275,#1286,#1294,#1303,#1311,#1320,#1328,#1337));
#1275 = ORIENTED_EDGE('',*,*,#1276,.F.);
#1276 = EDGE_CURVE('',#1277,#1279,#1281,.T.);
#1277 = VERTEX_POINT('',#1278);
#1278 = CARTESIAN_POINT('',(-1.2,-0.76,8.E-02));
#1279 = VERTEX_POINT('',#1280);
#1280 = CARTESIAN_POINT('',(-1.2,-0.72,4.E-02));
#1281 = CIRCLE('',#1282,4.E-02);
#1282 = AXIS2_PLACEMENT_3D('',#1283,#1284,#1285);
#1283 = CARTESIAN_POINT('',(-1.2,-0.72,8.E-02));
#1284 = DIRECTION('',(1.,0.,-0.));
#1285 = DIRECTION('',(0.,0.,1.));
#1286 = ORIENTED_EDGE('',*,*,#1287,.T.);
#1287 = EDGE_CURVE('',#1277,#1288,#1290,.T.);
#1288 = VERTEX_POINT('',#1289);
#1289 = CARTESIAN_POINT('',(-1.2,-0.76,1.52));
#1290 = LINE('',#1291,#1292);
#1291 = CARTESIAN_POINT('',(-1.2,-0.76,4.E-02));
#1292 = VECTOR('',#1293,1.);
#1293 = DIRECTION('',(0.,0.,1.));
#1294 = ORIENTED_EDGE('',*,*,#1295,.T.);
#1295 = EDGE_CURVE('',#1288,#1296,#1298,.T.);
#1296 = VERTEX_POINT('',#1297);
#1297 = CARTESIAN_POINT('',(-1.2,-0.72,1.56));
#1298 = CIRCLE('',#1299,4.E-02);
#1299 = AXIS2_PLACEMENT_3D('',#1300,#1301,#1302);
#1300 = CARTESIAN_POINT('',(-1.2,-0.72,1.52));
#1301 = DIRECTION('',(-1.,0.,0.));
#1302 = DIRECTION('',(0.,0.,1.));
#1303 = ORIENTED_EDGE('',*,*,#1304,.T.);
#1304 = EDGE_CURVE('',#1296,#1305,#1307,.T.);
#1305 = VERTEX_POINT('',#1306);
#1306 = CARTESIAN_POINT('',(-1.2,0.72,1.56));
#1307 = LINE('',#1308,#1309);
#1308 = CARTESIAN_POINT('',(-1.2,-0.76,1.56));
#1309 = VECTOR('',#1310,1.);
#1310 = DIRECTION('',(0.,1.,0.));
#1311 = ORIENTED_EDGE('',*,*,#1312,.F.);
#1312 = EDGE_CURVE('',#1313,#1305,#1315,.T.);
#1313 = VERTEX_POINT('',#1314);
#1314 = CARTESIAN_POINT('',(-1.2,0.76,1.52));
#1315 = CIRCLE('',#1316,4.E-02);
#1316 = AXIS2_PLACEMENT_3D('',#1317,#1318,#1319);
#1317 = CARTESIAN_POINT('',(-1.2,0.72,1.52));
#1318 = DIRECTION('',(1.,0.,-0.));
#1319 = DIRECTION('',(0.,0.,1.));
#1320 = ORIENTED_EDGE('',*,*,#1321,.F.);
#1321 = EDGE_CURVE('',#1322,#1313,#1324,.T.);
#1322 = VERTEX_POINT('',#1323);
#1323 = CARTESIAN_POINT('',(-1.2,0.76,8.E-02));
#1324 = LINE('',#1325,#1326);
#1325 = CARTESIAN_POINT('',(-1.2,0.76,4.E-02));
#1326 = VECTOR('',#1327,1.);
#1327 = DIRECTION('',(0.,0.,1.));
#1328 = ORIENTED_EDGE('',*,*,#1329,.T.);
#1329 = EDGE_CURVE('',#1322,#1330,#1332,.T.);
#1330 = VERTEX_POINT('',#1331);
#1331 = CARTESIAN_POINT('',(-1.2,0.72,4.E-02));
#1332 = CIRCLE('',#1333,4.E-02);
#1333 = AXIS2_PLACEMENT_3D('',#1334,#1335,#1336);
#1334 = CARTESIAN_POINT('',(-1.2,0.72,8.E-02));
#1335 = DIRECTION('',(-1.,0.,0.));
#1336 = DIRECTION('',(0.,0.,1.));
#1337 = ORIENTED_EDGE('',*,*,#1338,.F.);
#1338 = EDGE_CURVE('',#1279,#1330,#1339,.T.);
#1339 = LINE('',#1340,#1341);
#1340 = CARTESIAN_POINT('',(-1.2,-0.76,4.E-02));
#1341 = VECTOR('',#1342,1.);
#1342 = DIRECTION('',(0.,1.,0.));
#1343 = PLANE('',#1344);
#1344 = AXIS2_PLACEMENT_3D('',#1345,#1346,#1347);
#1345 = CARTESIAN_POINT('',(-1.2,-0.8,0.));
#1346 = DIRECTION('',(1.,0.,0.));
#1347 = DIRECTION('',(0.,0.,1.));
#1348 = ADVANCED_FACE('',(#1349),#1375,.T.);
#1349 = FACE_BOUND('',#1350,.T.);
#1350 = EDGE_LOOP('',(#1351,#1352,#1360,#1369));
#1351 = ORIENTED_EDGE('',*,*,#1276,.T.);
#1352 = ORIENTED_EDGE('',*,*,#1353,.T.);
#1353 = EDGE_CURVE('',#1279,#1354,#1356,.T.);
#1354 = VERTEX_POINT('',#1355);
#1355 = CARTESIAN_POINT('',(1.2,-0.72,4.E-02));
#1356 = LINE('',#1357,#1358);
#1357 = CARTESIAN_POINT('',(-1.2,-0.72,4.E-02));
#1358 = VECTOR('',#1359,1.);
#1359 = DIRECTION('',(1.,0.,0.));
#1360 = ORIENTED_EDGE('',*,*,#1361,.F.);
#1361 = EDGE_CURVE('',#1362,#1354,#1364,.T.);
#1362 = VERTEX_POINT('',#1363);
#1363 = CARTESIAN_POINT('',(1.2,-0.76,8.E-02));
#1364 = CIRCLE('',#1365,4.E-02);
#1365 = AXIS2_PLACEMENT_3D('',#1366,#1367,#1368);
#1366 = CARTESIAN_POINT('',(1.2,-0.72,8.E-02));
#1367 = DIRECTION('',(1.,0.,-0.));
#1368 = DIRECTION('',(0.,0.,1.));
#1369 = ORIENTED_EDGE('',*,*,#1370,.F.);
#1370 = EDGE_CURVE('',#1277,#1362,#1371,.T.);
#1371 = LINE('',#1372,#1373);
#1372 = CARTESIAN_POINT('',(-1.2,-0.76,8.E-02));
#1373 = VECTOR('',#1374,1.);
#1374 = DIRECTION('',(1.,0.,0.));
#1375 = CYLINDRICAL_SURFACE('',#1376,4.E-02);
#1376 = AXIS2_PLACEMENT_3D('',#1377,#1378,#1379);
#1377 = CARTESIAN_POINT('',(-1.2,-0.72,8.E-02));
#1378 = DIRECTION('',(1.,0.,0.));
#1379 = DIRECTION('',(0.,-1.,0.));
#1380 = ADVANCED_FACE('',(#1381),#1399,.F.);
#1381 = FACE_BOUND('',#1382,.F.);
#1382 = EDGE_LOOP('',(#1383,#1384,#1385,#1393));
#1383 = ORIENTED_EDGE('',*,*,#1338,.F.);
#1384 = ORIENTED_EDGE('',*,*,#1353,.T.);
#1385 = ORIENTED_EDGE('',*,*,#1386,.T.);
#1386 = EDGE_CURVE('',#1354,#1387,#1389,.T.);
#1387 = VERTEX_POINT('',#1388);
#1388 = CARTESIAN_POINT('',(1.2,0.72,4.E-02));
#1389 = LINE('',#1390,#1391);
#1390 = CARTESIAN_POINT('',(1.2,-0.76,4.E-02));
#1391 = VECTOR('',#1392,1.);
#1392 = DIRECTION('',(0.,1.,0.));
#1393 = ORIENTED_EDGE('',*,*,#1394,.F.);
#1394 = EDGE_CURVE('',#1330,#1387,#1395,.T.);
#1395 = LINE('',#1396,#1397);
#1396 = CARTESIAN_POINT('',(-1.2,0.72,4.E-02));
#1397 = VECTOR('',#1398,1.);
#1398 = DIRECTION('',(1.,0.,0.));
#1399 = PLANE('',#1400);
#1400 = AXIS2_PLACEMENT_3D('',#1401,#1402,#1403);
#1401 = CARTESIAN_POINT('',(-1.2,-0.76,4.E-02));
#1402 = DIRECTION('',(0.,0.,1.));
#1403 = DIRECTION('',(1.,0.,-0.));
#1404 = ADVANCED_FACE('',(#1405),#1424,.T.);
#1405 = FACE_BOUND('',#1406,.T.);
#1406 = EDGE_LOOP('',(#1407,#1415,#1422,#1423));
#1407 = ORIENTED_EDGE('',*,*,#1408,.T.);
#1408 = EDGE_CURVE('',#1322,#1409,#1411,.T.);
#1409 = VERTEX_POINT('',#1410);
#1410 = CARTESIAN_POINT('',(1.2,0.76,8.E-02));
#1411 = LINE('',#1412,#1413);
#1412 = CARTESIAN_POINT('',(-1.2,0.76,8.E-02));
#1413 = VECTOR('',#1414,1.);
#1414 = DIRECTION('',(1.,0.,0.));
#1415 = ORIENTED_EDGE('',*,*,#1416,.T.);
#1416 = EDGE_CURVE('',#1409,#1387,#1417,.T.);
#1417 = CIRCLE('',#1418,4.E-02);
#1418 = AXIS2_PLACEMENT_3D('',#1419,#1420,#1421);
#1419 = CARTESIAN_POINT('',(1.2,0.72,8.E-02));
#1420 = DIRECTION('',(-1.,0.,0.));
#1421 = DIRECTION('',(0.,0.,1.));
#1422 = ORIENTED_EDGE('',*,*,#1394,.F.);
#1423 = ORIENTED_EDGE('',*,*,#1329,.F.);
#1424 = CYLINDRICAL_SURFACE('',#1425,4.E-02);
#1425 = AXIS2_PLACEMENT_3D('',#1426,#1427,#1428);
#1426 = CARTESIAN_POINT('',(-1.2,0.72,8.E-02));
#1427 = DIRECTION('',(1.,0.,0.));
#1428 = DIRECTION('',(-0.,1.,0.));
#1429 = ADVANCED_FACE('',(#1430),#1448,.T.);
#1430 = FACE_BOUND('',#1431,.T.);
#1431 = EDGE_LOOP('',(#1432,#1440,#1441,#1442));
#1432 = ORIENTED_EDGE('',*,*,#1433,.F.);
#1433 = EDGE_CURVE('',#1409,#1434,#1436,.T.);
#1434 = VERTEX_POINT('',#1435);
#1435 = CARTESIAN_POINT('',(1.2,0.76,1.52));
#1436 = LINE('',#1437,#1438);
#1437 = CARTESIAN_POINT('',(1.2,0.76,4.E-02));
#1438 = VECTOR('',#1439,1.);
#1439 = DIRECTION('',(0.,0.,1.));
#1440 = ORIENTED_EDGE('',*,*,#1408,.F.);
#1441 = ORIENTED_EDGE('',*,*,#1321,.T.);
#1442 = ORIENTED_EDGE('',*,*,#1443,.T.);
#1443 = EDGE_CURVE('',#1313,#1434,#1444,.T.);
#1444 = LINE('',#1445,#1446);
#1445 = CARTESIAN_POINT('',(-1.2,0.76,1.52));
#1446 = VECTOR('',#1447,1.);
#1447 = DIRECTION('',(1.,0.,0.));
#1448 = PLANE('',#1449);
#1449 = AXIS2_PLACEMENT_3D('',#1450,#1451,#1452);
#1450 = CARTESIAN_POINT('',(-1.2,0.76,4.E-02));
#1451 = DIRECTION('',(0.,1.,0.));
#1452 = DIRECTION('',(0.,-0.,1.));
#1453 = ADVANCED_FACE('',(#1454),#1473,.T.);
#1454 = FACE_BOUND('',#1455,.T.);
#1455 = EDGE_LOOP('',(#1456,#1457,#1465,#1472));
#1456 = ORIENTED_EDGE('',*,*,#1312,.T.);
#1457 = ORIENTED_EDGE('',*,*,#1458,.T.);
#1458 = EDGE_CURVE('',#1305,#1459,#1461,.T.);
#1459 = VERTEX_POINT('',#1460);
#1460 = CARTESIAN_POINT('',(1.2,0.72,1.56));
#1461 = LINE('',#1462,#1463);
#1462 = CARTESIAN_POINT('',(-1.2,0.72,1.56));
#1463 = VECTOR('',#1464,1.);
#1464 = DIRECTION('',(1.,0.,0.));
#1465 = ORIENTED_EDGE('',*,*,#1466,.F.);
#1466 = EDGE_CURVE('',#1434,#1459,#1467,.T.);
#1467 = CIRCLE('',#1468,4.E-02);
#1468 = AXIS2_PLACEMENT_3D('',#1469,#1470,#1471);
#1469 = CARTESIAN_POINT('',(1.2,0.72,1.52));
#1470 = DIRECTION('',(1.,0.,-0.));
#1471 = DIRECTION('',(0.,0.,1.));
#1472 = ORIENTED_EDGE('',*,*,#1443,.F.);
#1473 = CYLINDRICAL_SURFACE('',#1474,4.E-02);
#1474 = AXIS2_PLACEMENT_3D('',#1475,#1476,#1477);
#1475 = CARTESIAN_POINT('',(-1.2,0.72,1.52));
#1476 = DIRECTION('',(1.,0.,0.));
#1477 = DIRECTION('',(-0.,1.,0.));
#1478 = ADVANCED_FACE('',(#1479),#1497,.T.);
#1479 = FACE_BOUND('',#1480,.T.);
#1480 = EDGE_LOOP('',(#1481,#1482,#1490,#1496));
#1481 = ORIENTED_EDGE('',*,*,#1304,.F.);
#1482 = ORIENTED_EDGE('',*,*,#1483,.T.);
#1483 = EDGE_CURVE('',#1296,#1484,#1486,.T.);
#1484 = VERTEX_POINT('',#1485);
#1485 = CARTESIAN_POINT('',(1.2,-0.72,1.56));
#1486 = LINE('',#1487,#1488);
#1487 = CARTESIAN_POINT('',(-1.2,-0.72,1.56));
#1488 = VECTOR('',#1489,1.);
#1489 = DIRECTION('',(1.,0.,0.));
#1490 = ORIENTED_EDGE('',*,*,#1491,.T.);
#1491 = EDGE_CURVE('',#1484,#1459,#1492,.T.);
#1492 = LINE('',#1493,#1494);
#1493 = CARTESIAN_POINT('',(1.2,-0.76,1.56));
#1494 = VECTOR('',#1495,1.);
#1495 = DIRECTION('',(0.,1.,0.));
#1496 = ORIENTED_EDGE('',*,*,#1458,.F.);
#1497 = PLANE('',#1498);
#1498 = AXIS2_PLACEMENT_3D('',#1499,#1500,#1501);
#1499 = CARTESIAN_POINT('',(-1.2,-0.76,1.56));
#1500 = DIRECTION('',(0.,0.,1.));
#1501 = DIRECTION('',(1.,0.,-0.));
#1502 = ADVANCED_FACE('',(#1503),#1522,.T.);
#1503 = FACE_BOUND('',#1504,.T.);
#1504 = EDGE_LOOP('',(#1505,#1513,#1520,#1521));
#1505 = ORIENTED_EDGE('',*,*,#1506,.T.);
#1506 = EDGE_CURVE('',#1288,#1507,#1509,.T.);
#1507 = VERTEX_POINT('',#1508);
#1508 = CARTESIAN_POINT('',(1.2,-0.76,1.52));
#1509 = LINE('',#1510,#1511);
#1510 = CARTESIAN_POINT('',(-1.2,-0.76,1.52));
#1511 = VECTOR('',#1512,1.);
#1512 = DIRECTION('',(1.,0.,0.));
#1513 = ORIENTED_EDGE('',*,*,#1514,.T.);
#1514 = EDGE_CURVE('',#1507,#1484,#1515,.T.);
#1515 = CIRCLE('',#1516,4.E-02);
#1516 = AXIS2_PLACEMENT_3D('',#1517,#1518,#1519);
#1517 = CARTESIAN_POINT('',(1.2,-0.72,1.52));
#1518 = DIRECTION('',(-1.,0.,0.));
#1519 = DIRECTION('',(0.,0.,1.));
#1520 = ORIENTED_EDGE('',*,*,#1483,.F.);
#1521 = ORIENTED_EDGE('',*,*,#1295,.F.);
#1522 = CYLINDRICAL_SURFACE('',#1523,4.E-02);
#1523 = AXIS2_PLACEMENT_3D('',#1524,#1525,#1526);
#1524 = CARTESIAN_POINT('',(-1.2,-0.72,1.52));
#1525 = DIRECTION('',(1.,0.,0.));
#1526 = DIRECTION('',(0.,-1.,0.));
#1527 = ADVANCED_FACE('',(#1528),#1539,.F.);
#1528 = FACE_BOUND('',#1529,.F.);
#1529 = EDGE_LOOP('',(#1530,#1536,#1537,#1538));
#1530 = ORIENTED_EDGE('',*,*,#1531,.F.);
#1531 = EDGE_CURVE('',#1362,#1507,#1532,.T.);
#1532 = LINE('',#1533,#1534);
#1533 = CARTESIAN_POINT('',(1.2,-0.76,4.E-02));
#1534 = VECTOR('',#1535,1.);
#1535 = DIRECTION('',(0.,0.,1.));
#1536 = ORIENTED_EDGE('',*,*,#1370,.F.);
#1537 = ORIENTED_EDGE('',*,*,#1287,.T.);
#1538 = ORIENTED_EDGE('',*,*,#1506,.T.);
#1539 = PLANE('',#1540);
#1540 = AXIS2_PLACEMENT_3D('',#1541,#1542,#1543);
#1541 = CARTESIAN_POINT('',(-1.2,-0.76,4.E-02));
#1542 = DIRECTION('',(0.,1.,0.));
#1543 = DIRECTION('',(0.,-0.,1.));
#1544 = ADVANCED_FACE('',(#1545,#1615),#1625,.F.);
#1545 = FACE_BOUND('',#1546,.F.);
#1546 = EDGE_LOOP('',(#1547,#1557,#1566,#1574,#1583,#1591,#1600,#1608));
#1547 = ORIENTED_EDGE('',*,*,#1548,.F.);
#1548 = EDGE_CURVE('',#1549,#1551,#1553,.T.);
#1549 = VERTEX_POINT('',#1550);
#1550 = CARTESIAN_POINT('',(1.2,-0.8,4.E-02));
#1551 = VERTEX_POINT('',#1552);
#1552 = CARTESIAN_POINT('',(1.2,-0.8,1.56));
#1553 = LINE('',#1554,#1555);
#1554 = CARTESIAN_POINT('',(1.2,-0.8,0.));
#1555 = VECTOR('',#1556,1.);
#1556 = DIRECTION('',(0.,0.,1.));
#1557 = ORIENTED_EDGE('',*,*,#1558,.T.);
#1558 = EDGE_CURVE('',#1549,#1559,#1561,.T.);
#1559 = VERTEX_POINT('',#1560);
#1560 = CARTESIAN_POINT('',(1.2,-0.76,0.));
#1561 = CIRCLE('',#1562,4.E-02);
#1562 = AXIS2_PLACEMENT_3D('',#1563,#1564,#1565);
#1563 = CARTESIAN_POINT('',(1.2,-0.76,4.E-02));
#1564 = DIRECTION('',(1.,0.,-0.));
#1565 = DIRECTION('',(0.,0.,1.));
#1566 = ORIENTED_EDGE('',*,*,#1567,.T.);
#1567 = EDGE_CURVE('',#1559,#1568,#1570,.T.);
#1568 = VERTEX_POINT('',#1569);
#1569 = CARTESIAN_POINT('',(1.2,0.76,0.));
#1570 = LINE('',#1571,#1572);
#1571 = CARTESIAN_POINT('',(1.2,-0.8,0.));
#1572 = VECTOR('',#1573,1.);
#1573 = DIRECTION('',(0.,1.,0.));
#1574 = ORIENTED_EDGE('',*,*,#1575,.F.);
#1575 = EDGE_CURVE('',#1576,#1568,#1578,.T.);
#1576 = VERTEX_POINT('',#1577);
#1577 = CARTESIAN_POINT('',(1.2,0.8,4.E-02));
#1578 = CIRCLE('',#1579,4.E-02);
#1579 = AXIS2_PLACEMENT_3D('',#1580,#1581,#1582);
#1580 = CARTESIAN_POINT('',(1.2,0.76,4.E-02));
#1581 = DIRECTION('',(-1.,0.,0.));
#1582 = DIRECTION('',(0.,0.,1.));
#1583 = ORIENTED_EDGE('',*,*,#1584,.T.);
#1584 = EDGE_CURVE('',#1576,#1585,#1587,.T.);
#1585 = VERTEX_POINT('',#1586);
#1586 = CARTESIAN_POINT('',(1.2,0.8,1.56));
#1587 = LINE('',#1588,#1589);
#1588 = CARTESIAN_POINT('',(1.2,0.8,0.));
#1589 = VECTOR('',#1590,1.);
#1590 = DIRECTION('',(0.,0.,1.));
#1591 = ORIENTED_EDGE('',*,*,#1592,.T.);
#1592 = EDGE_CURVE('',#1585,#1593,#1595,.T.);
#1593 = VERTEX_POINT('',#1594);
#1594 = CARTESIAN_POINT('',(1.2,0.76,1.6));
#1595 = CIRCLE('',#1596,4.E-02);
#1596 = AXIS2_PLACEMENT_3D('',#1597,#1598,#1599);
#1597 = CARTESIAN_POINT('',(1.2,0.76,1.56));
#1598 = DIRECTION('',(1.,0.,-0.));
#1599 = DIRECTION('',(0.,0.,1.));
#1600 = ORIENTED_EDGE('',*,*,#1601,.F.);
#1601 = EDGE_CURVE('',#1602,#1593,#1604,.T.);
#1602 = VERTEX_POINT('',#1603);
#1603 = CARTESIAN_POINT('',(1.2,-0.76,1.6));
#1604 = LINE('',#1605,#1606);
#1605 = CARTESIAN_POINT('',(1.2,-0.8,1.6));
#1606 = VECTOR('',#1607,1.);
#1607 = DIRECTION('',(0.,1.,0.));
#1608 = ORIENTED_EDGE('',*,*,#1609,.F.);
#1609 = EDGE_CURVE('',#1551,#1602,#1610,.T.);
#1610 = CIRCLE('',#1611,4.E-02);
#1611 = AXIS2_PLACEMENT_3D('',#1612,#1613,#1614);
#1612 = CARTESIAN_POINT('',(1.2,-0.76,1.56));
#1613 = DIRECTION('',(-1.,0.,0.));
#1614 = DIRECTION('',(0.,0.,1.));
#1615 = FACE_BOUND('',#1616,.F.);
#1616 = EDGE_LOOP('',(#1617,#1618,#1619,#1620,#1621,#1622,#1623,#1624));
#1617 = ORIENTED_EDGE('',*,*,#1361,.F.);
#1618 = ORIENTED_EDGE('',*,*,#1531,.T.);
#1619 = ORIENTED_EDGE('',*,*,#1514,.T.);
#1620 = ORIENTED_EDGE('',*,*,#1491,.T.);
#1621 = ORIENTED_EDGE('',*,*,#1466,.F.);
#1622 = ORIENTED_EDGE('',*,*,#1433,.F.);
#1623 = ORIENTED_EDGE('',*,*,#1416,.T.);
#1624 = ORIENTED_EDGE('',*,*,#1386,.F.);
#1625 = PLANE('',#1626);
#1626 = AXIS2_PLACEMENT_3D('',#1627,#1628,#1629);
#1627 = CARTESIAN_POINT('',(1.2,-0.8,0.));
#1628 = DIRECTION('',(1.,0.,0.));
#1629 = DIRECTION('',(0.,0.,1.));
#1630 = ADVANCED_FACE('',(#1631),#1656,.F.);
#1631 = FACE_BOUND('',#1632,.F.);
#1632 = EDGE_LOOP('',(#1633,#1643,#1649,#1650));
#1633 = ORIENTED_EDGE('',*,*,#1634,.F.);
#1634 = EDGE_CURVE('',#1635,#1637,#1639,.T.);
#1635 = VERTEX_POINT('',#1636);
#1636 = CARTESIAN_POINT('',(1.6,-0.8,4.E-02));
#1637 = VERTEX_POINT('',#1638);
#1638 = CARTESIAN_POINT('',(1.6,-0.8,1.56));
#1639 = LINE('',#1640,#1641);
#1640 = CARTESIAN_POINT('',(1.6,-0.8,0.));
#1641 = VECTOR('',#1642,1.);
#1642 = DIRECTION('',(0.,0.,1.));
#1643 = ORIENTED_EDGE('',*,*,#1644,.F.);
#1644 = EDGE_CURVE('',#1549,#1635,#1645,.T.);
#1645 = LINE('',#1646,#1647);
#1646 = CARTESIAN_POINT('',(1.2,-0.8,4.E-02));
#1647 = VECTOR('',#1648,1.);
#1648 = DIRECTION('',(1.,0.,0.));
#1649 = ORIENTED_EDGE('',*,*,#1548,.T.);
#1650 = ORIENTED_EDGE('',*,*,#1651,.T.);
#1651 = EDGE_CURVE('',#1551,#1637,#1652,.T.);
#1652 = LINE('',#1653,#1654);
#1653 = CARTESIAN_POINT('',(1.2,-0.8,1.56));
#1654 = VECTOR('',#1655,1.);
#1655 = DIRECTION('',(1.,0.,0.));
#1656 = PLANE('',#1657);
#1657 = AXIS2_PLACEMENT_3D('',#1658,#1659,#1660);
#1658 = CARTESIAN_POINT('',(1.2,-0.8,0.));
#1659 = DIRECTION('',(0.,1.,0.));
#1660 = DIRECTION('',(0.,-0.,1.));
#1661 = ADVANCED_FACE('',(#1662),#1681,.T.);
#1662 = FACE_BOUND('',#1663,.T.);
#1663 = EDGE_LOOP('',(#1664,#1665,#1673,#1680));
#1664 = ORIENTED_EDGE('',*,*,#1558,.T.);
#1665 = ORIENTED_EDGE('',*,*,#1666,.T.);
#1666 = EDGE_CURVE('',#1559,#1667,#1669,.T.);
#1667 = VERTEX_POINT('',#1668);
#1668 = CARTESIAN_POINT('',(1.6,-0.76,0.));
#1669 = LINE('',#1670,#1671);
#1670 = CARTESIAN_POINT('',(1.2,-0.76,0.));
#1671 = VECTOR('',#1672,1.);
#1672 = DIRECTION('',(1.,0.,0.));
#1673 = ORIENTED_EDGE('',*,*,#1674,.F.);
#1674 = EDGE_CURVE('',#1635,#1667,#1675,.T.);
#1675 = CIRCLE('',#1676,4.E-02);
#1676 = AXIS2_PLACEMENT_3D('',#1677,#1678,#1679);
#1677 = CARTESIAN_POINT('',(1.6,-0.76,4.E-02));
#1678 = DIRECTION('',(1.,0.,-0.));
#1679 = DIRECTION('',(0.,0.,1.));
#1680 = ORIENTED_EDGE('',*,*,#1644,.F.);
#1681 = CYLINDRICAL_SURFACE('',#1682,4.E-02);
#1682 = AXIS2_PLACEMENT_3D('',#1683,#1684,#1685);
#1683 = CARTESIAN_POINT('',(1.2,-0.76,4.E-02));
#1684 = DIRECTION('',(1.,0.,0.));
#1685 = DIRECTION('',(0.,-1.,0.));
#1686 = ADVANCED_FACE('',(#1687),#1706,.T.);
#1687 = FACE_BOUND('',#1688,.T.);
#1688 = EDGE_LOOP('',(#1689,#1690,#1699,#1705));
#1689 = ORIENTED_EDGE('',*,*,#1651,.T.);
#1690 = ORIENTED_EDGE('',*,*,#1691,.T.);
#1691 = EDGE_CURVE('',#1637,#1692,#1694,.T.);
#1692 = VERTEX_POINT('',#1693);
#1693 = CARTESIAN_POINT('',(1.6,-0.76,1.6));
#1694 = CIRCLE('',#1695,4.E-02);
#1695 = AXIS2_PLACEMENT_3D('',#1696,#1697,#1698);
#1696 = CARTESIAN_POINT('',(1.6,-0.76,1.56));
#1697 = DIRECTION('',(-1.,0.,0.));
#1698 = DIRECTION('',(0.,0.,1.));
#1699 = ORIENTED_EDGE('',*,*,#1700,.F.);
#1700 = EDGE_CURVE('',#1602,#1692,#1701,.T.);
#1701 = LINE('',#1702,#1703);
#1702 = CARTESIAN_POINT('',(1.2,-0.76,1.6));
#1703 = VECTOR('',#1704,1.);
#1704 = DIRECTION('',(1.,0.,0.));
#1705 = ORIENTED_EDGE('',*,*,#1609,.F.);
#1706 = CYLINDRICAL_SURFACE('',#1707,4.E-02);
#1707 = AXIS2_PLACEMENT_3D('',#1708,#1709,#1710);
#1708 = CARTESIAN_POINT('',(1.2,-0.76,1.56));
#1709 = DIRECTION('',(1.,0.,0.));
#1710 = DIRECTION('',(0.,-1.,0.));
#1711 = ADVANCED_FACE('',(#1712),#1730,.F.);
#1712 = FACE_BOUND('',#1713,.F.);
#1713 = EDGE_LOOP('',(#1714,#1715,#1716,#1724));
#1714 = ORIENTED_EDGE('',*,*,#1567,.F.);
#1715 = ORIENTED_EDGE('',*,*,#1666,.T.);
#1716 = ORIENTED_EDGE('',*,*,#1717,.T.);
#1717 = EDGE_CURVE('',#1667,#1718,#1720,.T.);
#1718 = VERTEX_POINT('',#1719);
#1719 = CARTESIAN_POINT('',(1.6,0.76,0.));
#1720 = LINE('',#1721,#1722);
#1721 = CARTESIAN_POINT('',(1.6,-0.8,0.));
#1722 = VECTOR('',#1723,1.);
#1723 = DIRECTION('',(0.,1.,0.));
#1724 = ORIENTED_EDGE('',*,*,#1725,.F.);
#1725 = EDGE_CURVE('',#1568,#1718,#1726,.T.);
#1726 = LINE('',#1727,#1728);
#1727 = CARTESIAN_POINT('',(1.2,0.76,0.));
#1728 = VECTOR('',#1729,1.);
#1729 = DIRECTION('',(1.,0.,0.));
#1730 = PLANE('',#1731);
#1731 = AXIS2_PLACEMENT_3D('',#1732,#1733,#1734);
#1732 = CARTESIAN_POINT('',(1.2,-0.8,0.));
#1733 = DIRECTION('',(0.,0.,1.));
#1734 = DIRECTION('',(1.,0.,-0.));
#1735 = ADVANCED_FACE('',(#1736),#1754,.T.);
#1736 = FACE_BOUND('',#1737,.T.);
#1737 = EDGE_LOOP('',(#1738,#1739,#1740,#1748));
#1738 = ORIENTED_EDGE('',*,*,#1601,.F.);
#1739 = ORIENTED_EDGE('',*,*,#1700,.T.);
#1740 = ORIENTED_EDGE('',*,*,#1741,.T.);
#1741 = EDGE_CURVE('',#1692,#1742,#1744,.T.);
#1742 = VERTEX_POINT('',#1743);
#1743 = CARTESIAN_POINT('',(1.6,0.76,1.6));
#1744 = LINE('',#1745,#1746);
#1745 = CARTESIAN_POINT('',(1.6,-0.8,1.6));
#1746 = VECTOR('',#1747,1.);
#1747 = DIRECTION('',(0.,1.,0.));
#1748 = ORIENTED_EDGE('',*,*,#1749,.F.);
#1749 = EDGE_CURVE('',#1593,#1742,#1750,.T.);
#1750 = LINE('',#1751,#1752);
#1751 = CARTESIAN_POINT('',(1.2,0.76,1.6));
#1752 = VECTOR('',#1753,1.);
#1753 = DIRECTION('',(1.,0.,0.));
#1754 = PLANE('',#1755);
#1755 = AXIS2_PLACEMENT_3D('',#1756,#1757,#1758);
#1756 = CARTESIAN_POINT('',(1.2,-0.8,1.6));
#1757 = DIRECTION('',(0.,0.,1.));
#1758 = DIRECTION('',(1.,0.,-0.));
#1759 = ADVANCED_FACE('',(#1760),#1779,.T.);
#1760 = FACE_BOUND('',#1761,.T.);
#1761 = EDGE_LOOP('',(#1762,#1770,#1777,#1778));
#1762 = ORIENTED_EDGE('',*,*,#1763,.T.);
#1763 = EDGE_CURVE('',#1576,#1764,#1766,.T.);
#1764 = VERTEX_POINT('',#1765);
#1765 = CARTESIAN_POINT('',(1.6,0.8,4.E-02));
#1766 = LINE('',#1767,#1768);
#1767 = CARTESIAN_POINT('',(1.2,0.8,4.E-02));
#1768 = VECTOR('',#1769,1.);
#1769 = DIRECTION('',(1.,0.,0.));
#1770 = ORIENTED_EDGE('',*,*,#1771,.T.);
#1771 = EDGE_CURVE('',#1764,#1718,#1772,.T.);
#1772 = CIRCLE('',#1773,4.E-02);
#1773 = AXIS2_PLACEMENT_3D('',#1774,#1775,#1776);
#1774 = CARTESIAN_POINT('',(1.6,0.76,4.E-02));
#1775 = DIRECTION('',(-1.,0.,0.));
#1776 = DIRECTION('',(0.,0.,1.));
#1777 = ORIENTED_EDGE('',*,*,#1725,.F.);
#1778 = ORIENTED_EDGE('',*,*,#1575,.F.);
#1779 = CYLINDRICAL_SURFACE('',#1780,4.E-02);
#1780 = AXIS2_PLACEMENT_3D('',#1781,#1782,#1783);
#1781 = CARTESIAN_POINT('',(1.2,0.76,4.E-02));
#1782 = DIRECTION('',(1.,0.,0.));
#1783 = DIRECTION('',(-0.,1.,0.));
#1784 = ADVANCED_FACE('',(#1785),#1804,.T.);
#1785 = FACE_BOUND('',#1786,.T.);
#1786 = EDGE_LOOP('',(#1787,#1788,#1789,#1798));
#1787 = ORIENTED_EDGE('',*,*,#1592,.T.);
#1788 = ORIENTED_EDGE('',*,*,#1749,.T.);
#1789 = ORIENTED_EDGE('',*,*,#1790,.F.);
#1790 = EDGE_CURVE('',#1791,#1742,#1793,.T.);
#1791 = VERTEX_POINT('',#1792);
#1792 = CARTESIAN_POINT('',(1.6,0.8,1.56));
#1793 = CIRCLE('',#1794,4.E-02);
#1794 = AXIS2_PLACEMENT_3D('',#1795,#1796,#1797);
#1795 = CARTESIAN_POINT('',(1.6,0.76,1.56));
#1796 = DIRECTION('',(1.,0.,-0.));
#1797 = DIRECTION('',(0.,0.,1.));
#1798 = ORIENTED_EDGE('',*,*,#1799,.F.);
#1799 = EDGE_CURVE('',#1585,#1791,#1800,.T.);
#1800 = LINE('',#1801,#1802);
#1801 = CARTESIAN_POINT('',(1.2,0.8,1.56));
#1802 = VECTOR('',#1803,1.);
#1803 = DIRECTION('',(1.,0.,0.));
#1804 = CYLINDRICAL_SURFACE('',#1805,4.E-02);
#1805 = AXIS2_PLACEMENT_3D('',#1806,#1807,#1808);
#1806 = CARTESIAN_POINT('',(1.2,0.76,1.56));
#1807 = DIRECTION('',(1.,0.,0.));
#1808 = DIRECTION('',(-0.,1.,0.));
#1809 = ADVANCED_FACE('',(#1810),#1821,.T.);
#1810 = FACE_BOUND('',#1811,.T.);
#1811 = EDGE_LOOP('',(#1812,#1818,#1819,#1820));
#1812 = ORIENTED_EDGE('',*,*,#1813,.F.);
#1813 = EDGE_CURVE('',#1764,#1791,#1814,.T.);
#1814 = LINE('',#1815,#1816);
#1815 = CARTESIAN_POINT('',(1.6,0.8,0.));
#1816 = VECTOR('',#1817,1.);
#1817 = DIRECTION('',(0.,0.,1.));
#1818 = ORIENTED_EDGE('',*,*,#1763,.F.);
#1819 = ORIENTED_EDGE('',*,*,#1584,.T.);
#1820 = ORIENTED_EDGE('',*,*,#1799,.T.);
#1821 = PLANE('',#1822);
#1822 = AXIS2_PLACEMENT_3D('',#1823,#1824,#1825);
#1823 = CARTESIAN_POINT('',(1.2,0.8,0.));
#1824 = DIRECTION('',(0.,1.,0.));
#1825 = DIRECTION('',(0.,-0.,1.));
#1826 = ADVANCED_FACE('',(#1827),#1837,.T.);
#1827 = FACE_BOUND('',#1828,.T.);
#1828 = EDGE_LOOP('',(#1829,#1830,#1831,#1832,#1833,#1834,#1835,#1836));
#1829 = ORIENTED_EDGE('',*,*,#1634,.F.);
#1830 = ORIENTED_EDGE('',*,*,#1674,.T.);
#1831 = ORIENTED_EDGE('',*,*,#1717,.T.);
#1832 = ORIENTED_EDGE('',*,*,#1771,.F.);
#1833 = ORIENTED_EDGE('',*,*,#1813,.T.);
#1834 = ORIENTED_EDGE('',*,*,#1790,.T.);
#1835 = ORIENTED_EDGE('',*,*,#1741,.F.);
#1836 = ORIENTED_EDGE('',*,*,#1691,.F.);
#1837 = PLANE('',#1838);
#1838 = AXIS2_PLACEMENT_3D('',#1839,#1840,#1841);
#1839 = CARTESIAN_POINT('',(1.6,-0.8,0.));
#1840 = DIRECTION('',(1.,0.,0.));
#1841 = DIRECTION('',(0.,0.,1.));
#1842 = ( GEOMETRIC_REPRESENTATION_CONTEXT(3) 
GLOBAL_UNCERTAINTY_ASSIGNED_CONTEXT((#1846)) 
GLOBAL_UNIT_ASSIGNED_CONTEXT((#1843,#1844,#1845)) REPRESENTATION_CONTEXT
('Context #1','3D Context with UNIT and UNCERTAINTY') );
#1843 = ( LENGTH_UNIT() NAMED_UNIT(*) SI_UNIT(.MILLI.,.METRE.) );
#1844 = ( NAMED_UNIT(*) PLANE_ANGLE_UNIT() SI_UNIT($,.RADIAN.) );
#1845 = ( NAMED_UNIT(*) SI_UNIT($,.STERADIAN.) SOLID_ANGLE_UNIT() );
#1846 = UNCERTAINTY_MEASURE_WITH_UNIT(LENGTH_MEASURE(1.E-07),#1843,
  'distance_accuracy_value','confusion accuracy');
#1847 = CONTEXT_DEPENDENT_SHAPE_REPRESENTATION(#1848,#1850);
#1848 = ( REPRESENTATION_RELATIONSHIP('','',#987,#964) 
REPRESENTATION_RELATIONSHIP_WITH_TRANSFORMATION(#1849) 
SHAPE_REPRESENTATION_RELATIONSHIP() );
#1849 = ITEM_DEFINED_TRANSFORMATION('','',#11,#965);
#1850 = PRODUCT_DEFINITION_SHAPE('Placement','Placement of an item',
  #1851);
#1851 = NEXT_ASSEMBLY_USAGE_OCCURRENCE('3','=>[0:1:1:5]','',#959,#982,$
  );
#1852 = PRODUCT_RELATED_PRODUCT_CATEGORY('part',$,(#984));
#1853 = SHAPE_DEFINITION_REPRESENTATION(#1854,#1860);
#1854 = PRODUCT_DEFINITION_SHAPE('','',#1855);
#1855 = PRODUCT_DEFINITION('design','',#1856,#1859);
#1856 = PRODUCT_DEFINITION_FORMATION('','',#1857);
#1857 = PRODUCT('R_0603_1608Metric','R_0603_1608Metric','',(#1858));
#1858 = PRODUCT_CONTEXT('',#2,'mechanical');
#1859 = PRODUCT_DEFINITION_CONTEXT('part definition',#2,'design');
#1860 = SHAPE_REPRESENTATION('',(#11,#1861),#1865);
#1861 = AXIS2_PLACEMENT_3D('',#1862,#1863,#1864);
#1862 = CARTESIAN_POINT('',(0.,0.,0.));
#1863 = DIRECTION('',(0.,0.,1.));
#1864 = DIRECTION('',(1.,0.,-0.));
#1865 = ( GEOMETRIC_REPRESENTATION_CONTEXT(3) 
GLOBAL_UNCERTAINTY_ASSIGNED_CONTEXT((#1869)) 
GLOBAL_UNIT_ASSIGNED_CONTEXT((#1866,#1867,#1868)) REPRESENTATION_CONTEXT
('Context #1','3D Context with UNIT and UNCERTAINTY') );
#1866 = ( LENGTH_UNIT() NAMED_UNIT(*) SI_UNIT(.MILLI.,.METRE.) );
#1867 = ( NAMED_UNIT(*) PLANE_ANGLE_UNIT() SI_UNIT($,.RADIAN.) );
#1868 = ( NAMED_UNIT(*) SI_UNIT($,.STERADIAN.) SOLID_ANGLE_UNIT() );
#1869 = UNCERTAINTY_MEASURE_WITH_UNIT(LENGTH_MEASURE(1.E-07),#1866,
  'distance_accuracy_value','confusion accuracy');
#1870 = CONTEXT_DEPENDENT_SHAPE_REPRESENTATION(#1871,#1873);
#1871 = ( REPRESENTATION_RELATIONSHIP('','',#1860,#10) 
REPRESENTATION_RELATIONSHIP_WITH_TRANSFORMATION(#1872) 
SHAPE_REPRESENTATION_RELATIONSHIP() );
#1872 = ITEM_DEFINED_TRANSFORMATION('','',#11,#23);
#1873 = PRODUCT_DEFINITION_SHAPE('Placement','Placement of an item',
  #1874);
#1874 = NEXT_ASSEMBLY_USAGE_OCCURRENCE('6','R1','',#5,#1855,$);
#1875 = PRODUCT_RELATED_PRODUCT_CATEGORY('part',$,(#1857));
#1876 = SHAPE_DEFINITION_REPRESENTATION(#1877,#1883);
#1877 = PRODUCT_DEFINITION_SHAPE('','',#1878);
#1878 = PRODUCT_DEFINITION('design','',#1879,#1882);
#1879 = PRODUCT_DEFINITION_FORMATION('','',#1880);
#1880 = PRODUCT('R_0603_1608Metric','R_0603_1608Metric','',(#1881));
#1881 = PRODUCT_CONTEXT('',#2,'mechanical');
#1882 = PRODUCT_DEFINITION_CONTEXT('part definition',#2,'design');
#1883 = ADVANCED_BREP_SHAPE_REPRESENTATION('',(#11,#1884),#2674);
#1884 = MANIFOLD_SOLID_BREP('',#1885);
#1885 = CLOSED_SHELL('',(#1886,#1926,#2009,#2034,#2059,#2126,#2143,#2160
    ,#2209,#2226,#2243,#2292,#2309,#2378,#2409,#2433,#2502,#2526,#2543,
    #2560,#2577,#2594,#2611,#2628,#2645,#2662));
#1886 = ADVANCED_FACE('',(#1887),#1921,.F.);
#1887 = FACE_BOUND('',#1888,.F.);
#1888 = EDGE_LOOP('',(#1889,#1899,#1907,#1915));
#1889 = ORIENTED_EDGE('',*,*,#1890,.F.);
#1890 = EDGE_CURVE('',#1891,#1893,#1895,.T.);
#1891 = VERTEX_POINT('',#1892);
#1892 = CARTESIAN_POINT('',(-0.8,-0.4,4.5E-02));
#1893 = VERTEX_POINT('',#1894);
#1894 = CARTESIAN_POINT('',(-0.8,-0.4,0.405));
#1895 = LINE('',#1896,#1897);
#1896 = CARTESIAN_POINT('',(-0.8,-0.4,0.));
#1897 = VECTOR('',#1898,1.);
#1898 = DIRECTION('',(0.,0.,1.));
#1899 = ORIENTED_EDGE('',*,*,#1900,.T.);
#1900 = EDGE_CURVE('',#1891,#1901,#1903,.T.);
#1901 = VERTEX_POINT('',#1902);
#1902 = CARTESIAN_POINT('',(-0.8,0.4,4.5E-02));
#1903 = LINE('',#1904,#1905);
#1904 = CARTESIAN_POINT('',(-0.8,-0.4,4.5E-02));
#1905 = VECTOR('',#1906,1.);
#1906 = DIRECTION('',(0.,1.,0.));
#1907 = ORIENTED_EDGE('',*,*,#1908,.T.);
#1908 = EDGE_CURVE('',#1901,#1909,#1911,.T.);
#1909 = VERTEX_POINT('',#1910);
#1910 = CARTESIAN_POINT('',(-0.8,0.4,0.405));
#1911 = LINE('',#1912,#1913);
#1912 = CARTESIAN_POINT('',(-0.8,0.4,0.));
#1913 = VECTOR('',#1914,1.);
#1914 = DIRECTION('',(0.,0.,1.));
#1915 = ORIENTED_EDGE('',*,*,#1916,.F.);
#1916 = EDGE_CURVE('',#1893,#1909,#1917,.T.);
#1917 = LINE('',#1918,#1919);
#1918 = CARTESIAN_POINT('',(-0.8,-0.4,0.405));
#1919 = VECTOR('',#1920,1.);
#1920 = DIRECTION('',(0.,1.,0.));
#1921 = PLANE('',#1922);
#1922 = AXIS2_PLACEMENT_3D('',#1923,#1924,#1925);
#1923 = CARTESIAN_POINT('',(-0.8,-0.4,0.));
#1924 = DIRECTION('',(1.,0.,0.));
#1925 = DIRECTION('',(0.,0.,1.));
#1926 = ADVANCED_FACE('',(#1927),#2004,.F.);
#1927 = FACE_BOUND('',#1928,.F.);
#1928 = EDGE_LOOP('',(#1929,#1939,#1946,#1947,#1956,#1964,#1973,#1981,
    #1989,#1997));
#1929 = ORIENTED_EDGE('',*,*,#1930,.F.);
#1930 = EDGE_CURVE('',#1931,#1933,#1935,.T.);
#1931 = VERTEX_POINT('',#1932);
#1932 = CARTESIAN_POINT('',(-0.755,-0.4,-2.775557561563E-17));
#1933 = VERTEX_POINT('',#1934);
#1934 = CARTESIAN_POINT('',(-0.545,-0.4,-2.775557561563E-17));
#1935 = LINE('',#1936,#1937);
#1936 = CARTESIAN_POINT('',(-0.8,-0.4,0.));
#1937 = VECTOR('',#1938,1.);
#1938 = DIRECTION('',(1.,0.,0.));
#1939 = ORIENTED_EDGE('',*,*,#1940,.F.);
#1940 = EDGE_CURVE('',#1891,#1931,#1941,.T.);
#1941 = CIRCLE('',#1942,4.5E-02);
#1942 = AXIS2_PLACEMENT_3D('',#1943,#1944,#1945);
#1943 = CARTESIAN_POINT('',(-0.755,-0.4,4.5E-02));
#1944 = DIRECTION('',(0.,-1.,0.));
#1945 = DIRECTION('',(0.,0.,1.));
#1946 = ORIENTED_EDGE('',*,*,#1890,.T.);
#1947 = ORIENTED_EDGE('',*,*,#1948,.T.);
#1948 = EDGE_CURVE('',#1893,#1949,#1951,.T.);
#1949 = VERTEX_POINT('',#1950);
#1950 = CARTESIAN_POINT('',(-0.755,-0.4,0.45));
#1951 = CIRCLE('',#1952,4.5E-02);
#1952 = AXIS2_PLACEMENT_3D('',#1953,#1954,#1955);
#1953 = CARTESIAN_POINT('',(-0.755,-0.4,0.405));
#1954 = DIRECTION('',(0.,1.,0.));
#1955 = DIRECTION('',(0.,-0.,1.));
#1956 = ORIENTED_EDGE('',*,*,#1957,.T.);
#1957 = EDGE_CURVE('',#1949,#1958,#1960,.T.);
#1958 = VERTEX_POINT('',#1959);
#1959 = CARTESIAN_POINT('',(-0.545,-0.4,0.45));
#1960 = LINE('',#1961,#1962);
#1961 = CARTESIAN_POINT('',(-0.8,-0.4,0.45));
#1962 = VECTOR('',#1963,1.);
#1963 = DIRECTION('',(1.,0.,0.));
#1964 = ORIENTED_EDGE('',*,*,#1965,.F.);
#1965 = EDGE_CURVE('',#1966,#1958,#1968,.T.);
#1966 = VERTEX_POINT('',#1967);
#1967 = CARTESIAN_POINT('',(-0.5,-0.4,0.405));
#1968 = CIRCLE('',#1969,4.5E-02);
#1969 = AXIS2_PLACEMENT_3D('',#1970,#1971,#1972);
#1970 = CARTESIAN_POINT('',(-0.545,-0.4,0.405));
#1971 = DIRECTION('',(0.,-1.,0.));
#1972 = DIRECTION('',(0.,0.,1.));
#1973 = ORIENTED_EDGE('',*,*,#1974,.F.);
#1974 = EDGE_CURVE('',#1975,#1966,#1977,.T.);
#1975 = VERTEX_POINT('',#1976);
#1976 = CARTESIAN_POINT('',(-0.755,-0.4,0.405));
#1977 = LINE('',#1978,#1979);
#1978 = CARTESIAN_POINT('',(-0.755,-0.4,0.405));
#1979 = VECTOR('',#1980,1.);
#1980 = DIRECTION('',(1.,0.,0.));
#1981 = ORIENTED_EDGE('',*,*,#1982,.F.);
#1982 = EDGE_CURVE('',#1983,#1975,#1985,.T.);
#1983 = VERTEX_POINT('',#1984);
#1984 = CARTESIAN_POINT('',(-0.755,-0.4,4.5E-02));
#1985 = LINE('',#1986,#1987);
#1986 = CARTESIAN_POINT('',(-0.755,-0.4,4.5E-02));
#1987 = VECTOR('',#1988,1.);
#1988 = DIRECTION('',(0.,0.,1.));
#1989 = ORIENTED_EDGE('',*,*,#1990,.T.);
#1990 = EDGE_CURVE('',#1983,#1991,#1993,.T.);
#1991 = VERTEX_POINT('',#1992);
#1992 = CARTESIAN_POINT('',(-0.5,-0.4,4.5E-02));
#1993 = LINE('',#1994,#1995);
#1994 = CARTESIAN_POINT('',(-0.755,-0.4,4.5E-02));
#1995 = VECTOR('',#1996,1.);
#1996 = DIRECTION('',(1.,0.,0.));
#1997 = ORIENTED_EDGE('',*,*,#1998,.T.);
#1998 = EDGE_CURVE('',#1991,#1933,#1999,.T.);
#1999 = CIRCLE('',#2000,4.5E-02);
#2000 = AXIS2_PLACEMENT_3D('',#2001,#2002,#2003);
#2001 = CARTESIAN_POINT('',(-0.545,-0.4,4.5E-02));
#2002 = DIRECTION('',(0.,1.,0.));
#2003 = DIRECTION('',(0.,-0.,1.));
#2004 = PLANE('',#2005);
#2005 = AXIS2_PLACEMENT_3D('',#2006,#2007,#2008);
#2006 = CARTESIAN_POINT('',(-0.8,-0.4,0.));
#2007 = DIRECTION('',(0.,1.,0.));
#2008 = DIRECTION('',(0.,-0.,1.));
#2009 = ADVANCED_FACE('',(#2010),#2029,.T.);
#2010 = FACE_BOUND('',#2011,.T.);
#2011 = EDGE_LOOP('',(#2012,#2013,#2022,#2028));
#2012 = ORIENTED_EDGE('',*,*,#1900,.T.);
#2013 = ORIENTED_EDGE('',*,*,#2014,.T.);
#2014 = EDGE_CURVE('',#1901,#2015,#2017,.T.);
#2015 = VERTEX_POINT('',#2016);
#2016 = CARTESIAN_POINT('',(-0.755,0.4,-2.775557561563E-17));
#2017 = CIRCLE('',#2018,4.5E-02);
#2018 = AXIS2_PLACEMENT_3D('',#2019,#2020,#2021);
#2019 = CARTESIAN_POINT('',(-0.755,0.4,4.5E-02));
#2020 = DIRECTION('',(0.,-1.,0.));
#2021 = DIRECTION('',(0.,0.,1.));
#2022 = ORIENTED_EDGE('',*,*,#2023,.F.);
#2023 = EDGE_CURVE('',#1931,#2015,#2024,.T.);
#2024 = LINE('',#2025,#2026);
#2025 = CARTESIAN_POINT('',(-0.755,-0.4,-2.775557561563E-17));
#2026 = VECTOR('',#2027,1.);
#2027 = DIRECTION('',(0.,1.,0.));
#2028 = ORIENTED_EDGE('',*,*,#1940,.F.);
#2029 = CYLINDRICAL_SURFACE('',#2030,4.5E-02);
#2030 = AXIS2_PLACEMENT_3D('',#2031,#2032,#2033);
#2031 = CARTESIAN_POINT('',(-0.755,-0.4,4.5E-02));
#2032 = DIRECTION('',(0.,1.,0.));
#2033 = DIRECTION('',(-1.,0.,0.));
#2034 = ADVANCED_FACE('',(#2035),#2054,.T.);
#2035 = FACE_BOUND('',#2036,.T.);
#2036 = EDGE_LOOP('',(#2037,#2038,#2046,#2053));
#2037 = ORIENTED_EDGE('',*,*,#1948,.T.);
#2038 = ORIENTED_EDGE('',*,*,#2039,.T.);
#2039 = EDGE_CURVE('',#1949,#2040,#2042,.T.);
#2040 = VERTEX_POINT('',#2041);
#2041 = CARTESIAN_POINT('',(-0.755,0.4,0.45));
#2042 = LINE('',#2043,#2044);
#2043 = CARTESIAN_POINT('',(-0.755,-0.4,0.45));
#2044 = VECTOR('',#2045,1.);
#2045 = DIRECTION('',(0.,1.,0.));
#2046 = ORIENTED_EDGE('',*,*,#2047,.F.);
#2047 = EDGE_CURVE('',#1909,#2040,#2048,.T.);
#2048 = CIRCLE('',#2049,4.5E-02);
#2049 = AXIS2_PLACEMENT_3D('',#2050,#2051,#2052);
#2050 = CARTESIAN_POINT('',(-0.755,0.4,0.405));
#2051 = DIRECTION('',(0.,1.,0.));
#2052 = DIRECTION('',(0.,-0.,1.));
#2053 = ORIENTED_EDGE('',*,*,#1916,.F.);
#2054 = CYLINDRICAL_SURFACE('',#2055,4.5E-02);
#2055 = AXIS2_PLACEMENT_3D('',#2056,#2057,#2058);
#2056 = CARTESIAN_POINT('',(-0.755,-0.4,0.405));
#2057 = DIRECTION('',(0.,1.,0.));
#2058 = DIRECTION('',(-1.,0.,0.));
#2059 = ADVANCED_FACE('',(#2060),#2121,.T.);
#2060 = FACE_BOUND('',#2061,.T.);
#2061 = EDGE_LOOP('',(#2062,#2070,#2071,#2072,#2073,#2081,#2090,#2098,
    #2106,#2114));
#2062 = ORIENTED_EDGE('',*,*,#2063,.F.);
#2063 = EDGE_CURVE('',#2015,#2064,#2066,.T.);
#2064 = VERTEX_POINT('',#2065);
#2065 = CARTESIAN_POINT('',(-0.545,0.4,-2.775557561563E-17));
#2066 = LINE('',#2067,#2068);
#2067 = CARTESIAN_POINT('',(-0.8,0.4,0.));
#2068 = VECTOR('',#2069,1.);
#2069 = DIRECTION('',(1.,0.,0.));
#2070 = ORIENTED_EDGE('',*,*,#2014,.F.);
#2071 = ORIENTED_EDGE('',*,*,#1908,.T.);
#2072 = ORIENTED_EDGE('',*,*,#2047,.T.);
#2073 = ORIENTED_EDGE('',*,*,#2074,.T.);
#2074 = EDGE_CURVE('',#2040,#2075,#2077,.T.);
#2075 = VERTEX_POINT('',#2076);
#2076 = CARTESIAN_POINT('',(-0.545,0.4,0.45));
#2077 = LINE('',#2078,#2079);
#2078 = CARTESIAN_POINT('',(-0.8,0.4,0.45));
#2079 = VECTOR('',#2080,1.);
#2080 = DIRECTION('',(1.,0.,0.));
#2081 = ORIENTED_EDGE('',*,*,#2082,.F.);
#2082 = EDGE_CURVE('',#2083,#2075,#2085,.T.);
#2083 = VERTEX_POINT('',#2084);
#2084 = CARTESIAN_POINT('',(-0.5,0.4,0.405));
#2085 = CIRCLE('',#2086,4.5E-02);
#2086 = AXIS2_PLACEMENT_3D('',#2087,#2088,#2089);
#2087 = CARTESIAN_POINT('',(-0.545,0.4,0.405));
#2088 = DIRECTION('',(0.,-1.,0.));
#2089 = DIRECTION('',(0.,0.,1.));
#2090 = ORIENTED_EDGE('',*,*,#2091,.F.);
#2091 = EDGE_CURVE('',#2092,#2083,#2094,.T.);
#2092 = VERTEX_POINT('',#2093);
#2093 = CARTESIAN_POINT('',(-0.755,0.4,0.405));
#2094 = LINE('',#2095,#2096);
#2095 = CARTESIAN_POINT('',(-0.755,0.4,0.405));
#2096 = VECTOR('',#2097,1.);
#2097 = DIRECTION('',(1.,0.,0.));
#2098 = ORIENTED_EDGE('',*,*,#2099,.F.);
#2099 = EDGE_CURVE('',#2100,#2092,#2102,.T.);
#2100 = VERTEX_POINT('',#2101);
#2101 = CARTESIAN_POINT('',(-0.755,0.4,4.5E-02));
#2102 = LINE('',#2103,#2104);
#2103 = CARTESIAN_POINT('',(-0.755,0.4,4.5E-02));
#2104 = VECTOR('',#2105,1.);
#2105 = DIRECTION('',(0.,0.,1.));
#2106 = ORIENTED_EDGE('',*,*,#2107,.T.);
#2107 = EDGE_CURVE('',#2100,#2108,#2110,.T.);
#2108 = VERTEX_POINT('',#2109);
#2109 = CARTESIAN_POINT('',(-0.5,0.4,4.5E-02));
#2110 = LINE('',#2111,#2112);
#2111 = CARTESIAN_POINT('',(-0.755,0.4,4.5E-02));
#2112 = VECTOR('',#2113,1.);
#2113 = DIRECTION('',(1.,0.,0.));
#2114 = ORIENTED_EDGE('',*,*,#2115,.T.);
#2115 = EDGE_CURVE('',#2108,#2064,#2116,.T.);
#2116 = CIRCLE('',#2117,4.5E-02);
#2117 = AXIS2_PLACEMENT_3D('',#2118,#2119,#2120);
#2118 = CARTESIAN_POINT('',(-0.545,0.4,4.5E-02));
#2119 = DIRECTION('',(0.,1.,0.));
#2120 = DIRECTION('',(0.,-0.,1.));
#2121 = PLANE('',#2122);
#2122 = AXIS2_PLACEMENT_3D('',#2123,#2124,#2125);
#2123 = CARTESIAN_POINT('',(-0.8,0.4,0.));
#2124 = DIRECTION('',(0.,1.,0.));
#2125 = DIRECTION('',(0.,-0.,1.));
#2126 = ADVANCED_FACE('',(#2127),#2138,.F.);
#2127 = FACE_BOUND('',#2128,.F.);
#2128 = EDGE_LOOP('',(#2129,#2130,#2131,#2132));
#2129 = ORIENTED_EDGE('',*,*,#2063,.F.);
#2130 = ORIENTED_EDGE('',*,*,#2023,.F.);
#2131 = ORIENTED_EDGE('',*,*,#1930,.T.);
#2132 = ORIENTED_EDGE('',*,*,#2133,.T.);
#2133 = EDGE_CURVE('',#1933,#2064,#2134,.T.);
#2134 = LINE('',#2135,#2136);
#2135 = CARTESIAN_POINT('',(-0.545,-0.4,-2.775557561563E-17));
#2136 = VECTOR('',#2137,1.);
#2137 = DIRECTION('',(0.,1.,0.));
#2138 = PLANE('',#2139);
#2139 = AXIS2_PLACEMENT_3D('',#2140,#2141,#2142);
#2140 = CARTESIAN_POINT('',(-0.8,-0.4,0.));
#2141 = DIRECTION('',(0.,0.,1.));
#2142 = DIRECTION('',(1.,0.,-0.));
#2143 = ADVANCED_FACE('',(#2144),#2155,.T.);
#2144 = FACE_BOUND('',#2145,.T.);
#2145 = EDGE_LOOP('',(#2146,#2147,#2148,#2149));
#2146 = ORIENTED_EDGE('',*,*,#1998,.T.);
#2147 = ORIENTED_EDGE('',*,*,#2133,.T.);
#2148 = ORIENTED_EDGE('',*,*,#2115,.F.);
#2149 = ORIENTED_EDGE('',*,*,#2150,.F.);
#2150 = EDGE_CURVE('',#1991,#2108,#2151,.T.);
#2151 = LINE('',#2152,#2153);
#2152 = CARTESIAN_POINT('',(-0.5,-0.4,4.5E-02));
#2153 = VECTOR('',#2154,1.);
#2154 = DIRECTION('',(0.,1.,0.));
#2155 = CYLINDRICAL_SURFACE('',#2156,4.5E-02);
#2156 = AXIS2_PLACEMENT_3D('',#2157,#2158,#2159);
#2157 = CARTESIAN_POINT('',(-0.545,-0.4,4.5E-02));
#2158 = DIRECTION('',(0.,1.,0.));
#2159 = DIRECTION('',(1.,0.,0.));
#2160 = ADVANCED_FACE('',(#2161),#2204,.F.);
#2161 = FACE_BOUND('',#2162,.F.);
#2162 = EDGE_LOOP('',(#2163,#2164,#2165,#2166,#2174,#2182,#2190,#2198));
#2163 = ORIENTED_EDGE('',*,*,#1990,.F.);
#2164 = ORIENTED_EDGE('',*,*,#1982,.T.);
#2165 = ORIENTED_EDGE('',*,*,#1974,.T.);
#2166 = ORIENTED_EDGE('',*,*,#2167,.T.);
#2167 = EDGE_CURVE('',#1966,#2168,#2170,.T.);
#2168 = VERTEX_POINT('',#2169);
#2169 = CARTESIAN_POINT('',(0.5,-0.4,0.405));
#2170 = LINE('',#2171,#2172);
#2171 = CARTESIAN_POINT('',(-0.5,-0.4,0.405));
#2172 = VECTOR('',#2173,1.);
#2173 = DIRECTION('',(1.,0.,0.));
#2174 = ORIENTED_EDGE('',*,*,#2175,.T.);
#2175 = EDGE_CURVE('',#2168,#2176,#2178,.T.);
#2176 = VERTEX_POINT('',#2177);
#2177 = CARTESIAN_POINT('',(0.755,-0.4,0.405));
#2178 = LINE('',#2179,#2180);
#2179 = CARTESIAN_POINT('',(-0.755,-0.4,0.405));
#2180 = VECTOR('',#2181,1.);
#2181 = DIRECTION('',(1.,0.,0.));
#2182 = ORIENTED_EDGE('',*,*,#2183,.F.);
#2183 = EDGE_CURVE('',#2184,#2176,#2186,.T.);
#2184 = VERTEX_POINT('',#2185);
#2185 = CARTESIAN_POINT('',(0.755,-0.4,4.5E-02));
#2186 = LINE('',#2187,#2188);
#2187 = CARTESIAN_POINT('',(0.755,-0.4,4.5E-02));
#2188 = VECTOR('',#2189,1.);
#2189 = DIRECTION('',(0.,0.,1.));
#2190 = ORIENTED_EDGE('',*,*,#2191,.F.);
#2191 = EDGE_CURVE('',#2192,#2184,#2194,.T.);
#2192 = VERTEX_POINT('',#2193);
#2193 = CARTESIAN_POINT('',(0.5,-0.4,4.5E-02));
#2194 = LINE('',#2195,#2196);
#2195 = CARTESIAN_POINT('',(-0.755,-0.4,4.5E-02));
#2196 = VECTOR('',#2197,1.);
#2197 = DIRECTION('',(1.,0.,0.));
#2198 = ORIENTED_EDGE('',*,*,#2199,.F.);
#2199 = EDGE_CURVE('',#1991,#2192,#2200,.T.);
#2200 = LINE('',#2201,#2202);
#2201 = CARTESIAN_POINT('',(-0.755,-0.4,4.5E-02));
#2202 = VECTOR('',#2203,1.);
#2203 = DIRECTION('',(1.,0.,0.));
#2204 = PLANE('',#2205);
#2205 = AXIS2_PLACEMENT_3D('',#2206,#2207,#2208);
#2206 = CARTESIAN_POINT('',(-0.755,-0.4,4.5E-02));
#2207 = DIRECTION('',(0.,1.,0.));
#2208 = DIRECTION('',(0.,-0.,1.));
#2209 = ADVANCED_FACE('',(#2210),#2221,.T.);
#2210 = FACE_BOUND('',#2211,.T.);
#2211 = EDGE_LOOP('',(#2212,#2213,#2214,#2215));
#2212 = ORIENTED_EDGE('',*,*,#2074,.F.);
#2213 = ORIENTED_EDGE('',*,*,#2039,.F.);
#2214 = ORIENTED_EDGE('',*,*,#1957,.T.);
#2215 = ORIENTED_EDGE('',*,*,#2216,.T.);
#2216 = EDGE_CURVE('',#1958,#2075,#2217,.T.);
#2217 = LINE('',#2218,#2219);
#2218 = CARTESIAN_POINT('',(-0.545,-0.4,0.45));
#2219 = VECTOR('',#2220,1.);
#2220 = DIRECTION('',(0.,1.,0.));
#2221 = PLANE('',#2222);
#2222 = AXIS2_PLACEMENT_3D('',#2223,#2224,#2225);
#2223 = CARTESIAN_POINT('',(-0.8,-0.4,0.45));
#2224 = DIRECTION('',(0.,0.,1.));
#2225 = DIRECTION('',(1.,0.,-0.));
#2226 = ADVANCED_FACE('',(#2227),#2238,.T.);
#2227 = FACE_BOUND('',#2228,.T.);
#2228 = EDGE_LOOP('',(#2229,#2235,#2236,#2237));
#2229 = ORIENTED_EDGE('',*,*,#2230,.T.);
#2230 = EDGE_CURVE('',#1966,#2083,#2231,.T.);
#2231 = LINE('',#2232,#2233);
#2232 = CARTESIAN_POINT('',(-0.5,-0.4,0.405));
#2233 = VECTOR('',#2234,1.);
#2234 = DIRECTION('',(0.,1.,0.));
#2235 = ORIENTED_EDGE('',*,*,#2082,.T.);
#2236 = ORIENTED_EDGE('',*,*,#2216,.F.);
#2237 = ORIENTED_EDGE('',*,*,#1965,.F.);
#2238 = CYLINDRICAL_SURFACE('',#2239,4.5E-02);
#2239 = AXIS2_PLACEMENT_3D('',#2240,#2241,#2242);
#2240 = CARTESIAN_POINT('',(-0.545,-0.4,0.405));
#2241 = DIRECTION('',(0.,1.,0.));
#2242 = DIRECTION('',(1.,0.,0.));
#2243 = ADVANCED_FACE('',(#2244),#2287,.T.);
#2244 = FACE_BOUND('',#2245,.T.);
#2245 = EDGE_LOOP('',(#2246,#2247,#2248,#2249,#2257,#2265,#2273,#2281));
#2246 = ORIENTED_EDGE('',*,*,#2107,.F.);
#2247 = ORIENTED_EDGE('',*,*,#2099,.T.);
#2248 = ORIENTED_EDGE('',*,*,#2091,.T.);
#2249 = ORIENTED_EDGE('',*,*,#2250,.T.);
#2250 = EDGE_CURVE('',#2083,#2251,#2253,.T.);
#2251 = VERTEX_POINT('',#2252);
#2252 = CARTESIAN_POINT('',(0.5,0.4,0.405));
#2253 = LINE('',#2254,#2255);
#2254 = CARTESIAN_POINT('',(-0.5,0.4,0.405));
#2255 = VECTOR('',#2256,1.);
#2256 = DIRECTION('',(1.,0.,0.));
#2257 = ORIENTED_EDGE('',*,*,#2258,.T.);
#2258 = EDGE_CURVE('',#2251,#2259,#2261,.T.);
#2259 = VERTEX_POINT('',#2260);
#2260 = CARTESIAN_POINT('',(0.755,0.4,0.405));
#2261 = LINE('',#2262,#2263);
#2262 = CARTESIAN_POINT('',(-0.755,0.4,0.405));
#2263 = VECTOR('',#2264,1.);
#2264 = DIRECTION('',(1.,0.,0.));
#2265 = ORIENTED_EDGE('',*,*,#2266,.F.);
#2266 = EDGE_CURVE('',#2267,#2259,#2269,.T.);
#2267 = VERTEX_POINT('',#2268);
#2268 = CARTESIAN_POINT('',(0.755,0.4,4.5E-02));
#2269 = LINE('',#2270,#2271);
#2270 = CARTESIAN_POINT('',(0.755,0.4,4.5E-02));
#2271 = VECTOR('',#2272,1.);
#2272 = DIRECTION('',(0.,0.,1.));
#2273 = ORIENTED_EDGE('',*,*,#2274,.F.);
#2274 = EDGE_CURVE('',#2275,#2267,#2277,.T.);
#2275 = VERTEX_POINT('',#2276);
#2276 = CARTESIAN_POINT('',(0.5,0.4,4.5E-02));
#2277 = LINE('',#2278,#2279);
#2278 = CARTESIAN_POINT('',(-0.755,0.4,4.5E-02));
#2279 = VECTOR('',#2280,1.);
#2280 = DIRECTION('',(1.,0.,0.));
#2281 = ORIENTED_EDGE('',*,*,#2282,.F.);
#2282 = EDGE_CURVE('',#2108,#2275,#2283,.T.);
#2283 = LINE('',#2284,#2285);
#2284 = CARTESIAN_POINT('',(-0.755,0.4,4.5E-02));
#2285 = VECTOR('',#2286,1.);
#2286 = DIRECTION('',(1.,0.,0.));
#2287 = PLANE('',#2288);
#2288 = AXIS2_PLACEMENT_3D('',#2289,#2290,#2291);
#2289 = CARTESIAN_POINT('',(-0.755,0.4,4.5E-02));
#2290 = DIRECTION('',(0.,1.,0.));
#2291 = DIRECTION('',(0.,-0.,1.));
#2292 = ADVANCED_FACE('',(#2293),#2304,.F.);
#2293 = FACE_BOUND('',#2294,.F.);
#2294 = EDGE_LOOP('',(#2295,#2296,#2297,#2303));
#2295 = ORIENTED_EDGE('',*,*,#2150,.F.);
#2296 = ORIENTED_EDGE('',*,*,#2199,.T.);
#2297 = ORIENTED_EDGE('',*,*,#2298,.T.);
#2298 = EDGE_CURVE('',#2192,#2275,#2299,.T.);
#2299 = LINE('',#2300,#2301);
#2300 = CARTESIAN_POINT('',(0.5,-0.4,4.5E-02));
#2301 = VECTOR('',#2302,1.);
#2302 = DIRECTION('',(0.,1.,0.));
#2303 = ORIENTED_EDGE('',*,*,#2282,.F.);
#2304 = PLANE('',#2305);
#2305 = AXIS2_PLACEMENT_3D('',#2306,#2307,#2308);
#2306 = CARTESIAN_POINT('',(-0.755,-0.4,4.5E-02));
#2307 = DIRECTION('',(0.,0.,1.));
#2308 = DIRECTION('',(1.,0.,-0.));
#2309 = ADVANCED_FACE('',(#2310),#2373,.F.);
#2310 = FACE_BOUND('',#2311,.F.);
#2311 = EDGE_LOOP('',(#2312,#2322,#2329,#2330,#2331,#2332,#2341,#2349,
    #2358,#2366));
#2312 = ORIENTED_EDGE('',*,*,#2313,.F.);
#2313 = EDGE_CURVE('',#2314,#2316,#2318,.T.);
#2314 = VERTEX_POINT('',#2315);
#2315 = CARTESIAN_POINT('',(0.545,-0.4,-2.775557561563E-17));
#2316 = VERTEX_POINT('',#2317);
#2317 = CARTESIAN_POINT('',(0.755,-0.4,-2.775557561563E-17));
#2318 = LINE('',#2319,#2320);
#2319 = CARTESIAN_POINT('',(0.5,-0.4,0.));
#2320 = VECTOR('',#2321,1.);
#2321 = DIRECTION('',(1.,0.,0.));
#2322 = ORIENTED_EDGE('',*,*,#2323,.F.);
#2323 = EDGE_CURVE('',#2192,#2314,#2324,.T.);
#2324 = CIRCLE('',#2325,4.5E-02);
#2325 = AXIS2_PLACEMENT_3D('',#2326,#2327,#2328);
#2326 = CARTESIAN_POINT('',(0.545,-0.4,4.5E-02));
#2327 = DIRECTION('',(0.,-1.,0.));
#2328 = DIRECTION('',(0.,0.,1.));
#2329 = ORIENTED_EDGE('',*,*,#2191,.T.);
#2330 = ORIENTED_EDGE('',*,*,#2183,.T.);
#2331 = ORIENTED_EDGE('',*,*,#2175,.F.);
#2332 = ORIENTED_EDGE('',*,*,#2333,.T.);
#2333 = EDGE_CURVE('',#2168,#2334,#2336,.T.);
#2334 = VERTEX_POINT('',#2335);
#2335 = CARTESIAN_POINT('',(0.545,-0.4,0.45));
#2336 = CIRCLE('',#2337,4.5E-02);
#2337 = AXIS2_PLACEMENT_3D('',#2338,#2339,#2340);
#2338 = CARTESIAN_POINT('',(0.545,-0.4,0.405));
#2339 = DIRECTION('',(0.,1.,0.));
#2340 = DIRECTION('',(0.,-0.,1.));
#2341 = ORIENTED_EDGE('',*,*,#2342,.T.);
#2342 = EDGE_CURVE('',#2334,#2343,#2345,.T.);
#2343 = VERTEX_POINT('',#2344);
#2344 = CARTESIAN_POINT('',(0.755,-0.4,0.45));
#2345 = LINE('',#2346,#2347);
#2346 = CARTESIAN_POINT('',(0.5,-0.4,0.45));
#2347 = VECTOR('',#2348,1.);
#2348 = DIRECTION('',(1.,0.,0.));
#2349 = ORIENTED_EDGE('',*,*,#2350,.F.);
#2350 = EDGE_CURVE('',#2351,#2343,#2353,.T.);
#2351 = VERTEX_POINT('',#2352);
#2352 = CARTESIAN_POINT('',(0.8,-0.4,0.405));
#2353 = CIRCLE('',#2354,4.5E-02);
#2354 = AXIS2_PLACEMENT_3D('',#2355,#2356,#2357);
#2355 = CARTESIAN_POINT('',(0.755,-0.4,0.405));
#2356 = DIRECTION('',(0.,-1.,0.));
#2357 = DIRECTION('',(0.,0.,1.));
#2358 = ORIENTED_EDGE('',*,*,#2359,.F.);
#2359 = EDGE_CURVE('',#2360,#2351,#2362,.T.);
#2360 = VERTEX_POINT('',#2361);
#2361 = CARTESIAN_POINT('',(0.8,-0.4,4.5E-02));
#2362 = LINE('',#2363,#2364);
#2363 = CARTESIAN_POINT('',(0.8,-0.4,0.));
#2364 = VECTOR('',#2365,1.);
#2365 = DIRECTION('',(0.,0.,1.));
#2366 = ORIENTED_EDGE('',*,*,#2367,.T.);
#2367 = EDGE_CURVE('',#2360,#2316,#2368,.T.);
#2368 = CIRCLE('',#2369,4.5E-02);
#2369 = AXIS2_PLACEMENT_3D('',#2370,#2371,#2372);
#2370 = CARTESIAN_POINT('',(0.755,-0.4,4.5E-02));
#2371 = DIRECTION('',(0.,1.,0.));
#2372 = DIRECTION('',(0.,-0.,1.));
#2373 = PLANE('',#2374);
#2374 = AXIS2_PLACEMENT_3D('',#2375,#2376,#2377);
#2375 = CARTESIAN_POINT('',(0.5,-0.4,0.));
#2376 = DIRECTION('',(0.,1.,0.));
#2377 = DIRECTION('',(0.,-0.,1.));
#2378 = ADVANCED_FACE('',(#2379),#2404,.F.);
#2379 = FACE_BOUND('',#2380,.F.);
#2380 = EDGE_LOOP('',(#2381,#2382,#2390,#2398));
#2381 = ORIENTED_EDGE('',*,*,#2167,.F.);
#2382 = ORIENTED_EDGE('',*,*,#2383,.T.);
#2383 = EDGE_CURVE('',#1966,#2384,#2386,.T.);
#2384 = VERTEX_POINT('',#2385);
#2385 = CARTESIAN_POINT('',(-0.5,-0.4,0.45));
#2386 = LINE('',#2387,#2388);
#2387 = CARTESIAN_POINT('',(-0.5,-0.4,0.405));
#2388 = VECTOR('',#2389,1.);
#2389 = DIRECTION('',(0.,0.,1.));
#2390 = ORIENTED_EDGE('',*,*,#2391,.T.);
#2391 = EDGE_CURVE('',#2384,#2392,#2394,.T.);
#2392 = VERTEX_POINT('',#2393);
#2393 = CARTESIAN_POINT('',(0.5,-0.4,0.45));
#2394 = LINE('',#2395,#2396);
#2395 = CARTESIAN_POINT('',(-0.5,-0.4,0.45));
#2396 = VECTOR('',#2397,1.);
#2397 = DIRECTION('',(1.,0.,0.));
#2398 = ORIENTED_EDGE('',*,*,#2399,.F.);
#2399 = EDGE_CURVE('',#2168,#2392,#2400,.T.);
#2400 = LINE('',#2401,#2402);
#2401 = CARTESIAN_POINT('',(0.5,-0.4,0.405));
#2402 = VECTOR('',#2403,1.);
#2403 = DIRECTION('',(0.,0.,1.));
#2404 = PLANE('',#2405);
#2405 = AXIS2_PLACEMENT_3D('',#2406,#2407,#2408);
#2406 = CARTESIAN_POINT('',(-0.5,-0.4,0.405));
#2407 = DIRECTION('',(0.,1.,0.));
#2408 = DIRECTION('',(0.,-0.,1.));
#2409 = ADVANCED_FACE('',(#2410),#2428,.F.);
#2410 = FACE_BOUND('',#2411,.F.);
#2411 = EDGE_LOOP('',(#2412,#2413,#2414,#2422));
#2412 = ORIENTED_EDGE('',*,*,#2383,.F.);
#2413 = ORIENTED_EDGE('',*,*,#2230,.T.);
#2414 = ORIENTED_EDGE('',*,*,#2415,.T.);
#2415 = EDGE_CURVE('',#2083,#2416,#2418,.T.);
#2416 = VERTEX_POINT('',#2417);
#2417 = CARTESIAN_POINT('',(-0.5,0.4,0.45));
#2418 = LINE('',#2419,#2420);
#2419 = CARTESIAN_POINT('',(-0.5,0.4,0.405));
#2420 = VECTOR('',#2421,1.);
#2421 = DIRECTION('',(0.,0.,1.));
#2422 = ORIENTED_EDGE('',*,*,#2423,.F.);
#2423 = EDGE_CURVE('',#2384,#2416,#2424,.T.);
#2424 = LINE('',#2425,#2426);
#2425 = CARTESIAN_POINT('',(-0.5,-0.4,0.45));
#2426 = VECTOR('',#2427,1.);
#2427 = DIRECTION('',(0.,1.,0.));
#2428 = PLANE('',#2429);
#2429 = AXIS2_PLACEMENT_3D('',#2430,#2431,#2432);
#2430 = CARTESIAN_POINT('',(-0.5,-0.4,0.405));
#2431 = DIRECTION('',(1.,0.,0.));
#2432 = DIRECTION('',(0.,0.,1.));
#2433 = ADVANCED_FACE('',(#2434),#2497,.T.);
#2434 = FACE_BOUND('',#2435,.T.);
#2435 = EDGE_LOOP('',(#2436,#2446,#2453,#2454,#2455,#2456,#2465,#2473,
    #2482,#2490));
#2436 = ORIENTED_EDGE('',*,*,#2437,.F.);
#2437 = EDGE_CURVE('',#2438,#2440,#2442,.T.);
#2438 = VERTEX_POINT('',#2439);
#2439 = CARTESIAN_POINT('',(0.545,0.4,-2.775557561563E-17));
#2440 = VERTEX_POINT('',#2441);
#2441 = CARTESIAN_POINT('',(0.755,0.4,-2.775557561563E-17));
#2442 = LINE('',#2443,#2444);
#2443 = CARTESIAN_POINT('',(0.5,0.4,0.));
#2444 = VECTOR('',#2445,1.);
#2445 = DIRECTION('',(1.,0.,0.));
#2446 = ORIENTED_EDGE('',*,*,#2447,.F.);
#2447 = EDGE_CURVE('',#2275,#2438,#2448,.T.);
#2448 = CIRCLE('',#2449,4.5E-02);
#2449 = AXIS2_PLACEMENT_3D('',#2450,#2451,#2452);
#2450 = CARTESIAN_POINT('',(0.545,0.4,4.5E-02));
#2451 = DIRECTION('',(0.,-1.,0.));
#2452 = DIRECTION('',(0.,0.,1.));
#2453 = ORIENTED_EDGE('',*,*,#2274,.T.);
#2454 = ORIENTED_EDGE('',*,*,#2266,.T.);
#2455 = ORIENTED_EDGE('',*,*,#2258,.F.);
#2456 = ORIENTED_EDGE('',*,*,#2457,.T.);
#2457 = EDGE_CURVE('',#2251,#2458,#2460,.T.);
#2458 = VERTEX_POINT('',#2459);
#2459 = CARTESIAN_POINT('',(0.545,0.4,0.45));
#2460 = CIRCLE('',#2461,4.5E-02);
#2461 = AXIS2_PLACEMENT_3D('',#2462,#2463,#2464);
#2462 = CARTESIAN_POINT('',(0.545,0.4,0.405));
#2463 = DIRECTION('',(0.,1.,0.));
#2464 = DIRECTION('',(0.,-0.,1.));
#2465 = ORIENTED_EDGE('',*,*,#2466,.T.);
#2466 = EDGE_CURVE('',#2458,#2467,#2469,.T.);
#2467 = VERTEX_POINT('',#2468);
#2468 = CARTESIAN_POINT('',(0.755,0.4,0.45));
#2469 = LINE('',#2470,#2471);
#2470 = CARTESIAN_POINT('',(0.5,0.4,0.45));
#2471 = VECTOR('',#2472,1.);
#2472 = DIRECTION('',(1.,0.,0.));
#2473 = ORIENTED_EDGE('',*,*,#2474,.F.);
#2474 = EDGE_CURVE('',#2475,#2467,#2477,.T.);
#2475 = VERTEX_POINT('',#2476);
#2476 = CARTESIAN_POINT('',(0.8,0.4,0.405));
#2477 = CIRCLE('',#2478,4.5E-02);
#2478 = AXIS2_PLACEMENT_3D('',#2479,#2480,#2481);
#2479 = CARTESIAN_POINT('',(0.755,0.4,0.405));
#2480 = DIRECTION('',(0.,-1.,0.));
#2481 = DIRECTION('',(0.,0.,1.));
#2482 = ORIENTED_EDGE('',*,*,#2483,.F.);
#2483 = EDGE_CURVE('',#2484,#2475,#2486,.T.);
#2484 = VERTEX_POINT('',#2485);
#2485 = CARTESIAN_POINT('',(0.8,0.4,4.5E-02));
#2486 = LINE('',#2487,#2488);
#2487 = CARTESIAN_POINT('',(0.8,0.4,0.));
#2488 = VECTOR('',#2489,1.);
#2489 = DIRECTION('',(0.,0.,1.));
#2490 = ORIENTED_EDGE('',*,*,#2491,.T.);
#2491 = EDGE_CURVE('',#2484,#2440,#2492,.T.);
#2492 = CIRCLE('',#2493,4.5E-02);
#2493 = AXIS2_PLACEMENT_3D('',#2494,#2495,#2496);
#2494 = CARTESIAN_POINT('',(0.755,0.4,4.5E-02));
#2495 = DIRECTION('',(0.,1.,0.));
#2496 = DIRECTION('',(0.,-0.,1.));
#2497 = PLANE('',#2498);
#2498 = AXIS2_PLACEMENT_3D('',#2499,#2500,#2501);
#2499 = CARTESIAN_POINT('',(0.5,0.4,0.));
#2500 = DIRECTION('',(0.,1.,0.));
#2501 = DIRECTION('',(0.,-0.,1.));
#2502 = ADVANCED_FACE('',(#2503),#2521,.T.);
#2503 = FACE_BOUND('',#2504,.T.);
#2504 = EDGE_LOOP('',(#2505,#2506,#2507,#2515));
#2505 = ORIENTED_EDGE('',*,*,#2250,.F.);
#2506 = ORIENTED_EDGE('',*,*,#2415,.T.);
#2507 = ORIENTED_EDGE('',*,*,#2508,.T.);
#2508 = EDGE_CURVE('',#2416,#2509,#2511,.T.);
#2509 = VERTEX_POINT('',#2510);
#2510 = CARTESIAN_POINT('',(0.5,0.4,0.45));
#2511 = LINE('',#2512,#2513);
#2512 = CARTESIAN_POINT('',(-0.5,0.4,0.45));
#2513 = VECTOR('',#2514,1.);
#2514 = DIRECTION('',(1.,0.,0.));
#2515 = ORIENTED_EDGE('',*,*,#2516,.F.);
#2516 = EDGE_CURVE('',#2251,#2509,#2517,.T.);
#2517 = LINE('',#2518,#2519);
#2518 = CARTESIAN_POINT('',(0.5,0.4,0.405));
#2519 = VECTOR('',#2520,1.);
#2520 = DIRECTION('',(0.,0.,1.));
#2521 = PLANE('',#2522);
#2522 = AXIS2_PLACEMENT_3D('',#2523,#2524,#2525);
#2523 = CARTESIAN_POINT('',(-0.5,0.4,0.405));
#2524 = DIRECTION('',(0.,1.,0.));
#2525 = DIRECTION('',(0.,-0.,1.));
#2526 = ADVANCED_FACE('',(#2527),#2538,.T.);
#2527 = FACE_BOUND('',#2528,.T.);
#2528 = EDGE_LOOP('',(#2529,#2530,#2531,#2537));
#2529 = ORIENTED_EDGE('',*,*,#2298,.T.);
#2530 = ORIENTED_EDGE('',*,*,#2447,.T.);
#2531 = ORIENTED_EDGE('',*,*,#2532,.F.);
#2532 = EDGE_CURVE('',#2314,#2438,#2533,.T.);
#2533 = LINE('',#2534,#2535);
#2534 = CARTESIAN_POINT('',(0.545,-0.4,-2.775557561563E-17));
#2535 = VECTOR('',#2536,1.);
#2536 = DIRECTION('',(0.,1.,0.));
#2537 = ORIENTED_EDGE('',*,*,#2323,.F.);
#2538 = CYLINDRICAL_SURFACE('',#2539,4.5E-02);
#2539 = AXIS2_PLACEMENT_3D('',#2540,#2541,#2542);
#2540 = CARTESIAN_POINT('',(0.545,-0.4,4.5E-02));
#2541 = DIRECTION('',(0.,1.,0.));
#2542 = DIRECTION('',(-1.,0.,0.));
#2543 = ADVANCED_FACE('',(#2544),#2555,.F.);
#2544 = FACE_BOUND('',#2545,.F.);
#2545 = EDGE_LOOP('',(#2546,#2547,#2548,#2549));
#2546 = ORIENTED_EDGE('',*,*,#2437,.F.);
#2547 = ORIENTED_EDGE('',*,*,#2532,.F.);
#2548 = ORIENTED_EDGE('',*,*,#2313,.T.);
#2549 = ORIENTED_EDGE('',*,*,#2550,.T.);
#2550 = EDGE_CURVE('',#2316,#2440,#2551,.T.);
#2551 = LINE('',#2552,#2553);
#2552 = CARTESIAN_POINT('',(0.755,-0.4,-2.775557561563E-17));
#2553 = VECTOR('',#2554,1.);
#2554 = DIRECTION('',(0.,1.,0.));
#2555 = PLANE('',#2556);
#2556 = AXIS2_PLACEMENT_3D('',#2557,#2558,#2559);
#2557 = CARTESIAN_POINT('',(0.5,-0.4,0.));
#2558 = DIRECTION('',(0.,0.,1.));
#2559 = DIRECTION('',(1.,0.,-0.));
#2560 = ADVANCED_FACE('',(#2561),#2572,.T.);
#2561 = FACE_BOUND('',#2562,.T.);
#2562 = EDGE_LOOP('',(#2563,#2564,#2565,#2566));
#2563 = ORIENTED_EDGE('',*,*,#2367,.T.);
#2564 = ORIENTED_EDGE('',*,*,#2550,.T.);
#2565 = ORIENTED_EDGE('',*,*,#2491,.F.);
#2566 = ORIENTED_EDGE('',*,*,#2567,.F.);
#2567 = EDGE_CURVE('',#2360,#2484,#2568,.T.);
#2568 = LINE('',#2569,#2570);
#2569 = CARTESIAN_POINT('',(0.8,-0.4,4.5E-02));
#2570 = VECTOR('',#2571,1.);
#2571 = DIRECTION('',(0.,1.,0.));
#2572 = CYLINDRICAL_SURFACE('',#2573,4.5E-02);
#2573 = AXIS2_PLACEMENT_3D('',#2574,#2575,#2576);
#2574 = CARTESIAN_POINT('',(0.755,-0.4,4.5E-02));
#2575 = DIRECTION('',(0.,1.,0.));
#2576 = DIRECTION('',(1.,0.,0.));
#2577 = ADVANCED_FACE('',(#2578),#2589,.T.);
#2578 = FACE_BOUND('',#2579,.T.);
#2579 = EDGE_LOOP('',(#2580,#2581,#2582,#2583));
#2580 = ORIENTED_EDGE('',*,*,#2359,.F.);
#2581 = ORIENTED_EDGE('',*,*,#2567,.T.);
#2582 = ORIENTED_EDGE('',*,*,#2483,.T.);
#2583 = ORIENTED_EDGE('',*,*,#2584,.F.);
#2584 = EDGE_CURVE('',#2351,#2475,#2585,.T.);
#2585 = LINE('',#2586,#2587);
#2586 = CARTESIAN_POINT('',(0.8,-0.4,0.405));
#2587 = VECTOR('',#2588,1.);
#2588 = DIRECTION('',(0.,1.,0.));
#2589 = PLANE('',#2590);
#2590 = AXIS2_PLACEMENT_3D('',#2591,#2592,#2593);
#2591 = CARTESIAN_POINT('',(0.8,-0.4,0.));
#2592 = DIRECTION('',(1.,0.,0.));
#2593 = DIRECTION('',(0.,0.,1.));
#2594 = ADVANCED_FACE('',(#2595),#2606,.T.);
#2595 = FACE_BOUND('',#2596,.T.);
#2596 = EDGE_LOOP('',(#2597,#2598,#2599,#2605));
#2597 = ORIENTED_EDGE('',*,*,#2584,.T.);
#2598 = ORIENTED_EDGE('',*,*,#2474,.T.);
#2599 = ORIENTED_EDGE('',*,*,#2600,.F.);
#2600 = EDGE_CURVE('',#2343,#2467,#2601,.T.);
#2601 = LINE('',#2602,#2603);
#2602 = CARTESIAN_POINT('',(0.755,-0.4,0.45));
#2603 = VECTOR('',#2604,1.);
#2604 = DIRECTION('',(0.,1.,0.));
#2605 = ORIENTED_EDGE('',*,*,#2350,.F.);
#2606 = CYLINDRICAL_SURFACE('',#2607,4.5E-02);
#2607 = AXIS2_PLACEMENT_3D('',#2608,#2609,#2610);
#2608 = CARTESIAN_POINT('',(0.755,-0.4,0.405));
#2609 = DIRECTION('',(0.,1.,0.));
#2610 = DIRECTION('',(1.,0.,0.));
#2611 = ADVANCED_FACE('',(#2612),#2623,.T.);
#2612 = FACE_BOUND('',#2613,.T.);
#2613 = EDGE_LOOP('',(#2614,#2615,#2621,#2622));
#2614 = ORIENTED_EDGE('',*,*,#2466,.F.);
#2615 = ORIENTED_EDGE('',*,*,#2616,.F.);
#2616 = EDGE_CURVE('',#2334,#2458,#2617,.T.);
#2617 = LINE('',#2618,#2619);
#2618 = CARTESIAN_POINT('',(0.545,-0.4,0.45));
#2619 = VECTOR('',#2620,1.);
#2620 = DIRECTION('',(0.,1.,0.));
#2621 = ORIENTED_EDGE('',*,*,#2342,.T.);
#2622 = ORIENTED_EDGE('',*,*,#2600,.T.);
#2623 = PLANE('',#2624);
#2624 = AXIS2_PLACEMENT_3D('',#2625,#2626,#2627);
#2625 = CARTESIAN_POINT('',(0.5,-0.4,0.45));
#2626 = DIRECTION('',(0.,0.,1.));
#2627 = DIRECTION('',(1.,0.,-0.));
#2628 = ADVANCED_FACE('',(#2629),#2640,.T.);
#2629 = FACE_BOUND('',#2630,.T.);
#2630 = EDGE_LOOP('',(#2631,#2632,#2633,#2634));
#2631 = ORIENTED_EDGE('',*,*,#2333,.T.);
#2632 = ORIENTED_EDGE('',*,*,#2616,.T.);
#2633 = ORIENTED_EDGE('',*,*,#2457,.F.);
#2634 = ORIENTED_EDGE('',*,*,#2635,.F.);
#2635 = EDGE_CURVE('',#2168,#2251,#2636,.T.);
#2636 = LINE('',#2637,#2638);
#2637 = CARTESIAN_POINT('',(0.5,-0.4,0.405));
#2638 = VECTOR('',#2639,1.);
#2639 = DIRECTION('',(0.,1.,0.));
#2640 = CYLINDRICAL_SURFACE('',#2641,4.5E-02);
#2641 = AXIS2_PLACEMENT_3D('',#2642,#2643,#2644);
#2642 = CARTESIAN_POINT('',(0.545,-0.4,0.405));
#2643 = DIRECTION('',(0.,1.,0.));
#2644 = DIRECTION('',(-1.,0.,0.));
#2645 = ADVANCED_FACE('',(#2646),#2657,.T.);
#2646 = FACE_BOUND('',#2647,.T.);
#2647 = EDGE_LOOP('',(#2648,#2649,#2650,#2651));
#2648 = ORIENTED_EDGE('',*,*,#2399,.F.);
#2649 = ORIENTED_EDGE('',*,*,#2635,.T.);
#2650 = ORIENTED_EDGE('',*,*,#2516,.T.);
#2651 = ORIENTED_EDGE('',*,*,#2652,.F.);
#2652 = EDGE_CURVE('',#2392,#2509,#2653,.T.);
#2653 = LINE('',#2654,#2655);
#2654 = CARTESIAN_POINT('',(0.5,-0.4,0.45));
#2655 = VECTOR('',#2656,1.);
#2656 = DIRECTION('',(0.,1.,0.));
#2657 = PLANE('',#2658);
#2658 = AXIS2_PLACEMENT_3D('',#2659,#2660,#2661);
#2659 = CARTESIAN_POINT('',(0.5,-0.4,0.405));
#2660 = DIRECTION('',(1.,0.,0.));
#2661 = DIRECTION('',(0.,0.,1.));
#2662 = ADVANCED_FACE('',(#2663),#2669,.T.);
#2663 = FACE_BOUND('',#2664,.T.);
#2664 = EDGE_LOOP('',(#2665,#2666,#2667,#2668));
#2665 = ORIENTED_EDGE('',*,*,#2423,.F.);
#2666 = ORIENTED_EDGE('',*,*,#2391,.T.);
#2667 = ORIENTED_EDGE('',*,*,#2652,.T.);
#2668 = ORIENTED_EDGE('',*,*,#2508,.F.);
#2669 = PLANE('',#2670);
#2670 = AXIS2_PLACEMENT_3D('',#2671,#2672,#2673);
#2671 = CARTESIAN_POINT('',(-0.5,-0.4,0.45));
#2672 = DIRECTION('',(0.,0.,1.));
#2673 = DIRECTION('',(1.,0.,-0.));
#2674 = ( GEOMETRIC_REPRESENTATION_CONTEXT(3) 
GLOBAL_UNCERTAINTY_ASSIGNED_CONTEXT((#2678)) 
GLOBAL_UNIT_ASSIGNED_CONTEXT((#2675,#2676,#2677)) REPRESENTATION_CONTEXT
('Context #1','3D Context with UNIT and UNCERTAINTY') );
#2675 = ( LENGTH_UNIT() NAMED_UNIT(*) SI_UNIT(.MILLI.,.METRE.) );
#2676 = ( NAMED_UNIT(*) PLANE_ANGLE_UNIT() SI_UNIT($,.RADIAN.) );
#2677 = ( NAMED_UNIT(*) SI_UNIT($,.STERADIAN.) SOLID_ANGLE_UNIT() );
#2678 = UNCERTAINTY_MEASURE_WITH_UNIT(LENGTH_MEASURE(1.E-07),#2675,
  'distance_accuracy_value','confusion accuracy');
#2679 = CONTEXT_DEPENDENT_SHAPE_REPRESENTATION(#2680,#2682);
#2680 = ( REPRESENTATION_RELATIONSHIP('','',#1883,#1860) 
REPRESENTATION_RELATIONSHIP_WITH_TRANSFORMATION(#2681) 
SHAPE_REPRESENTATION_RELATIONSHIP() );
#2681 = ITEM_DEFINED_TRANSFORMATION('','',#11,#1861);
#2682 = PRODUCT_DEFINITION_SHAPE('Placement','Placement of an item',
  #2683);
#2683 = NEXT_ASSEMBLY_USAGE_OCCURRENCE('5','=>[0:1:1:7]','',#1855,#1878,
  $);
#2684 = PRODUCT_RELATED_PRODUCT_CATEGORY('part',$,(#1880));
#2685 = SHAPE_DEFINITION_REPRESENTATION(#2686,#2692);
#2686 = PRODUCT_DEFINITION_SHAPE('','',#2687);
#2687 = PRODUCT_DEFINITION('design','',#2688,#2691);
#2688 = PRODUCT_DEFINITION_FORMATION('','',#2689);
#2689 = PRODUCT('SOT-23','SOT-23','',(#2690));
#2690 = PRODUCT_CONTEXT('',#2,'mechanical');
#2691 = PRODUCT_DEFINITION_CONTEXT('part definition',#2,'design');
#2692 = SHAPE_REPRESENTATION('',(#11,#2693),#2697);
#2693 = AXIS2_PLACEMENT_3D('',#2694,#2695,#2696);
#2694 = CARTESIAN_POINT('',(0.,0.,0.));
#2695 = DIRECTION('',(0.,0.,1.));
#2696 = DIRECTION('',(1.,0.,-0.));
#2697 = ( GEOMETRIC_REPRESENTATION_CONTEXT(3) 
GLOBAL_UNCERTAINTY_ASSIGNED_CONTEXT((#2701)) 
GLOBAL_UNIT_ASSIGNED_CONTEXT((#2698,#2699,#2700)) REPRESENTATION_CONTEXT
('Context #1','3D Context with UNIT and UNCERTAINTY') );
#2698 = ( LENGTH_UNIT() NAMED_UNIT(*) SI_UNIT(.MILLI.,.METRE.) );
#2699 = ( NAMED_UNIT(*) PLANE_ANGLE_UNIT() SI_UNIT($,.RADIAN.) );
#2700 = ( NAMED_UNIT(*) SI_UNIT($,.STERADIAN.) SOLID_ANGLE_UNIT() );
#2701 = UNCERTAINTY_MEASURE_WITH_UNIT(LENGTH_MEASURE(2.E-06),#2698,
  'distance_accuracy_value','confusion accuracy');
#2702 = CONTEXT_DEPENDENT_SHAPE_REPRESENTATION(#2703,#2705);
#2703 = ( REPRESENTATION_RELATIONSHIP('','',#2692,#10) 
REPRESENTATION_RELATIONSHIP_WITH_TRANSFORMATION(#2704) 
SHAPE_REPRESENTATION_RELATIONSHIP() );
#2704 = ITEM_DEFINED_TRANSFORMATION('','',#11,#27);
#2705 = PRODUCT_DEFINITION_SHAPE('Placement','Placement of an item',
  #2706);
#2706 = NEXT_ASSEMBLY_USAGE_OCCURRENCE('8','D2','',#5,#2687,$);
#2707 = PRODUCT_RELATED_PRODUCT_CATEGORY('part',$,(#2689));
#2708 = SHAPE_DEFINITION_REPRESENTATION(#2709,#2715);
#2709 = PRODUCT_DEFINITION_SHAPE('','',#2710);
#2710 = PRODUCT_DEFINITION('design','',#2711,#2714);
#2711 = PRODUCT_DEFINITION_FORMATION('','',#2712);
#2712 = PRODUCT('SOT_23','SOT_23','',(#2713));
#2713 = PRODUCT_CONTEXT('',#2,'mechanical');
#2714 = PRODUCT_DEFINITION_CONTEXT('part definition',#2,'design');
#2715 = ADVANCED_BREP_SHAPE_REPRESENTATION('',(#11,#2716),#4790);
#2716 = MANIFOLD_SOLID_BREP('',#2717);
#2717 = CLOSED_SHELL('',(#2718,#2756,#2819,#2842,#2871,#2894,#2933,#2956
    ,#2979,#3002,#3051,#3074,#3103,#3126,#3150,#3180,#3213,#3236,#3259,
    #3282,#3306,#3330,#3363,#3396,#3427,#3450,#3479,#3502,#3526,#3601,
    #3676,#3706,#3723,#3746,#3769,#3792,#3816,#3891,#3966,#3990,#4065,
    #4082,#4157,#4174,#4205,#4228,#4284,#4300,#4323,#4340,#4357,#4374,
    #4391,#4408,#4425,#4442,#4454,#4470,#4486,#4502,#4528,#4545,#4562,
    #4579,#4596,#4613,#4630,#4647,#4659,#4681,#4698,#4715,#4732,#4749,
    #4766,#4778));
#2718 = ADVANCED_FACE('',(#2719),#2751,.F.);
#2719 = FACE_BOUND('',#2720,.F.);
#2720 = EDGE_LOOP('',(#2721,#2731,#2738,#2746));
#2721 = ORIENTED_EDGE('',*,*,#2722,.T.);
#2722 = EDGE_CURVE('',#2723,#2725,#2727,.T.);
#2723 = VERTEX_POINT('',#2724);
#2724 = CARTESIAN_POINT('',(-0.571621551758,1.433243103516,0.1));
#2725 = VERTEX_POINT('',#2726);
#2726 = CARTESIAN_POINT('',(0.571621551758,1.433243103516,0.1));
#2727 = LINE('',#2728,#2729);
#2728 = CARTESIAN_POINT('',(-0.571621551758,1.433243103516,0.1));
#2729 = VECTOR('',#2730,1.);
#2730 = DIRECTION('',(1.,2.22044604925E-16,0.));
#2731 = ORIENTED_EDGE('',*,*,#2732,.T.);
#2732 = EDGE_CURVE('',#2725,#2733,#2735,.T.);
#2733 = VERTEX_POINT('',#2734);
#2734 = CARTESIAN_POINT('',(0.605,1.5,0.575));
#2735 = B_SPLINE_CURVE_WITH_KNOTS('',1,(#2736,#2737),.UNSPECIFIED.,.F.,
  .F.,(2,2),(0.,1.),.PIECEWISE_BEZIER_KNOTS.);
#2736 = CARTESIAN_POINT('',(0.571621551758,1.433243103516,0.1));
#2737 = CARTESIAN_POINT('',(0.605,1.5,0.575));
#2738 = ORIENTED_EDGE('',*,*,#2739,.F.);
#2739 = EDGE_CURVE('',#2740,#2733,#2742,.T.);
#2740 = VERTEX_POINT('',#2741);
#2741 = CARTESIAN_POINT('',(-0.605,1.5,0.575));
#2742 = LINE('',#2743,#2744);
#2743 = CARTESIAN_POINT('',(-0.605,1.5,0.575));
#2744 = VECTOR('',#2745,1.);
#2745 = DIRECTION('',(1.,2.22044604925E-16,0.));
#2746 = ORIENTED_EDGE('',*,*,#2747,.F.);
#2747 = EDGE_CURVE('',#2723,#2740,#2748,.T.);
#2748 = B_SPLINE_CURVE_WITH_KNOTS('',1,(#2749,#2750),.UNSPECIFIED.,.F.,
  .F.,(2,2),(0.,1.),.PIECEWISE_BEZIER_KNOTS.);
#2749 = CARTESIAN_POINT('',(-0.571621551758,1.433243103516,0.1));
#2750 = CARTESIAN_POINT('',(-0.605,1.5,0.575));
#2751 = B_SPLINE_SURFACE_WITH_KNOTS('',1,1,(
    (#2752,#2753)
    ,(#2754,#2755
    )),.UNSPECIFIED.,.F.,.F.,.F.,(2,2),(2,2),(0.,1.21),(0.,1.),
  .PIECEWISE_BEZIER_KNOTS.);
#2752 = CARTESIAN_POINT('',(-0.571621551758,1.433243103516,0.1));
#2753 = CARTESIAN_POINT('',(-0.605,1.5,0.575));
#2754 = CARTESIAN_POINT('',(0.571621551758,1.433243103516,0.1));
#2755 = CARTESIAN_POINT('',(0.605,1.5,0.575));
#2756 = ADVANCED_FACE('',(#2757),#2814,.T.);
#2757 = FACE_BOUND('',#2758,.T.);
#2758 = EDGE_LOOP('',(#2759,#2760,#2768,#2776,#2784,#2792,#2800,#2808));
#2759 = ORIENTED_EDGE('',*,*,#2722,.T.);
#2760 = ORIENTED_EDGE('',*,*,#2761,.T.);
#2761 = EDGE_CURVE('',#2725,#2762,#2764,.T.);
#2762 = VERTEX_POINT('',#2763);
#2763 = CARTESIAN_POINT('',(0.633243103516,1.371621551758,0.1));
#2764 = LINE('',#2765,#2766);
#2765 = CARTESIAN_POINT('',(0.571621551758,1.433243103516,0.1));
#2766 = VECTOR('',#2767,1.);
#2767 = DIRECTION('',(0.707106781187,-0.707106781187,0.));
#2768 = ORIENTED_EDGE('',*,*,#2769,.T.);
#2769 = EDGE_CURVE('',#2762,#2770,#2772,.T.);
#2770 = VERTEX_POINT('',#2771);
#2771 = CARTESIAN_POINT('',(0.633243103516,-1.371621551758,0.1));
#2772 = LINE('',#2773,#2774);
#2773 = CARTESIAN_POINT('',(0.633243103516,1.371621551758,0.1));
#2774 = VECTOR('',#2775,1.);
#2775 = DIRECTION('',(2.22044604925E-16,-1.,0.));
#2776 = ORIENTED_EDGE('',*,*,#2777,.T.);
#2777 = EDGE_CURVE('',#2770,#2778,#2780,.T.);
#2778 = VERTEX_POINT('',#2779);
#2779 = CARTESIAN_POINT('',(0.571621551758,-1.433243103516,0.1));
#2780 = LINE('',#2781,#2782);
#2781 = CARTESIAN_POINT('',(0.633243103516,-1.371621551758,0.1));
#2782 = VECTOR('',#2783,1.);
#2783 = DIRECTION('',(-0.707106781187,-0.707106781187,0.));
#2784 = ORIENTED_EDGE('',*,*,#2785,.T.);
#2785 = EDGE_CURVE('',#2778,#2786,#2788,.T.);
#2786 = VERTEX_POINT('',#2787);
#2787 = CARTESIAN_POINT('',(-0.571621551758,-1.433243103516,0.1));
#2788 = LINE('',#2789,#2790);
#2789 = CARTESIAN_POINT('',(0.571621551758,-1.433243103516,0.1));
#2790 = VECTOR('',#2791,1.);
#2791 = DIRECTION('',(-1.,-2.22044604925E-16,0.));
#2792 = ORIENTED_EDGE('',*,*,#2793,.T.);
#2793 = EDGE_CURVE('',#2786,#2794,#2796,.T.);
#2794 = VERTEX_POINT('',#2795);
#2795 = CARTESIAN_POINT('',(-0.633243103516,-1.371621551758,0.1));
#2796 = LINE('',#2797,#2798);
#2797 = CARTESIAN_POINT('',(-0.571621551758,-1.433243103516,0.1));
#2798 = VECTOR('',#2799,1.);
#2799 = DIRECTION('',(-0.707106781187,0.707106781187,0.));
#2800 = ORIENTED_EDGE('',*,*,#2801,.T.);
#2801 = EDGE_CURVE('',#2794,#2802,#2804,.T.);
#2802 = VERTEX_POINT('',#2803);
#2803 = CARTESIAN_POINT('',(-0.633243103516,1.371621551758,0.1));
#2804 = LINE('',#2805,#2806);
#2805 = CARTESIAN_POINT('',(-0.633243103516,-1.371621551758,0.1));
#2806 = VECTOR('',#2807,1.);
#2807 = DIRECTION('',(-2.22044604925E-16,1.,0.));
#2808 = ORIENTED_EDGE('',*,*,#2809,.T.);
#2809 = EDGE_CURVE('',#2802,#2723,#2810,.T.);
#2810 = LINE('',#2811,#2812);
#2811 = CARTESIAN_POINT('',(-0.633243103516,1.371621551758,0.1));
#2812 = VECTOR('',#2813,1.);
#2813 = DIRECTION('',(0.707106781187,0.707106781187,0.));
#2814 = PLANE('',#2815);
#2815 = AXIS2_PLACEMENT_3D('',#2816,#2817,#2818);
#2816 = CARTESIAN_POINT('',(-0.571621551758,1.433243103516,0.1));
#2817 = DIRECTION('',(0.,0.,-1.));
#2818 = DIRECTION('',(0.370454302632,-0.928850692879,0.));
#2819 = ADVANCED_FACE('',(#2820),#2837,.F.);
#2820 = FACE_BOUND('',#2821,.F.);
#2821 = EDGE_LOOP('',(#2822,#2823,#2830,#2836));
#2822 = ORIENTED_EDGE('',*,*,#2761,.T.);
#2823 = ORIENTED_EDGE('',*,*,#2824,.T.);
#2824 = EDGE_CURVE('',#2762,#2825,#2827,.T.);
#2825 = VERTEX_POINT('',#2826);
#2826 = CARTESIAN_POINT('',(0.7,1.405,0.575));
#2827 = B_SPLINE_CURVE_WITH_KNOTS('',1,(#2828,#2829),.UNSPECIFIED.,.F.,
  .F.,(2,2),(0.,1.),.PIECEWISE_BEZIER_KNOTS.);
#2828 = CARTESIAN_POINT('',(0.633243103516,1.371621551758,0.1));
#2829 = CARTESIAN_POINT('',(0.7,1.405,0.575));
#2830 = ORIENTED_EDGE('',*,*,#2831,.F.);
#2831 = EDGE_CURVE('',#2733,#2825,#2832,.T.);
#2832 = LINE('',#2833,#2834);
#2833 = CARTESIAN_POINT('',(0.605,1.5,0.575));
#2834 = VECTOR('',#2835,1.);
#2835 = DIRECTION('',(0.707106781187,-0.707106781187,0.));
#2836 = ORIENTED_EDGE('',*,*,#2732,.F.);
#2837 = B_SPLINE_SURFACE_WITH_KNOTS('',1,1,(
    (#2838,#2839)
    ,(#2840,#2841
    )),.UNSPECIFIED.,.F.,.F.,.F.,(2,2),(2,2),(0.,0.134350288425),(0.,1.)
  ,.PIECEWISE_BEZIER_KNOTS.);
#2838 = CARTESIAN_POINT('',(0.571621551758,1.433243103516,0.1));
#2839 = CARTESIAN_POINT('',(0.605,1.5,0.575));
#2840 = CARTESIAN_POINT('',(0.633243103516,1.371621551758,0.1));
#2841 = CARTESIAN_POINT('',(0.7,1.405,0.575));
#2842 = ADVANCED_FACE('',(#2843),#2866,.F.);
#2843 = FACE_BOUND('',#2844,.F.);
#2844 = EDGE_LOOP('',(#2845,#2846,#2853,#2861));
#2845 = ORIENTED_EDGE('',*,*,#2739,.T.);
#2846 = ORIENTED_EDGE('',*,*,#2847,.T.);
#2847 = EDGE_CURVE('',#2733,#2848,#2850,.T.);
#2848 = VERTEX_POINT('',#2849);
#2849 = CARTESIAN_POINT('',(0.605,1.5,0.725));
#2850 = B_SPLINE_CURVE_WITH_KNOTS('',1,(#2851,#2852),.UNSPECIFIED.,.F.,
  .F.,(2,2),(0.,1.),.PIECEWISE_BEZIER_KNOTS.);
#2851 = CARTESIAN_POINT('',(0.605,1.5,0.575));
#2852 = CARTESIAN_POINT('',(0.605,1.5,0.725));
#2853 = ORIENTED_EDGE('',*,*,#2854,.F.);
#2854 = EDGE_CURVE('',#2855,#2848,#2857,.T.);
#2855 = VERTEX_POINT('',#2856);
#2856 = CARTESIAN_POINT('',(-0.605,1.5,0.725));
#2857 = LINE('',#2858,#2859);
#2858 = CARTESIAN_POINT('',(-0.605,1.5,0.725));
#2859 = VECTOR('',#2860,1.);
#2860 = DIRECTION('',(1.,2.22044604925E-16,0.));
#2861 = ORIENTED_EDGE('',*,*,#2862,.F.);
#2862 = EDGE_CURVE('',#2740,#2855,#2863,.T.);
#2863 = B_SPLINE_CURVE_WITH_KNOTS('',1,(#2864,#2865),.UNSPECIFIED.,.F.,
  .F.,(2,2),(0.,1.),.PIECEWISE_BEZIER_KNOTS.);
#2864 = CARTESIAN_POINT('',(-0.605,1.5,0.575));
#2865 = CARTESIAN_POINT('',(-0.605,1.5,0.725));
#2866 = PLANE('',#2867);
#2867 = AXIS2_PLACEMENT_3D('',#2868,#2869,#2870);
#2868 = CARTESIAN_POINT('',(-0.605,1.5,0.725));
#2869 = DIRECTION('',(2.22044604925E-16,-1.,0.));
#2870 = DIRECTION('',(1.,2.22044604925E-16,0.));
#2871 = ADVANCED_FACE('',(#2872),#2889,.F.);
#2872 = FACE_BOUND('',#2873,.F.);
#2873 = EDGE_LOOP('',(#2874,#2875,#2876,#2884));
#2874 = ORIENTED_EDGE('',*,*,#2809,.T.);
#2875 = ORIENTED_EDGE('',*,*,#2747,.T.);
#2876 = ORIENTED_EDGE('',*,*,#2877,.F.);
#2877 = EDGE_CURVE('',#2878,#2740,#2880,.T.);
#2878 = VERTEX_POINT('',#2879);
#2879 = CARTESIAN_POINT('',(-0.7,1.405,0.575));
#2880 = LINE('',#2881,#2882);
#2881 = CARTESIAN_POINT('',(-0.7,1.405,0.575));
#2882 = VECTOR('',#2883,1.);
#2883 = DIRECTION('',(0.707106781187,0.707106781187,0.));
#2884 = ORIENTED_EDGE('',*,*,#2885,.F.);
#2885 = EDGE_CURVE('',#2802,#2878,#2886,.T.);
#2886 = B_SPLINE_CURVE_WITH_KNOTS('',1,(#2887,#2888),.UNSPECIFIED.,.F.,
  .F.,(2,2),(0.,1.),.PIECEWISE_BEZIER_KNOTS.);
#2887 = CARTESIAN_POINT('',(-0.633243103516,1.371621551758,0.1));
#2888 = CARTESIAN_POINT('',(-0.7,1.405,0.575));
#2889 = B_SPLINE_SURFACE_WITH_KNOTS('',1,1,(
    (#2890,#2891)
    ,(#2892,#2893
    )),.UNSPECIFIED.,.F.,.F.,.F.,(2,2),(2,2),(0.,0.134350288425),(0.,1.)
  ,.PIECEWISE_BEZIER_KNOTS.);
#2890 = CARTESIAN_POINT('',(-0.633243103516,1.371621551758,0.1));
#2891 = CARTESIAN_POINT('',(-0.7,1.405,0.575));
#2892 = CARTESIAN_POINT('',(-0.571621551758,1.433243103516,0.1));
#2893 = CARTESIAN_POINT('',(-0.605,1.5,0.575));
#2894 = ADVANCED_FACE('',(#2895),#2928,.F.);
#2895 = FACE_BOUND('',#2896,.F.);
#2896 = EDGE_LOOP('',(#2897,#2898,#2905,#2913,#2921,#2927));
#2897 = ORIENTED_EDGE('',*,*,#2769,.T.);
#2898 = ORIENTED_EDGE('',*,*,#2899,.T.);
#2899 = EDGE_CURVE('',#2770,#2900,#2902,.T.);
#2900 = VERTEX_POINT('',#2901);
#2901 = CARTESIAN_POINT('',(0.7,-1.405,0.575));
#2902 = B_SPLINE_CURVE_WITH_KNOTS('',1,(#2903,#2904),.UNSPECIFIED.,.F.,
  .F.,(2,2),(0.,1.),.PIECEWISE_BEZIER_KNOTS.);
#2903 = CARTESIAN_POINT('',(0.633243103516,-1.371621551758,0.1));
#2904 = CARTESIAN_POINT('',(0.7,-1.405,0.575));
#2905 = ORIENTED_EDGE('',*,*,#2906,.F.);
#2906 = EDGE_CURVE('',#2907,#2900,#2909,.T.);
#2907 = VERTEX_POINT('',#2908);
#2908 = CARTESIAN_POINT('',(0.7,-0.2,0.575));
#2909 = LINE('',#2910,#2911);
#2910 = CARTESIAN_POINT('',(0.7,1.405,0.575));
#2911 = VECTOR('',#2912,1.);
#2912 = DIRECTION('',(2.22044604925E-16,-1.,0.));
#2913 = ORIENTED_EDGE('',*,*,#2914,.F.);
#2914 = EDGE_CURVE('',#2915,#2907,#2917,.T.);
#2915 = VERTEX_POINT('',#2916);
#2916 = CARTESIAN_POINT('',(0.7,0.2,0.575));
#2917 = LINE('',#2918,#2919);
#2918 = CARTESIAN_POINT('',(0.7,0.2,0.575));
#2919 = VECTOR('',#2920,1.);
#2920 = DIRECTION('',(2.22044604925E-16,-1.,0.));
#2921 = ORIENTED_EDGE('',*,*,#2922,.F.);
#2922 = EDGE_CURVE('',#2825,#2915,#2923,.T.);
#2923 = LINE('',#2924,#2925);
#2924 = CARTESIAN_POINT('',(0.7,1.405,0.575));
#2925 = VECTOR('',#2926,1.);
#2926 = DIRECTION('',(2.22044604925E-16,-1.,0.));
#2927 = ORIENTED_EDGE('',*,*,#2824,.F.);
#2928 = B_SPLINE_SURFACE_WITH_KNOTS('',1,1,(
    (#2929,#2930)
    ,(#2931,#2932
    )),.UNSPECIFIED.,.F.,.F.,.F.,(2,2),(2,2),(0.,2.81),(0.,1.),
  .PIECEWISE_BEZIER_KNOTS.);
#2929 = CARTESIAN_POINT('',(0.633243103516,1.371621551758,0.1));
#2930 = CARTESIAN_POINT('',(0.7,1.405,0.575));
#2931 = CARTESIAN_POINT('',(0.633243103516,-1.371621551758,0.1));
#2932 = CARTESIAN_POINT('',(0.7,-1.405,0.575));
#2933 = ADVANCED_FACE('',(#2934),#2951,.F.);
#2934 = FACE_BOUND('',#2935,.F.);
#2935 = EDGE_LOOP('',(#2936,#2937,#2944,#2950));
#2936 = ORIENTED_EDGE('',*,*,#2777,.T.);
#2937 = ORIENTED_EDGE('',*,*,#2938,.T.);
#2938 = EDGE_CURVE('',#2778,#2939,#2941,.T.);
#2939 = VERTEX_POINT('',#2940);
#2940 = CARTESIAN_POINT('',(0.605,-1.5,0.575));
#2941 = B_SPLINE_CURVE_WITH_KNOTS('',1,(#2942,#2943),.UNSPECIFIED.,.F.,
  .F.,(2,2),(0.,1.),.PIECEWISE_BEZIER_KNOTS.);
#2942 = CARTESIAN_POINT('',(0.571621551758,-1.433243103516,0.1));
#2943 = CARTESIAN_POINT('',(0.605,-1.5,0.575));
#2944 = ORIENTED_EDGE('',*,*,#2945,.F.);
#2945 = EDGE_CURVE('',#2900,#2939,#2946,.T.);
#2946 = LINE('',#2947,#2948);
#2947 = CARTESIAN_POINT('',(0.7,-1.405,0.575));
#2948 = VECTOR('',#2949,1.);
#2949 = DIRECTION('',(-0.707106781187,-0.707106781187,0.));
#2950 = ORIENTED_EDGE('',*,*,#2899,.F.);
#2951 = B_SPLINE_SURFACE_WITH_KNOTS('',1,1,(
    (#2952,#2953)
    ,(#2954,#2955
    )),.UNSPECIFIED.,.F.,.F.,.F.,(2,2),(2,2),(0.,0.134350288425),(0.,1.)
  ,.PIECEWISE_BEZIER_KNOTS.);
#2952 = CARTESIAN_POINT('',(0.633243103516,-1.371621551758,0.1));
#2953 = CARTESIAN_POINT('',(0.7,-1.405,0.575));
#2954 = CARTESIAN_POINT('',(0.571621551758,-1.433243103516,0.1));
#2955 = CARTESIAN_POINT('',(0.605,-1.5,0.575));
#2956 = ADVANCED_FACE('',(#2957),#2974,.F.);
#2957 = FACE_BOUND('',#2958,.F.);
#2958 = EDGE_LOOP('',(#2959,#2960,#2967,#2973));
#2959 = ORIENTED_EDGE('',*,*,#2785,.T.);
#2960 = ORIENTED_EDGE('',*,*,#2961,.T.);
#2961 = EDGE_CURVE('',#2786,#2962,#2964,.T.);
#2962 = VERTEX_POINT('',#2963);
#2963 = CARTESIAN_POINT('',(-0.605,-1.5,0.575));
#2964 = B_SPLINE_CURVE_WITH_KNOTS('',1,(#2965,#2966),.UNSPECIFIED.,.F.,
  .F.,(2,2),(0.,1.),.PIECEWISE_BEZIER_KNOTS.);
#2965 = CARTESIAN_POINT('',(-0.571621551758,-1.433243103516,0.1));
#2966 = CARTESIAN_POINT('',(-0.605,-1.5,0.575));
#2967 = ORIENTED_EDGE('',*,*,#2968,.F.);
#2968 = EDGE_CURVE('',#2939,#2962,#2969,.T.);
#2969 = LINE('',#2970,#2971);
#2970 = CARTESIAN_POINT('',(0.605,-1.5,0.575));
#2971 = VECTOR('',#2972,1.);
#2972 = DIRECTION('',(-1.,-2.22044604925E-16,0.));
#2973 = ORIENTED_EDGE('',*,*,#2938,.F.);
#2974 = B_SPLINE_SURFACE_WITH_KNOTS('',1,1,(
    (#2975,#2976)
    ,(#2977,#2978
    )),.UNSPECIFIED.,.F.,.F.,.F.,(2,2),(2,2),(0.,1.21),(0.,1.),
  .PIECEWISE_BEZIER_KNOTS.);
#2975 = CARTESIAN_POINT('',(0.571621551758,-1.433243103516,0.1));
#2976 = CARTESIAN_POINT('',(0.605,-1.5,0.575));
#2977 = CARTESIAN_POINT('',(-0.571621551758,-1.433243103516,0.1));
#2978 = CARTESIAN_POINT('',(-0.605,-1.5,0.575));
#2979 = ADVANCED_FACE('',(#2980),#2997,.F.);
#2980 = FACE_BOUND('',#2981,.F.);
#2981 = EDGE_LOOP('',(#2982,#2983,#2990,#2996));
#2982 = ORIENTED_EDGE('',*,*,#2793,.T.);
#2983 = ORIENTED_EDGE('',*,*,#2984,.T.);
#2984 = EDGE_CURVE('',#2794,#2985,#2987,.T.);
#2985 = VERTEX_POINT('',#2986);
#2986 = CARTESIAN_POINT('',(-0.7,-1.405,0.575));
#2987 = B_SPLINE_CURVE_WITH_KNOTS('',1,(#2988,#2989),.UNSPECIFIED.,.F.,
  .F.,(2,2),(0.,1.),.PIECEWISE_BEZIER_KNOTS.);
#2988 = CARTESIAN_POINT('',(-0.633243103516,-1.371621551758,0.1));
#2989 = CARTESIAN_POINT('',(-0.7,-1.405,0.575));
#2990 = ORIENTED_EDGE('',*,*,#2991,.F.);
#2991 = EDGE_CURVE('',#2962,#2985,#2992,.T.);
#2992 = LINE('',#2993,#2994);
#2993 = CARTESIAN_POINT('',(-0.605,-1.5,0.575));
#2994 = VECTOR('',#2995,1.);
#2995 = DIRECTION('',(-0.707106781187,0.707106781187,0.));
#2996 = ORIENTED_EDGE('',*,*,#2961,.F.);
#2997 = B_SPLINE_SURFACE_WITH_KNOTS('',1,1,(
    (#2998,#2999)
    ,(#3000,#3001
    )),.UNSPECIFIED.,.F.,.F.,.F.,(2,2),(2,2),(0.,0.134350288425),(0.,1.)
  ,.PIECEWISE_BEZIER_KNOTS.);
#2998 = CARTESIAN_POINT('',(-0.571621551758,-1.433243103516,0.1));
#2999 = CARTESIAN_POINT('',(-0.605,-1.5,0.575));
#3000 = CARTESIAN_POINT('',(-0.633243103516,-1.371621551758,0.1));
#3001 = CARTESIAN_POINT('',(-0.7,-1.405,0.575));
#3002 = ADVANCED_FACE('',(#3003),#3046,.F.);
#3003 = FACE_BOUND('',#3004,.F.);
#3004 = EDGE_LOOP('',(#3005,#3006,#3007,#3015,#3023,#3031,#3039,#3045));
#3005 = ORIENTED_EDGE('',*,*,#2801,.T.);
#3006 = ORIENTED_EDGE('',*,*,#2885,.T.);
#3007 = ORIENTED_EDGE('',*,*,#3008,.F.);
#3008 = EDGE_CURVE('',#3009,#2878,#3011,.T.);
#3009 = VERTEX_POINT('',#3010);
#3010 = CARTESIAN_POINT('',(-0.7,1.15,0.575));
#3011 = LINE('',#3012,#3013);
#3012 = CARTESIAN_POINT('',(-0.7,-1.405,0.575));
#3013 = VECTOR('',#3014,1.);
#3014 = DIRECTION('',(-2.22044604925E-16,1.,0.));
#3015 = ORIENTED_EDGE('',*,*,#3016,.F.);
#3016 = EDGE_CURVE('',#3017,#3009,#3019,.T.);
#3017 = VERTEX_POINT('',#3018);
#3018 = CARTESIAN_POINT('',(-0.7,0.75,0.575));
#3019 = LINE('',#3020,#3021);
#3020 = CARTESIAN_POINT('',(-0.7,0.75,0.575));
#3021 = VECTOR('',#3022,1.);
#3022 = DIRECTION('',(-9.95799250103E-17,1.,0.));
#3023 = ORIENTED_EDGE('',*,*,#3024,.F.);
#3024 = EDGE_CURVE('',#3025,#3017,#3027,.T.);
#3025 = VERTEX_POINT('',#3026);
#3026 = CARTESIAN_POINT('',(-0.7,-0.75,0.575));
#3027 = LINE('',#3028,#3029);
#3028 = CARTESIAN_POINT('',(-0.7,-1.405,0.575));
#3029 = VECTOR('',#3030,1.);
#3030 = DIRECTION('',(-2.22044604925E-16,1.,0.));
#3031 = ORIENTED_EDGE('',*,*,#3032,.F.);
#3032 = EDGE_CURVE('',#3033,#3025,#3035,.T.);
#3033 = VERTEX_POINT('',#3034);
#3034 = CARTESIAN_POINT('',(-0.7,-1.15,0.575));
#3035 = LINE('',#3036,#3037);
#3036 = CARTESIAN_POINT('',(-0.7,-1.15,0.575));
#3037 = VECTOR('',#3038,1.);
#3038 = DIRECTION('',(-9.95799250103E-17,1.,0.));
#3039 = ORIENTED_EDGE('',*,*,#3040,.F.);
#3040 = EDGE_CURVE('',#2985,#3033,#3041,.T.);
#3041 = LINE('',#3042,#3043);
#3042 = CARTESIAN_POINT('',(-0.7,-1.405,0.575));
#3043 = VECTOR('',#3044,1.);
#3044 = DIRECTION('',(-2.22044604925E-16,1.,0.));
#3045 = ORIENTED_EDGE('',*,*,#2984,.F.);
#3046 = B_SPLINE_SURFACE_WITH_KNOTS('',1,1,(
    (#3047,#3048)
    ,(#3049,#3050
    )),.UNSPECIFIED.,.F.,.F.,.F.,(2,2),(2,2),(0.,2.81),(0.,1.),
  .PIECEWISE_BEZIER_KNOTS.);
#3047 = CARTESIAN_POINT('',(-0.633243103516,-1.371621551758,0.1));
#3048 = CARTESIAN_POINT('',(-0.7,-1.405,0.575));
#3049 = CARTESIAN_POINT('',(-0.633243103516,1.371621551758,0.1));
#3050 = CARTESIAN_POINT('',(-0.7,1.405,0.575));
#3051 = ADVANCED_FACE('',(#3052),#3069,.F.);
#3052 = FACE_BOUND('',#3053,.F.);
#3053 = EDGE_LOOP('',(#3054,#3055,#3062,#3068));
#3054 = ORIENTED_EDGE('',*,*,#2831,.T.);
#3055 = ORIENTED_EDGE('',*,*,#3056,.T.);
#3056 = EDGE_CURVE('',#2825,#3057,#3059,.T.);
#3057 = VERTEX_POINT('',#3058);
#3058 = CARTESIAN_POINT('',(0.7,1.405,0.725));
#3059 = B_SPLINE_CURVE_WITH_KNOTS('',1,(#3060,#3061),.UNSPECIFIED.,.F.,
  .F.,(2,2),(0.,1.),.PIECEWISE_BEZIER_KNOTS.);
#3060 = CARTESIAN_POINT('',(0.7,1.405,0.575));
#3061 = CARTESIAN_POINT('',(0.7,1.405,0.725));
#3062 = ORIENTED_EDGE('',*,*,#3063,.F.);
#3063 = EDGE_CURVE('',#2848,#3057,#3064,.T.);
#3064 = LINE('',#3065,#3066);
#3065 = CARTESIAN_POINT('',(0.605,1.5,0.725));
#3066 = VECTOR('',#3067,1.);
#3067 = DIRECTION('',(0.707106781187,-0.707106781187,0.));
#3068 = ORIENTED_EDGE('',*,*,#2847,.F.);
#3069 = PLANE('',#3070);
#3070 = AXIS2_PLACEMENT_3D('',#3071,#3072,#3073);
#3071 = CARTESIAN_POINT('',(0.605,1.5,0.725));
#3072 = DIRECTION('',(-0.707106781187,-0.707106781187,0.));
#3073 = DIRECTION('',(0.707106781187,-0.707106781187,0.));
#3074 = ADVANCED_FACE('',(#3075),#3098,.F.);
#3075 = FACE_BOUND('',#3076,.F.);
#3076 = EDGE_LOOP('',(#3077,#3078,#3085,#3093));
#3077 = ORIENTED_EDGE('',*,*,#2854,.T.);
#3078 = ORIENTED_EDGE('',*,*,#3079,.T.);
#3079 = EDGE_CURVE('',#2848,#3080,#3082,.T.);
#3080 = VERTEX_POINT('',#3081);
#3081 = CARTESIAN_POINT('',(0.5925,1.475,0.725));
#3082 = B_SPLINE_CURVE_WITH_KNOTS('',1,(#3083,#3084),.UNSPECIFIED.,.F.,
  .F.,(2,2),(0.,1.),.PIECEWISE_BEZIER_KNOTS.);
#3083 = CARTESIAN_POINT('',(0.605,1.5,0.725));
#3084 = CARTESIAN_POINT('',(0.5925,1.475,0.725));
#3085 = ORIENTED_EDGE('',*,*,#3086,.F.);
#3086 = EDGE_CURVE('',#3087,#3080,#3089,.T.);
#3087 = VERTEX_POINT('',#3088);
#3088 = CARTESIAN_POINT('',(-0.5925,1.475,0.725));
#3089 = LINE('',#3090,#3091);
#3090 = CARTESIAN_POINT('',(-0.5925,1.475,0.725));
#3091 = VECTOR('',#3092,1.);
#3092 = DIRECTION('',(1.,2.22044604925E-16,0.));
#3093 = ORIENTED_EDGE('',*,*,#3094,.F.);
#3094 = EDGE_CURVE('',#2855,#3087,#3095,.T.);
#3095 = B_SPLINE_CURVE_WITH_KNOTS('',1,(#3096,#3097),.UNSPECIFIED.,.F.,
  .F.,(2,2),(0.,1.),.PIECEWISE_BEZIER_KNOTS.);
#3096 = CARTESIAN_POINT('',(-0.605,1.5,0.725));
#3097 = CARTESIAN_POINT('',(-0.5925,1.475,0.725));
#3098 = B_SPLINE_SURFACE_WITH_KNOTS('',1,1,(
    (#3099,#3100)
    ,(#3101,#3102
    )),.UNSPECIFIED.,.F.,.F.,.F.,(2,2),(2,2),(0.,1.21),(0.,1.),
  .PIECEWISE_BEZIER_KNOTS.);
#3099 = CARTESIAN_POINT('',(-0.605,1.5,0.725));
#3100 = CARTESIAN_POINT('',(-0.5925,1.475,0.725));
#3101 = CARTESIAN_POINT('',(0.605,1.5,0.725));
#3102 = CARTESIAN_POINT('',(0.5925,1.475,0.725));
#3103 = ADVANCED_FACE('',(#3104),#3121,.F.);
#3104 = FACE_BOUND('',#3105,.F.);
#3105 = EDGE_LOOP('',(#3106,#3107,#3108,#3116));
#3106 = ORIENTED_EDGE('',*,*,#2877,.T.);
#3107 = ORIENTED_EDGE('',*,*,#2862,.T.);
#3108 = ORIENTED_EDGE('',*,*,#3109,.F.);
#3109 = EDGE_CURVE('',#3110,#2855,#3112,.T.);
#3110 = VERTEX_POINT('',#3111);
#3111 = CARTESIAN_POINT('',(-0.7,1.405,0.725));
#3112 = LINE('',#3113,#3114);
#3113 = CARTESIAN_POINT('',(-0.7,1.405,0.725));
#3114 = VECTOR('',#3115,1.);
#3115 = DIRECTION('',(0.707106781187,0.707106781187,0.));
#3116 = ORIENTED_EDGE('',*,*,#3117,.F.);
#3117 = EDGE_CURVE('',#2878,#3110,#3118,.T.);
#3118 = B_SPLINE_CURVE_WITH_KNOTS('',1,(#3119,#3120),.UNSPECIFIED.,.F.,
  .F.,(2,2),(0.,1.),.PIECEWISE_BEZIER_KNOTS.);
#3119 = CARTESIAN_POINT('',(-0.7,1.405,0.575));
#3120 = CARTESIAN_POINT('',(-0.7,1.405,0.725));
#3121 = PLANE('',#3122);
#3122 = AXIS2_PLACEMENT_3D('',#3123,#3124,#3125);
#3123 = CARTESIAN_POINT('',(-0.7,1.405,0.725));
#3124 = DIRECTION('',(0.707106781187,-0.707106781187,0.));
#3125 = DIRECTION('',(0.707106781187,0.707106781187,0.));
#3126 = ADVANCED_FACE('',(#3127),#3145,.F.);
#3127 = FACE_BOUND('',#3128,.F.);
#3128 = EDGE_LOOP('',(#3129,#3130,#3131,#3139));
#3129 = ORIENTED_EDGE('',*,*,#3056,.F.);
#3130 = ORIENTED_EDGE('',*,*,#2922,.T.);
#3131 = ORIENTED_EDGE('',*,*,#3132,.T.);
#3132 = EDGE_CURVE('',#2915,#3133,#3135,.T.);
#3133 = VERTEX_POINT('',#3134);
#3134 = CARTESIAN_POINT('',(0.7,0.2,0.725));
#3135 = LINE('',#3136,#3137);
#3136 = CARTESIAN_POINT('',(0.7,0.2,0.525297170697));
#3137 = VECTOR('',#3138,1.);
#3138 = DIRECTION('',(0.,0.,1.));
#3139 = ORIENTED_EDGE('',*,*,#3140,.F.);
#3140 = EDGE_CURVE('',#3057,#3133,#3141,.T.);
#3141 = LINE('',#3142,#3143);
#3142 = CARTESIAN_POINT('',(0.7,1.405,0.725));
#3143 = VECTOR('',#3144,1.);
#3144 = DIRECTION('',(2.22044604925E-16,-1.,0.));
#3145 = PLANE('',#3146);
#3146 = AXIS2_PLACEMENT_3D('',#3147,#3148,#3149);
#3147 = CARTESIAN_POINT('',(0.7,1.405,0.725));
#3148 = DIRECTION('',(-1.,-2.22044604925E-16,0.));
#3149 = DIRECTION('',(2.22044604925E-16,-1.,0.));
#3150 = ADVANCED_FACE('',(#3151),#3175,.F.);
#3151 = FACE_BOUND('',#3152,.F.);
#3152 = EDGE_LOOP('',(#3153,#3161,#3162,#3169));
#3153 = ORIENTED_EDGE('',*,*,#3154,.F.);
#3154 = EDGE_CURVE('',#2907,#3155,#3157,.T.);
#3155 = VERTEX_POINT('',#3156);
#3156 = CARTESIAN_POINT('',(0.7,-0.2,0.725));
#3157 = LINE('',#3158,#3159);
#3158 = CARTESIAN_POINT('',(0.7,-0.2,0.525297170697));
#3159 = VECTOR('',#3160,1.);
#3160 = DIRECTION('',(0.,0.,1.));
#3161 = ORIENTED_EDGE('',*,*,#2906,.T.);
#3162 = ORIENTED_EDGE('',*,*,#3163,.T.);
#3163 = EDGE_CURVE('',#2900,#3164,#3166,.T.);
#3164 = VERTEX_POINT('',#3165);
#3165 = CARTESIAN_POINT('',(0.7,-1.405,0.725));
#3166 = B_SPLINE_CURVE_WITH_KNOTS('',1,(#3167,#3168),.UNSPECIFIED.,.F.,
  .F.,(2,2),(0.,1.),.PIECEWISE_BEZIER_KNOTS.);
#3167 = CARTESIAN_POINT('',(0.7,-1.405,0.575));
#3168 = CARTESIAN_POINT('',(0.7,-1.405,0.725));
#3169 = ORIENTED_EDGE('',*,*,#3170,.F.);
#3170 = EDGE_CURVE('',#3155,#3164,#3171,.T.);
#3171 = LINE('',#3172,#3173);
#3172 = CARTESIAN_POINT('',(0.7,1.405,0.725));
#3173 = VECTOR('',#3174,1.);
#3174 = DIRECTION('',(2.22044604925E-16,-1.,0.));
#3175 = PLANE('',#3176);
#3176 = AXIS2_PLACEMENT_3D('',#3177,#3178,#3179);
#3177 = CARTESIAN_POINT('',(0.7,1.405,0.725));
#3178 = DIRECTION('',(-1.,-2.22044604925E-16,0.));
#3179 = DIRECTION('',(2.22044604925E-16,-1.,0.));
#3180 = ADVANCED_FACE('',(#3181),#3208,.F.);
#3181 = FACE_BOUND('',#3182,.F.);
#3182 = EDGE_LOOP('',(#3183,#3184,#3193,#3201));
#3183 = ORIENTED_EDGE('',*,*,#2914,.T.);
#3184 = ORIENTED_EDGE('',*,*,#3185,.T.);
#3185 = EDGE_CURVE('',#2907,#3186,#3188,.T.);
#3186 = VERTEX_POINT('',#3187);
#3187 = CARTESIAN_POINT('',(0.8,-0.2,0.475));
#3188 = CIRCLE('',#3189,0.1);
#3189 = AXIS2_PLACEMENT_3D('',#3190,#3191,#3192);
#3190 = CARTESIAN_POINT('',(0.7,-0.2,0.475));
#3191 = DIRECTION('',(-2.22044604925E-16,1.,0.));
#3192 = DIRECTION('',(1.110223024625E-15,2.465190328815E-31,1.));
#3193 = ORIENTED_EDGE('',*,*,#3194,.F.);
#3194 = EDGE_CURVE('',#3195,#3186,#3197,.T.);
#3195 = VERTEX_POINT('',#3196);
#3196 = CARTESIAN_POINT('',(0.8,0.2,0.475));
#3197 = LINE('',#3198,#3199);
#3198 = CARTESIAN_POINT('',(0.8,0.2,0.475));
#3199 = VECTOR('',#3200,1.);
#3200 = DIRECTION('',(2.22044604925E-16,-1.,0.));
#3201 = ORIENTED_EDGE('',*,*,#3202,.F.);
#3202 = EDGE_CURVE('',#2915,#3195,#3203,.T.);
#3203 = CIRCLE('',#3204,0.1);
#3204 = AXIS2_PLACEMENT_3D('',#3205,#3206,#3207);
#3205 = CARTESIAN_POINT('',(0.7,0.2,0.475));
#3206 = DIRECTION('',(-2.22044604925E-16,1.,0.));
#3207 = DIRECTION('',(1.110223024625E-15,2.465190328815E-31,1.));
#3208 = CYLINDRICAL_SURFACE('',#3209,0.1);
#3209 = AXIS2_PLACEMENT_3D('',#3210,#3211,#3212);
#3210 = CARTESIAN_POINT('',(0.7,0.2,0.475));
#3211 = DIRECTION('',(-2.22044604925E-16,1.,0.));
#3212 = DIRECTION('',(1.110223024625E-15,2.465190328815E-31,1.));
#3213 = ADVANCED_FACE('',(#3214),#3231,.F.);
#3214 = FACE_BOUND('',#3215,.F.);
#3215 = EDGE_LOOP('',(#3216,#3217,#3224,#3230));
#3216 = ORIENTED_EDGE('',*,*,#2945,.T.);
#3217 = ORIENTED_EDGE('',*,*,#3218,.T.);
#3218 = EDGE_CURVE('',#2939,#3219,#3221,.T.);
#3219 = VERTEX_POINT('',#3220);
#3220 = CARTESIAN_POINT('',(0.605,-1.5,0.725));
#3221 = B_SPLINE_CURVE_WITH_KNOTS('',1,(#3222,#3223),.UNSPECIFIED.,.F.,
  .F.,(2,2),(0.,1.),.PIECEWISE_BEZIER_KNOTS.);
#3222 = CARTESIAN_POINT('',(0.605,-1.5,0.575));
#3223 = CARTESIAN_POINT('',(0.605,-1.5,0.725));
#3224 = ORIENTED_EDGE('',*,*,#3225,.F.);
#3225 = EDGE_CURVE('',#3164,#3219,#3226,.T.);
#3226 = LINE('',#3227,#3228);
#3227 = CARTESIAN_POINT('',(0.7,-1.405,0.725));
#3228 = VECTOR('',#3229,1.);
#3229 = DIRECTION('',(-0.707106781187,-0.707106781187,0.));
#3230 = ORIENTED_EDGE('',*,*,#3163,.F.);
#3231 = PLANE('',#3232);
#3232 = AXIS2_PLACEMENT_3D('',#3233,#3234,#3235);
#3233 = CARTESIAN_POINT('',(0.7,-1.405,0.725));
#3234 = DIRECTION('',(-0.707106781187,0.707106781187,0.));
#3235 = DIRECTION('',(-0.707106781187,-0.707106781187,0.));
#3236 = ADVANCED_FACE('',(#3237),#3254,.F.);
#3237 = FACE_BOUND('',#3238,.F.);
#3238 = EDGE_LOOP('',(#3239,#3240,#3247,#3253));
#3239 = ORIENTED_EDGE('',*,*,#2968,.T.);
#3240 = ORIENTED_EDGE('',*,*,#3241,.T.);
#3241 = EDGE_CURVE('',#2962,#3242,#3244,.T.);
#3242 = VERTEX_POINT('',#3243);
#3243 = CARTESIAN_POINT('',(-0.605,-1.5,0.725));
#3244 = B_SPLINE_CURVE_WITH_KNOTS('',1,(#3245,#3246),.UNSPECIFIED.,.F.,
  .F.,(2,2),(0.,1.),.PIECEWISE_BEZIER_KNOTS.);
#3245 = CARTESIAN_POINT('',(-0.605,-1.5,0.575));
#3246 = CARTESIAN_POINT('',(-0.605,-1.5,0.725));
#3247 = ORIENTED_EDGE('',*,*,#3248,.F.);
#3248 = EDGE_CURVE('',#3219,#3242,#3249,.T.);
#3249 = LINE('',#3250,#3251);
#3250 = CARTESIAN_POINT('',(0.605,-1.5,0.725));
#3251 = VECTOR('',#3252,1.);
#3252 = DIRECTION('',(-1.,-2.22044604925E-16,0.));
#3253 = ORIENTED_EDGE('',*,*,#3218,.F.);
#3254 = PLANE('',#3255);
#3255 = AXIS2_PLACEMENT_3D('',#3256,#3257,#3258);
#3256 = CARTESIAN_POINT('',(0.605,-1.5,0.725));
#3257 = DIRECTION('',(-2.22044604925E-16,1.,0.));
#3258 = DIRECTION('',(-1.,-2.22044604925E-16,0.));
#3259 = ADVANCED_FACE('',(#3260),#3277,.F.);
#3260 = FACE_BOUND('',#3261,.F.);
#3261 = EDGE_LOOP('',(#3262,#3263,#3270,#3276));
#3262 = ORIENTED_EDGE('',*,*,#2991,.T.);
#3263 = ORIENTED_EDGE('',*,*,#3264,.T.);
#3264 = EDGE_CURVE('',#2985,#3265,#3267,.T.);
#3265 = VERTEX_POINT('',#3266);
#3266 = CARTESIAN_POINT('',(-0.7,-1.405,0.725));
#3267 = B_SPLINE_CURVE_WITH_KNOTS('',1,(#3268,#3269),.UNSPECIFIED.,.F.,
  .F.,(2,2),(0.,1.),.PIECEWISE_BEZIER_KNOTS.);
#3268 = CARTESIAN_POINT('',(-0.7,-1.405,0.575));
#3269 = CARTESIAN_POINT('',(-0.7,-1.405,0.725));
#3270 = ORIENTED_EDGE('',*,*,#3271,.F.);
#3271 = EDGE_CURVE('',#3242,#3265,#3272,.T.);
#3272 = LINE('',#3273,#3274);
#3273 = CARTESIAN_POINT('',(-0.605,-1.5,0.725));
#3274 = VECTOR('',#3275,1.);
#3275 = DIRECTION('',(-0.707106781187,0.707106781187,0.));
#3276 = ORIENTED_EDGE('',*,*,#3241,.F.);
#3277 = PLANE('',#3278);
#3278 = AXIS2_PLACEMENT_3D('',#3279,#3280,#3281);
#3279 = CARTESIAN_POINT('',(-0.605,-1.5,0.725));
#3280 = DIRECTION('',(0.707106781187,0.707106781187,0.));
#3281 = DIRECTION('',(-0.707106781187,0.707106781187,0.));
#3282 = ADVANCED_FACE('',(#3283),#3301,.F.);
#3283 = FACE_BOUND('',#3284,.F.);
#3284 = EDGE_LOOP('',(#3285,#3286,#3287,#3295));
#3285 = ORIENTED_EDGE('',*,*,#3264,.F.);
#3286 = ORIENTED_EDGE('',*,*,#3040,.T.);
#3287 = ORIENTED_EDGE('',*,*,#3288,.T.);
#3288 = EDGE_CURVE('',#3033,#3289,#3291,.T.);
#3289 = VERTEX_POINT('',#3290);
#3290 = CARTESIAN_POINT('',(-0.7,-1.15,0.725));
#3291 = LINE('',#3292,#3293);
#3292 = CARTESIAN_POINT('',(-0.7,-1.15,0.525297170697));
#3293 = VECTOR('',#3294,1.);
#3294 = DIRECTION('',(0.,0.,1.));
#3295 = ORIENTED_EDGE('',*,*,#3296,.F.);
#3296 = EDGE_CURVE('',#3265,#3289,#3297,.T.);
#3297 = LINE('',#3298,#3299);
#3298 = CARTESIAN_POINT('',(-0.7,-1.405,0.725));
#3299 = VECTOR('',#3300,1.);
#3300 = DIRECTION('',(-2.22044604925E-16,1.,0.));
#3301 = PLANE('',#3302);
#3302 = AXIS2_PLACEMENT_3D('',#3303,#3304,#3305);
#3303 = CARTESIAN_POINT('',(-0.7,-1.405,0.725));
#3304 = DIRECTION('',(1.,2.22044604925E-16,0.));
#3305 = DIRECTION('',(-2.22044604925E-16,1.,0.));
#3306 = ADVANCED_FACE('',(#3307),#3325,.F.);
#3307 = FACE_BOUND('',#3308,.F.);
#3308 = EDGE_LOOP('',(#3309,#3317,#3318,#3319));
#3309 = ORIENTED_EDGE('',*,*,#3310,.F.);
#3310 = EDGE_CURVE('',#3009,#3311,#3313,.T.);
#3311 = VERTEX_POINT('',#3312);
#3312 = CARTESIAN_POINT('',(-0.7,1.15,0.725));
#3313 = LINE('',#3314,#3315);
#3314 = CARTESIAN_POINT('',(-0.7,1.15,0.525297170697));
#3315 = VECTOR('',#3316,1.);
#3316 = DIRECTION('',(0.,0.,1.));
#3317 = ORIENTED_EDGE('',*,*,#3008,.T.);
#3318 = ORIENTED_EDGE('',*,*,#3117,.T.);
#3319 = ORIENTED_EDGE('',*,*,#3320,.F.);
#3320 = EDGE_CURVE('',#3311,#3110,#3321,.T.);
#3321 = LINE('',#3322,#3323);
#3322 = CARTESIAN_POINT('',(-0.7,-1.405,0.725));
#3323 = VECTOR('',#3324,1.);
#3324 = DIRECTION('',(-2.22044604925E-16,1.,0.));
#3325 = PLANE('',#3326);
#3326 = AXIS2_PLACEMENT_3D('',#3327,#3328,#3329);
#3327 = CARTESIAN_POINT('',(-0.7,-1.405,0.725));
#3328 = DIRECTION('',(1.,2.22044604925E-16,0.));
#3329 = DIRECTION('',(-2.22044604925E-16,1.,0.));
#3330 = ADVANCED_FACE('',(#3331),#3358,.F.);
#3331 = FACE_BOUND('',#3332,.F.);
#3332 = EDGE_LOOP('',(#3333,#3334,#3343,#3351));
#3333 = ORIENTED_EDGE('',*,*,#3032,.T.);
#3334 = ORIENTED_EDGE('',*,*,#3335,.T.);
#3335 = EDGE_CURVE('',#3025,#3336,#3338,.T.);
#3336 = VERTEX_POINT('',#3337);
#3337 = CARTESIAN_POINT('',(-0.8,-0.75,0.475));
#3338 = CIRCLE('',#3339,0.1);
#3339 = AXIS2_PLACEMENT_3D('',#3340,#3341,#3342);
#3340 = CARTESIAN_POINT('',(-0.7,-0.75,0.475));
#3341 = DIRECTION('',(9.95799250103E-17,-1.,0.));
#3342 = DIRECTION('',(-1.110223024625E-15,-1.105559255369E-31,1.));
#3343 = ORIENTED_EDGE('',*,*,#3344,.F.);
#3344 = EDGE_CURVE('',#3345,#3336,#3347,.T.);
#3345 = VERTEX_POINT('',#3346);
#3346 = CARTESIAN_POINT('',(-0.8,-1.15,0.475));
#3347 = LINE('',#3348,#3349);
#3348 = CARTESIAN_POINT('',(-0.8,-1.15,0.475));
#3349 = VECTOR('',#3350,1.);
#3350 = DIRECTION('',(-9.95799250103E-17,1.,0.));
#3351 = ORIENTED_EDGE('',*,*,#3352,.F.);
#3352 = EDGE_CURVE('',#3033,#3345,#3353,.T.);
#3353 = CIRCLE('',#3354,0.1);
#3354 = AXIS2_PLACEMENT_3D('',#3355,#3356,#3357);
#3355 = CARTESIAN_POINT('',(-0.7,-1.15,0.475));
#3356 = DIRECTION('',(9.95799250103E-17,-1.,0.));
#3357 = DIRECTION('',(-1.110223024625E-15,-1.105559255369E-31,1.));
#3358 = CYLINDRICAL_SURFACE('',#3359,0.1);
#3359 = AXIS2_PLACEMENT_3D('',#3360,#3361,#3362);
#3360 = CARTESIAN_POINT('',(-0.7,-1.15,0.475));
#3361 = DIRECTION('',(9.95799250103E-17,-1.,0.));
#3362 = DIRECTION('',(-1.110223024625E-15,-1.105559255369E-31,1.));
#3363 = ADVANCED_FACE('',(#3364),#3391,.F.);
#3364 = FACE_BOUND('',#3365,.F.);
#3365 = EDGE_LOOP('',(#3366,#3367,#3376,#3384));
#3366 = ORIENTED_EDGE('',*,*,#3016,.T.);
#3367 = ORIENTED_EDGE('',*,*,#3368,.T.);
#3368 = EDGE_CURVE('',#3009,#3369,#3371,.T.);
#3369 = VERTEX_POINT('',#3370);
#3370 = CARTESIAN_POINT('',(-0.8,1.15,0.475));
#3371 = CIRCLE('',#3372,0.1);
#3372 = AXIS2_PLACEMENT_3D('',#3373,#3374,#3375);
#3373 = CARTESIAN_POINT('',(-0.7,1.15,0.475));
#3374 = DIRECTION('',(9.95799250103E-17,-1.,0.));
#3375 = DIRECTION('',(-1.110223024625E-15,-1.105559255369E-31,1.));
#3376 = ORIENTED_EDGE('',*,*,#3377,.F.);
#3377 = EDGE_CURVE('',#3378,#3369,#3380,.T.);
#3378 = VERTEX_POINT('',#3379);
#3379 = CARTESIAN_POINT('',(-0.8,0.75,0.475));
#3380 = LINE('',#3381,#3382);
#3381 = CARTESIAN_POINT('',(-0.8,0.75,0.475));
#3382 = VECTOR('',#3383,1.);
#3383 = DIRECTION('',(-9.95799250103E-17,1.,0.));
#3384 = ORIENTED_EDGE('',*,*,#3385,.F.);
#3385 = EDGE_CURVE('',#3017,#3378,#3386,.T.);
#3386 = CIRCLE('',#3387,0.1);
#3387 = AXIS2_PLACEMENT_3D('',#3388,#3389,#3390);
#3388 = CARTESIAN_POINT('',(-0.7,0.75,0.475));
#3389 = DIRECTION('',(9.95799250103E-17,-1.,0.));
#3390 = DIRECTION('',(-1.110223024625E-15,-1.105559255369E-31,1.));
#3391 = CYLINDRICAL_SURFACE('',#3392,0.1);
#3392 = AXIS2_PLACEMENT_3D('',#3393,#3394,#3395);
#3393 = CARTESIAN_POINT('',(-0.7,0.75,0.475));
#3394 = DIRECTION('',(9.95799250103E-17,-1.,0.));
#3395 = DIRECTION('',(-1.110223024625E-15,-1.105559255369E-31,1.));
#3396 = ADVANCED_FACE('',(#3397),#3422,.F.);
#3397 = FACE_BOUND('',#3398,.F.);
#3398 = EDGE_LOOP('',(#3399,#3407,#3408,#3416));
#3399 = ORIENTED_EDGE('',*,*,#3400,.F.);
#3400 = EDGE_CURVE('',#3025,#3401,#3403,.T.);
#3401 = VERTEX_POINT('',#3402);
#3402 = CARTESIAN_POINT('',(-0.7,-0.75,0.725));
#3403 = LINE('',#3404,#3405);
#3404 = CARTESIAN_POINT('',(-0.7,-0.75,0.525297170697));
#3405 = VECTOR('',#3406,1.);
#3406 = DIRECTION('',(0.,0.,1.));
#3407 = ORIENTED_EDGE('',*,*,#3024,.T.);
#3408 = ORIENTED_EDGE('',*,*,#3409,.T.);
#3409 = EDGE_CURVE('',#3017,#3410,#3412,.T.);
#3410 = VERTEX_POINT('',#3411);
#3411 = CARTESIAN_POINT('',(-0.7,0.75,0.725));
#3412 = LINE('',#3413,#3414);
#3413 = CARTESIAN_POINT('',(-0.7,0.75,0.525297170697));
#3414 = VECTOR('',#3415,1.);
#3415 = DIRECTION('',(0.,0.,1.));
#3416 = ORIENTED_EDGE('',*,*,#3417,.F.);
#3417 = EDGE_CURVE('',#3401,#3410,#3418,.T.);
#3418 = LINE('',#3419,#3420);
#3419 = CARTESIAN_POINT('',(-0.7,-1.405,0.725));
#3420 = VECTOR('',#3421,1.);
#3421 = DIRECTION('',(-2.22044604925E-16,1.,0.));
#3422 = PLANE('',#3423);
#3423 = AXIS2_PLACEMENT_3D('',#3424,#3425,#3426);
#3424 = CARTESIAN_POINT('',(-0.7,-1.405,0.725));
#3425 = DIRECTION('',(1.,2.22044604925E-16,0.));
#3426 = DIRECTION('',(-2.22044604925E-16,1.,0.));
#3427 = ADVANCED_FACE('',(#3428),#3445,.F.);
#3428 = FACE_BOUND('',#3429,.F.);
#3429 = EDGE_LOOP('',(#3430,#3431,#3438,#3444));
#3430 = ORIENTED_EDGE('',*,*,#3063,.T.);
#3431 = ORIENTED_EDGE('',*,*,#3432,.T.);
#3432 = EDGE_CURVE('',#3057,#3433,#3435,.T.);
#3433 = VERTEX_POINT('',#3434);
#3434 = CARTESIAN_POINT('',(0.675,1.3925,0.725));
#3435 = B_SPLINE_CURVE_WITH_KNOTS('',1,(#3436,#3437),.UNSPECIFIED.,.F.,
  .F.,(2,2),(0.,1.),.PIECEWISE_BEZIER_KNOTS.);
#3436 = CARTESIAN_POINT('',(0.7,1.405,0.725));
#3437 = CARTESIAN_POINT('',(0.675,1.3925,0.725));
#3438 = ORIENTED_EDGE('',*,*,#3439,.F.);
#3439 = EDGE_CURVE('',#3080,#3433,#3440,.T.);
#3440 = LINE('',#3441,#3442);
#3441 = CARTESIAN_POINT('',(0.5925,1.475,0.725));
#3442 = VECTOR('',#3443,1.);
#3443 = DIRECTION('',(0.707106781187,-0.707106781187,0.));
#3444 = ORIENTED_EDGE('',*,*,#3079,.F.);
#3445 = B_SPLINE_SURFACE_WITH_KNOTS('',1,1,(
    (#3446,#3447)
    ,(#3448,#3449
    )),.UNSPECIFIED.,.F.,.F.,.F.,(2,2),(2,2),(0.,0.134350288425),(0.,1.)
  ,.PIECEWISE_BEZIER_KNOTS.);
#3446 = CARTESIAN_POINT('',(0.605,1.5,0.725));
#3447 = CARTESIAN_POINT('',(0.5925,1.475,0.725));
#3448 = CARTESIAN_POINT('',(0.7,1.405,0.725));
#3449 = CARTESIAN_POINT('',(0.675,1.3925,0.725));
#3450 = ADVANCED_FACE('',(#3451),#3474,.F.);
#3451 = FACE_BOUND('',#3452,.F.);
#3452 = EDGE_LOOP('',(#3453,#3454,#3461,#3469));
#3453 = ORIENTED_EDGE('',*,*,#3086,.T.);
#3454 = ORIENTED_EDGE('',*,*,#3455,.T.);
#3455 = EDGE_CURVE('',#3080,#3456,#3458,.T.);
#3456 = VERTEX_POINT('',#3457);
#3457 = CARTESIAN_POINT('',(0.559121551758,1.408243103516,1.2));
#3458 = B_SPLINE_CURVE_WITH_KNOTS('',1,(#3459,#3460),.UNSPECIFIED.,.F.,
  .F.,(2,2),(0.,1.),.PIECEWISE_BEZIER_KNOTS.);
#3459 = CARTESIAN_POINT('',(0.5925,1.475,0.725));
#3460 = CARTESIAN_POINT('',(0.559121551758,1.408243103516,1.2));
#3461 = ORIENTED_EDGE('',*,*,#3462,.F.);
#3462 = EDGE_CURVE('',#3463,#3456,#3465,.T.);
#3463 = VERTEX_POINT('',#3464);
#3464 = CARTESIAN_POINT('',(-0.559121551758,1.408243103516,1.2));
#3465 = LINE('',#3466,#3467);
#3466 = CARTESIAN_POINT('',(-0.559121551758,1.408243103516,1.2));
#3467 = VECTOR('',#3468,1.);
#3468 = DIRECTION('',(1.,2.22044604925E-16,0.));
#3469 = ORIENTED_EDGE('',*,*,#3470,.F.);
#3470 = EDGE_CURVE('',#3087,#3463,#3471,.T.);
#3471 = B_SPLINE_CURVE_WITH_KNOTS('',1,(#3472,#3473),.UNSPECIFIED.,.F.,
  .F.,(2,2),(0.,1.),.PIECEWISE_BEZIER_KNOTS.);
#3472 = CARTESIAN_POINT('',(-0.5925,1.475,0.725));
#3473 = CARTESIAN_POINT('',(-0.559121551758,1.408243103516,1.2));
#3474 = B_SPLINE_SURFACE_WITH_KNOTS('',1,1,(
    (#3475,#3476)
    ,(#3477,#3478
    )),.UNSPECIFIED.,.F.,.F.,.F.,(2,2),(2,2),(0.,1.185),(0.,1.),
  .PIECEWISE_BEZIER_KNOTS.);
#3475 = CARTESIAN_POINT('',(-0.5925,1.475,0.725));
#3476 = CARTESIAN_POINT('',(-0.559121551758,1.408243103516,1.2));
#3477 = CARTESIAN_POINT('',(0.5925,1.475,0.725));
#3478 = CARTESIAN_POINT('',(0.559121551758,1.408243103516,1.2));
#3479 = ADVANCED_FACE('',(#3480),#3497,.F.);
#3480 = FACE_BOUND('',#3481,.F.);
#3481 = EDGE_LOOP('',(#3482,#3483,#3484,#3492));
#3482 = ORIENTED_EDGE('',*,*,#3109,.T.);
#3483 = ORIENTED_EDGE('',*,*,#3094,.T.);
#3484 = ORIENTED_EDGE('',*,*,#3485,.F.);
#3485 = EDGE_CURVE('',#3486,#3087,#3488,.T.);
#3486 = VERTEX_POINT('',#3487);
#3487 = CARTESIAN_POINT('',(-0.675,1.3925,0.725));
#3488 = LINE('',#3489,#3490);
#3489 = CARTESIAN_POINT('',(-0.675,1.3925,0.725));
#3490 = VECTOR('',#3491,1.);
#3491 = DIRECTION('',(0.707106781187,0.707106781187,0.));
#3492 = ORIENTED_EDGE('',*,*,#3493,.F.);
#3493 = EDGE_CURVE('',#3110,#3486,#3494,.T.);
#3494 = B_SPLINE_CURVE_WITH_KNOTS('',1,(#3495,#3496),.UNSPECIFIED.,.F.,
  .F.,(2,2),(0.,1.),.PIECEWISE_BEZIER_KNOTS.);
#3495 = CARTESIAN_POINT('',(-0.7,1.405,0.725));
#3496 = CARTESIAN_POINT('',(-0.675,1.3925,0.725));
#3497 = B_SPLINE_SURFACE_WITH_KNOTS('',1,1,(
    (#3498,#3499)
    ,(#3500,#3501
    )),.UNSPECIFIED.,.F.,.F.,.F.,(2,2),(2,2),(0.,0.134350288425),(0.,1.)
  ,.PIECEWISE_BEZIER_KNOTS.);
#3498 = CARTESIAN_POINT('',(-0.7,1.405,0.725));
#3499 = CARTESIAN_POINT('',(-0.675,1.3925,0.725));
#3500 = CARTESIAN_POINT('',(-0.605,1.5,0.725));
#3501 = CARTESIAN_POINT('',(-0.5925,1.475,0.725));
#3502 = ADVANCED_FACE('',(#3503),#3521,.F.);
#3503 = FACE_BOUND('',#3504,.F.);
#3504 = EDGE_LOOP('',(#3505,#3506,#3507,#3515));
#3505 = ORIENTED_EDGE('',*,*,#3432,.F.);
#3506 = ORIENTED_EDGE('',*,*,#3140,.T.);
#3507 = ORIENTED_EDGE('',*,*,#3508,.T.);
#3508 = EDGE_CURVE('',#3133,#3509,#3511,.T.);
#3509 = VERTEX_POINT('',#3510);
#3510 = CARTESIAN_POINT('',(0.675,0.2,0.725));
#3511 = LINE('',#3512,#3513);
#3512 = CARTESIAN_POINT('',(0.7,0.2,0.725));
#3513 = VECTOR('',#3514,1.);
#3514 = DIRECTION('',(-1.,-2.22044604925E-16,0.));
#3515 = ORIENTED_EDGE('',*,*,#3516,.F.);
#3516 = EDGE_CURVE('',#3433,#3509,#3517,.T.);
#3517 = LINE('',#3518,#3519);
#3518 = CARTESIAN_POINT('',(0.675,1.3925,0.725));
#3519 = VECTOR('',#3520,1.);
#3520 = DIRECTION('',(2.22044604925E-16,-1.,0.));
#3521 = B_SPLINE_SURFACE_WITH_KNOTS('',1,1,(
    (#3522,#3523)
    ,(#3524,#3525
    )),.UNSPECIFIED.,.F.,.F.,.F.,(2,2),(2,2),(0.,2.81),(0.,1.),
  .PIECEWISE_BEZIER_KNOTS.);
#3522 = CARTESIAN_POINT('',(0.7,1.405,0.725));
#3523 = CARTESIAN_POINT('',(0.675,1.3925,0.725));
#3524 = CARTESIAN_POINT('',(0.7,-1.405,0.725));
#3525 = CARTESIAN_POINT('',(0.675,-1.3925,0.725));
#3526 = ADVANCED_FACE('',(#3527),#3596,.F.);
#3527 = FACE_BOUND('',#3528,.F.);
#3528 = EDGE_LOOP('',(#3529,#3530,#3531,#3539,#3548,#3556,#3564,#3572,
    #3581,#3589));
#3529 = ORIENTED_EDGE('',*,*,#3132,.F.);
#3530 = ORIENTED_EDGE('',*,*,#3202,.T.);
#3531 = ORIENTED_EDGE('',*,*,#3532,.T.);
#3532 = EDGE_CURVE('',#3195,#3533,#3535,.T.);
#3533 = VERTEX_POINT('',#3534);
#3534 = CARTESIAN_POINT('',(0.8,0.2,0.25));
#3535 = LINE('',#3536,#3537);
#3536 = CARTESIAN_POINT('',(0.8,0.2,0.475));
#3537 = VECTOR('',#3538,1.);
#3538 = DIRECTION('',(0.,0.,-1.));
#3539 = ORIENTED_EDGE('',*,*,#3540,.T.);
#3540 = EDGE_CURVE('',#3533,#3541,#3543,.T.);
#3541 = VERTEX_POINT('',#3542);
#3542 = CARTESIAN_POINT('',(1.05,0.2,0.));
#3543 = CIRCLE('',#3544,0.25);
#3544 = AXIS2_PLACEMENT_3D('',#3545,#3546,#3547);
#3545 = CARTESIAN_POINT('',(1.05,0.2,0.25));
#3546 = DIRECTION('',(2.22044604925E-16,-1.,0.));
#3547 = DIRECTION('',(-1.,-2.22044604925E-16,-4.440892098501E-16));
#3548 = ORIENTED_EDGE('',*,*,#3549,.T.);
#3549 = EDGE_CURVE('',#3541,#3550,#3552,.T.);
#3550 = VERTEX_POINT('',#3551);
#3551 = CARTESIAN_POINT('',(1.25,0.2,0.));
#3552 = LINE('',#3553,#3554);
#3553 = CARTESIAN_POINT('',(1.05,0.2,0.));
#3554 = VECTOR('',#3555,1.);
#3555 = DIRECTION('',(1.,2.22044604925E-16,0.));
#3556 = ORIENTED_EDGE('',*,*,#3557,.T.);
#3557 = EDGE_CURVE('',#3550,#3558,#3560,.T.);
#3558 = VERTEX_POINT('',#3559);
#3559 = CARTESIAN_POINT('',(1.25,0.2,0.15));
#3560 = LINE('',#3561,#3562);
#3561 = CARTESIAN_POINT('',(1.25,0.2,0.));
#3562 = VECTOR('',#3563,1.);
#3563 = DIRECTION('',(0.,0.,1.));
#3564 = ORIENTED_EDGE('',*,*,#3565,.T.);
#3565 = EDGE_CURVE('',#3558,#3566,#3568,.T.);
#3566 = VERTEX_POINT('',#3567);
#3567 = CARTESIAN_POINT('',(1.05,0.2,0.15));
#3568 = LINE('',#3569,#3570);
#3569 = CARTESIAN_POINT('',(1.25,0.2,0.15));
#3570 = VECTOR('',#3571,1.);
#3571 = DIRECTION('',(-1.,-2.22044604925E-16,0.));
#3572 = ORIENTED_EDGE('',*,*,#3573,.T.);
#3573 = EDGE_CURVE('',#3566,#3574,#3576,.T.);
#3574 = VERTEX_POINT('',#3575);
#3575 = CARTESIAN_POINT('',(0.95,0.2,0.25));
#3576 = CIRCLE('',#3577,0.1);
#3577 = AXIS2_PLACEMENT_3D('',#3578,#3579,#3580);
#3578 = CARTESIAN_POINT('',(1.05,0.2,0.25));
#3579 = DIRECTION('',(-2.22044604925E-16,1.,0.));
#3580 = DIRECTION('',(-2.22044604925E-15,-4.93038065763E-31,-1.));
#3581 = ORIENTED_EDGE('',*,*,#3582,.T.);
#3582 = EDGE_CURVE('',#3574,#3583,#3585,.T.);
#3583 = VERTEX_POINT('',#3584);
#3584 = CARTESIAN_POINT('',(0.95,0.2,0.475));
#3585 = LINE('',#3586,#3587);
#3586 = CARTESIAN_POINT('',(0.95,0.2,0.25));
#3587 = VECTOR('',#3588,1.);
#3588 = DIRECTION('',(0.,0.,1.));
#3589 = ORIENTED_EDGE('',*,*,#3590,.T.);
#3590 = EDGE_CURVE('',#3583,#3133,#3591,.T.);
#3591 = CIRCLE('',#3592,0.25);
#3592 = AXIS2_PLACEMENT_3D('',#3593,#3594,#3595);
#3593 = CARTESIAN_POINT('',(0.7,0.2,0.475));
#3594 = DIRECTION('',(2.22044604925E-16,-1.,0.));
#3595 = DIRECTION('',(1.,2.22044604925E-16,0.));
#3596 = PLANE('',#3597);
#3597 = AXIS2_PLACEMENT_3D('',#3598,#3599,#3600);
#3598 = CARTESIAN_POINT('',(0.923137815574,0.2,0.325594341393));
#3599 = DIRECTION('',(2.22044604925E-16,-1.,0.));
#3600 = DIRECTION('',(0.,0.,1.));
#3601 = ADVANCED_FACE('',(#3602),#3671,.T.);
#3602 = FACE_BOUND('',#3603,.T.);
#3603 = EDGE_LOOP('',(#3604,#3605,#3606,#3614,#3623,#3631,#3639,#3647,
    #3656,#3664));
#3604 = ORIENTED_EDGE('',*,*,#3154,.F.);
#3605 = ORIENTED_EDGE('',*,*,#3185,.T.);
#3606 = ORIENTED_EDGE('',*,*,#3607,.T.);
#3607 = EDGE_CURVE('',#3186,#3608,#3610,.T.);
#3608 = VERTEX_POINT('',#3609);
#3609 = CARTESIAN_POINT('',(0.8,-0.2,0.25));
#3610 = LINE('',#3611,#3612);
#3611 = CARTESIAN_POINT('',(0.8,-0.2,0.475));
#3612 = VECTOR('',#3613,1.);
#3613 = DIRECTION('',(0.,0.,-1.));
#3614 = ORIENTED_EDGE('',*,*,#3615,.T.);
#3615 = EDGE_CURVE('',#3608,#3616,#3618,.T.);
#3616 = VERTEX_POINT('',#3617);
#3617 = CARTESIAN_POINT('',(1.05,-0.2,0.));
#3618 = CIRCLE('',#3619,0.25);
#3619 = AXIS2_PLACEMENT_3D('',#3620,#3621,#3622);
#3620 = CARTESIAN_POINT('',(1.05,-0.2,0.25));
#3621 = DIRECTION('',(2.22044604925E-16,-1.,0.));
#3622 = DIRECTION('',(-1.,-2.22044604925E-16,-4.440892098501E-16));
#3623 = ORIENTED_EDGE('',*,*,#3624,.T.);
#3624 = EDGE_CURVE('',#3616,#3625,#3627,.T.);
#3625 = VERTEX_POINT('',#3626);
#3626 = CARTESIAN_POINT('',(1.25,-0.2,0.));
#3627 = LINE('',#3628,#3629);
#3628 = CARTESIAN_POINT('',(1.05,-0.2,0.));
#3629 = VECTOR('',#3630,1.);
#3630 = DIRECTION('',(1.,2.22044604925E-16,0.));
#3631 = ORIENTED_EDGE('',*,*,#3632,.T.);
#3632 = EDGE_CURVE('',#3625,#3633,#3635,.T.);
#3633 = VERTEX_POINT('',#3634);
#3634 = CARTESIAN_POINT('',(1.25,-0.2,0.15));
#3635 = LINE('',#3636,#3637);
#3636 = CARTESIAN_POINT('',(1.25,-0.2,0.));
#3637 = VECTOR('',#3638,1.);
#3638 = DIRECTION('',(0.,0.,1.));
#3639 = ORIENTED_EDGE('',*,*,#3640,.T.);
#3640 = EDGE_CURVE('',#3633,#3641,#3643,.T.);
#3641 = VERTEX_POINT('',#3642);
#3642 = CARTESIAN_POINT('',(1.05,-0.2,0.15));
#3643 = LINE('',#3644,#3645);
#3644 = CARTESIAN_POINT('',(1.25,-0.2,0.15));
#3645 = VECTOR('',#3646,1.);
#3646 = DIRECTION('',(-1.,-2.22044604925E-16,0.));
#3647 = ORIENTED_EDGE('',*,*,#3648,.T.);
#3648 = EDGE_CURVE('',#3641,#3649,#3651,.T.);
#3649 = VERTEX_POINT('',#3650);
#3650 = CARTESIAN_POINT('',(0.95,-0.2,0.25));
#3651 = CIRCLE('',#3652,0.1);
#3652 = AXIS2_PLACEMENT_3D('',#3653,#3654,#3655);
#3653 = CARTESIAN_POINT('',(1.05,-0.2,0.25));
#3654 = DIRECTION('',(-2.22044604925E-16,1.,0.));
#3655 = DIRECTION('',(-2.22044604925E-15,-4.93038065763E-31,-1.));
#3656 = ORIENTED_EDGE('',*,*,#3657,.T.);
#3657 = EDGE_CURVE('',#3649,#3658,#3660,.T.);
#3658 = VERTEX_POINT('',#3659);
#3659 = CARTESIAN_POINT('',(0.95,-0.2,0.475));
#3660 = LINE('',#3661,#3662);
#3661 = CARTESIAN_POINT('',(0.95,-0.2,0.25));
#3662 = VECTOR('',#3663,1.);
#3663 = DIRECTION('',(0.,0.,1.));
#3664 = ORIENTED_EDGE('',*,*,#3665,.T.);
#3665 = EDGE_CURVE('',#3658,#3155,#3666,.T.);
#3666 = CIRCLE('',#3667,0.25);
#3667 = AXIS2_PLACEMENT_3D('',#3668,#3669,#3670);
#3668 = CARTESIAN_POINT('',(0.7,-0.2,0.475));
#3669 = DIRECTION('',(2.22044604925E-16,-1.,0.));
#3670 = DIRECTION('',(1.,2.22044604925E-16,0.));
#3671 = PLANE('',#3672);
#3672 = AXIS2_PLACEMENT_3D('',#3673,#3674,#3675);
#3673 = CARTESIAN_POINT('',(0.923137815574,-0.2,0.325594341393));
#3674 = DIRECTION('',(2.22044604925E-16,-1.,0.));
#3675 = DIRECTION('',(0.,0.,1.));
#3676 = ADVANCED_FACE('',(#3677),#3701,.F.);
#3677 = FACE_BOUND('',#3678,.F.);
#3678 = EDGE_LOOP('',(#3679,#3687,#3688,#3695));
#3679 = ORIENTED_EDGE('',*,*,#3680,.F.);
#3680 = EDGE_CURVE('',#3155,#3681,#3683,.T.);
#3681 = VERTEX_POINT('',#3682);
#3682 = CARTESIAN_POINT('',(0.675,-0.2,0.725));
#3683 = LINE('',#3684,#3685);
#3684 = CARTESIAN_POINT('',(0.7,-0.2,0.725));
#3685 = VECTOR('',#3686,1.);
#3686 = DIRECTION('',(-1.,-2.22044604925E-16,0.));
#3687 = ORIENTED_EDGE('',*,*,#3170,.T.);
#3688 = ORIENTED_EDGE('',*,*,#3689,.T.);
#3689 = EDGE_CURVE('',#3164,#3690,#3692,.T.);
#3690 = VERTEX_POINT('',#3691);
#3691 = CARTESIAN_POINT('',(0.675,-1.3925,0.725));
#3692 = B_SPLINE_CURVE_WITH_KNOTS('',1,(#3693,#3694),.UNSPECIFIED.,.F.,
  .F.,(2,2),(0.,1.),.PIECEWISE_BEZIER_KNOTS.);
#3693 = CARTESIAN_POINT('',(0.7,-1.405,0.725));
#3694 = CARTESIAN_POINT('',(0.675,-1.3925,0.725));
#3695 = ORIENTED_EDGE('',*,*,#3696,.F.);
#3696 = EDGE_CURVE('',#3681,#3690,#3697,.T.);
#3697 = LINE('',#3698,#3699);
#3698 = CARTESIAN_POINT('',(0.675,1.3925,0.725));
#3699 = VECTOR('',#3700,1.);
#3700 = DIRECTION('',(2.22044604925E-16,-1.,0.));
#3701 = B_SPLINE_SURFACE_WITH_KNOTS('',1,1,(
    (#3702,#3703)
    ,(#3704,#3705
    )),.UNSPECIFIED.,.F.,.F.,.F.,(2,2),(2,2),(0.,2.81),(0.,1.),
  .PIECEWISE_BEZIER_KNOTS.);
#3702 = CARTESIAN_POINT('',(0.7,1.405,0.725));
#3703 = CARTESIAN_POINT('',(0.675,1.3925,0.725));
#3704 = CARTESIAN_POINT('',(0.7,-1.405,0.725));
#3705 = CARTESIAN_POINT('',(0.675,-1.3925,0.725));
#3706 = ADVANCED_FACE('',(#3707),#3718,.F.);
#3707 = FACE_BOUND('',#3708,.F.);
#3708 = EDGE_LOOP('',(#3709,#3710,#3711,#3717));
#3709 = ORIENTED_EDGE('',*,*,#3194,.T.);
#3710 = ORIENTED_EDGE('',*,*,#3607,.T.);
#3711 = ORIENTED_EDGE('',*,*,#3712,.F.);
#3712 = EDGE_CURVE('',#3533,#3608,#3713,.T.);
#3713 = LINE('',#3714,#3715);
#3714 = CARTESIAN_POINT('',(0.8,0.2,0.25));
#3715 = VECTOR('',#3716,1.);
#3716 = DIRECTION('',(2.22044604925E-16,-1.,0.));
#3717 = ORIENTED_EDGE('',*,*,#3532,.F.);
#3718 = PLANE('',#3719);
#3719 = AXIS2_PLACEMENT_3D('',#3720,#3721,#3722);
#3720 = CARTESIAN_POINT('',(0.8,0.2,0.475));
#3721 = DIRECTION('',(1.,2.22044604925E-16,0.));
#3722 = DIRECTION('',(0.,0.,-1.));
#3723 = ADVANCED_FACE('',(#3724),#3741,.F.);
#3724 = FACE_BOUND('',#3725,.F.);
#3725 = EDGE_LOOP('',(#3726,#3727,#3734,#3740));
#3726 = ORIENTED_EDGE('',*,*,#3225,.T.);
#3727 = ORIENTED_EDGE('',*,*,#3728,.T.);
#3728 = EDGE_CURVE('',#3219,#3729,#3731,.T.);
#3729 = VERTEX_POINT('',#3730);
#3730 = CARTESIAN_POINT('',(0.5925,-1.475,0.725));
#3731 = B_SPLINE_CURVE_WITH_KNOTS('',1,(#3732,#3733),.UNSPECIFIED.,.F.,
  .F.,(2,2),(0.,1.),.PIECEWISE_BEZIER_KNOTS.);
#3732 = CARTESIAN_POINT('',(0.605,-1.5,0.725));
#3733 = CARTESIAN_POINT('',(0.5925,-1.475,0.725));
#3734 = ORIENTED_EDGE('',*,*,#3735,.F.);
#3735 = EDGE_CURVE('',#3690,#3729,#3736,.T.);
#3736 = LINE('',#3737,#3738);
#3737 = CARTESIAN_POINT('',(0.675,-1.3925,0.725));
#3738 = VECTOR('',#3739,1.);
#3739 = DIRECTION('',(-0.707106781187,-0.707106781187,0.));
#3740 = ORIENTED_EDGE('',*,*,#3689,.F.);
#3741 = B_SPLINE_SURFACE_WITH_KNOTS('',1,1,(
    (#3742,#3743)
    ,(#3744,#3745
    )),.UNSPECIFIED.,.F.,.F.,.F.,(2,2),(2,2),(0.,0.134350288425),(0.,1.)
  ,.PIECEWISE_BEZIER_KNOTS.);
#3742 = CARTESIAN_POINT('',(0.7,-1.405,0.725));
#3743 = CARTESIAN_POINT('',(0.675,-1.3925,0.725));
#3744 = CARTESIAN_POINT('',(0.605,-1.5,0.725));
#3745 = CARTESIAN_POINT('',(0.5925,-1.475,0.725));
#3746 = ADVANCED_FACE('',(#3747),#3764,.F.);
#3747 = FACE_BOUND('',#3748,.F.);
#3748 = EDGE_LOOP('',(#3749,#3750,#3757,#3763));
#3749 = ORIENTED_EDGE('',*,*,#3248,.T.);
#3750 = ORIENTED_EDGE('',*,*,#3751,.T.);
#3751 = EDGE_CURVE('',#3242,#3752,#3754,.T.);
#3752 = VERTEX_POINT('',#3753);
#3753 = CARTESIAN_POINT('',(-0.5925,-1.475,0.725));
#3754 = B_SPLINE_CURVE_WITH_KNOTS('',1,(#3755,#3756),.UNSPECIFIED.,.F.,
  .F.,(2,2),(0.,1.),.PIECEWISE_BEZIER_KNOTS.);
#3755 = CARTESIAN_POINT('',(-0.605,-1.5,0.725));
#3756 = CARTESIAN_POINT('',(-0.5925,-1.475,0.725));
#3757 = ORIENTED_EDGE('',*,*,#3758,.F.);
#3758 = EDGE_CURVE('',#3729,#3752,#3759,.T.);
#3759 = LINE('',#3760,#3761);
#3760 = CARTESIAN_POINT('',(0.5925,-1.475,0.725));
#3761 = VECTOR('',#3762,1.);
#3762 = DIRECTION('',(-1.,-2.22044604925E-16,0.));
#3763 = ORIENTED_EDGE('',*,*,#3728,.F.);
#3764 = B_SPLINE_SURFACE_WITH_KNOTS('',1,1,(
    (#3765,#3766)
    ,(#3767,#3768
    )),.UNSPECIFIED.,.F.,.F.,.F.,(2,2),(2,2),(0.,1.21),(0.,1.),
  .PIECEWISE_BEZIER_KNOTS.);
#3765 = CARTESIAN_POINT('',(0.605,-1.5,0.725));
#3766 = CARTESIAN_POINT('',(0.5925,-1.475,0.725));
#3767 = CARTESIAN_POINT('',(-0.605,-1.5,0.725));
#3768 = CARTESIAN_POINT('',(-0.5925,-1.475,0.725));
#3769 = ADVANCED_FACE('',(#3770),#3787,.F.);
#3770 = FACE_BOUND('',#3771,.F.);
#3771 = EDGE_LOOP('',(#3772,#3773,#3780,#3786));
#3772 = ORIENTED_EDGE('',*,*,#3271,.T.);
#3773 = ORIENTED_EDGE('',*,*,#3774,.T.);
#3774 = EDGE_CURVE('',#3265,#3775,#3777,.T.);
#3775 = VERTEX_POINT('',#3776);
#3776 = CARTESIAN_POINT('',(-0.675,-1.3925,0.725));
#3777 = B_SPLINE_CURVE_WITH_KNOTS('',1,(#3778,#3779),.UNSPECIFIED.,.F.,
  .F.,(2,2),(0.,1.),.PIECEWISE_BEZIER_KNOTS.);
#3778 = CARTESIAN_POINT('',(-0.7,-1.405,0.725));
#3779 = CARTESIAN_POINT('',(-0.675,-1.3925,0.725));
#3780 = ORIENTED_EDGE('',*,*,#3781,.F.);
#3781 = EDGE_CURVE('',#3752,#3775,#3782,.T.);
#3782 = LINE('',#3783,#3784);
#3783 = CARTESIAN_POINT('',(-0.5925,-1.475,0.725));
#3784 = VECTOR('',#3785,1.);
#3785 = DIRECTION('',(-0.707106781187,0.707106781187,0.));
#3786 = ORIENTED_EDGE('',*,*,#3751,.F.);
#3787 = B_SPLINE_SURFACE_WITH_KNOTS('',1,1,(
    (#3788,#3789)
    ,(#3790,#3791
    )),.UNSPECIFIED.,.F.,.F.,.F.,(2,2),(2,2),(0.,0.134350288425),(0.,1.)
  ,.PIECEWISE_BEZIER_KNOTS.);
#3788 = CARTESIAN_POINT('',(-0.605,-1.5,0.725));
#3789 = CARTESIAN_POINT('',(-0.5925,-1.475,0.725));
#3790 = CARTESIAN_POINT('',(-0.7,-1.405,0.725));
#3791 = CARTESIAN_POINT('',(-0.675,-1.3925,0.725));
#3792 = ADVANCED_FACE('',(#3793),#3811,.F.);
#3793 = FACE_BOUND('',#3794,.F.);
#3794 = EDGE_LOOP('',(#3795,#3796,#3797,#3805));
#3795 = ORIENTED_EDGE('',*,*,#3774,.F.);
#3796 = ORIENTED_EDGE('',*,*,#3296,.T.);
#3797 = ORIENTED_EDGE('',*,*,#3798,.T.);
#3798 = EDGE_CURVE('',#3289,#3799,#3801,.T.);
#3799 = VERTEX_POINT('',#3800);
#3800 = CARTESIAN_POINT('',(-0.675,-1.15,0.725));
#3801 = LINE('',#3802,#3803);
#3802 = CARTESIAN_POINT('',(-0.7,-1.15,0.725));
#3803 = VECTOR('',#3804,1.);
#3804 = DIRECTION('',(1.,9.95799250103E-17,0.));
#3805 = ORIENTED_EDGE('',*,*,#3806,.F.);
#3806 = EDGE_CURVE('',#3775,#3799,#3807,.T.);
#3807 = LINE('',#3808,#3809);
#3808 = CARTESIAN_POINT('',(-0.675,-1.3925,0.725));
#3809 = VECTOR('',#3810,1.);
#3810 = DIRECTION('',(-2.22044604925E-16,1.,0.));
#3811 = B_SPLINE_SURFACE_WITH_KNOTS('',1,1,(
    (#3812,#3813)
    ,(#3814,#3815
    )),.UNSPECIFIED.,.F.,.F.,.F.,(2,2),(2,2),(0.,2.81),(0.,1.),
  .PIECEWISE_BEZIER_KNOTS.);
#3812 = CARTESIAN_POINT('',(-0.7,-1.405,0.725));
#3813 = CARTESIAN_POINT('',(-0.675,-1.3925,0.725));
#3814 = CARTESIAN_POINT('',(-0.7,1.405,0.725));
#3815 = CARTESIAN_POINT('',(-0.675,1.3925,0.725));
#3816 = ADVANCED_FACE('',(#3817),#3886,.F.);
#3817 = FACE_BOUND('',#3818,.F.);
#3818 = EDGE_LOOP('',(#3819,#3820,#3821,#3829,#3838,#3846,#3854,#3862,
    #3871,#3879));
#3819 = ORIENTED_EDGE('',*,*,#3288,.F.);
#3820 = ORIENTED_EDGE('',*,*,#3352,.T.);
#3821 = ORIENTED_EDGE('',*,*,#3822,.T.);
#3822 = EDGE_CURVE('',#3345,#3823,#3825,.T.);
#3823 = VERTEX_POINT('',#3824);
#3824 = CARTESIAN_POINT('',(-0.8,-1.15,0.25));
#3825 = LINE('',#3826,#3827);
#3826 = CARTESIAN_POINT('',(-0.8,-1.15,0.475));
#3827 = VECTOR('',#3828,1.);
#3828 = DIRECTION('',(-0.,0.,-1.));
#3829 = ORIENTED_EDGE('',*,*,#3830,.T.);
#3830 = EDGE_CURVE('',#3823,#3831,#3833,.T.);
#3831 = VERTEX_POINT('',#3832);
#3832 = CARTESIAN_POINT('',(-1.05,-1.15,0.));
#3833 = CIRCLE('',#3834,0.25);
#3834 = AXIS2_PLACEMENT_3D('',#3835,#3836,#3837);
#3835 = CARTESIAN_POINT('',(-1.05,-1.15,0.25));
#3836 = DIRECTION('',(-9.95799250103E-17,1.,0.));
#3837 = DIRECTION('',(1.,9.95799250103E-17,-4.440892098501E-16));
#3838 = ORIENTED_EDGE('',*,*,#3839,.T.);
#3839 = EDGE_CURVE('',#3831,#3840,#3842,.T.);
#3840 = VERTEX_POINT('',#3841);
#3841 = CARTESIAN_POINT('',(-1.25,-1.15,0.));
#3842 = LINE('',#3843,#3844);
#3843 = CARTESIAN_POINT('',(-1.05,-1.15,0.));
#3844 = VECTOR('',#3845,1.);
#3845 = DIRECTION('',(-1.,-9.95799250103E-17,0.));
#3846 = ORIENTED_EDGE('',*,*,#3847,.T.);
#3847 = EDGE_CURVE('',#3840,#3848,#3850,.T.);
#3848 = VERTEX_POINT('',#3849);
#3849 = CARTESIAN_POINT('',(-1.25,-1.15,0.15));
#3850 = LINE('',#3851,#3852);
#3851 = CARTESIAN_POINT('',(-1.25,-1.15,0.));
#3852 = VECTOR('',#3853,1.);
#3853 = DIRECTION('',(0.,0.,1.));
#3854 = ORIENTED_EDGE('',*,*,#3855,.T.);
#3855 = EDGE_CURVE('',#3848,#3856,#3858,.T.);
#3856 = VERTEX_POINT('',#3857);
#3857 = CARTESIAN_POINT('',(-1.05,-1.15,0.15));
#3858 = LINE('',#3859,#3860);
#3859 = CARTESIAN_POINT('',(-1.25,-1.15,0.15));
#3860 = VECTOR('',#3861,1.);
#3861 = DIRECTION('',(1.,9.95799250103E-17,0.));
#3862 = ORIENTED_EDGE('',*,*,#3863,.T.);
#3863 = EDGE_CURVE('',#3856,#3864,#3866,.T.);
#3864 = VERTEX_POINT('',#3865);
#3865 = CARTESIAN_POINT('',(-0.95,-1.15,0.25));
#3866 = CIRCLE('',#3867,0.1);
#3867 = AXIS2_PLACEMENT_3D('',#3868,#3869,#3870);
#3868 = CARTESIAN_POINT('',(-1.05,-1.15,0.25));
#3869 = DIRECTION('',(9.95799250103E-17,-1.,0.));
#3870 = DIRECTION('',(2.22044604925E-15,2.211118510737E-31,-1.));
#3871 = ORIENTED_EDGE('',*,*,#3872,.T.);
#3872 = EDGE_CURVE('',#3864,#3873,#3875,.T.);
#3873 = VERTEX_POINT('',#3874);
#3874 = CARTESIAN_POINT('',(-0.95,-1.15,0.475));
#3875 = LINE('',#3876,#3877);
#3876 = CARTESIAN_POINT('',(-0.95,-1.15,0.25));
#3877 = VECTOR('',#3878,1.);
#3878 = DIRECTION('',(0.,0.,1.));
#3879 = ORIENTED_EDGE('',*,*,#3880,.T.);
#3880 = EDGE_CURVE('',#3873,#3289,#3881,.T.);
#3881 = CIRCLE('',#3882,0.25);
#3882 = AXIS2_PLACEMENT_3D('',#3883,#3884,#3885);
#3883 = CARTESIAN_POINT('',(-0.7,-1.15,0.475));
#3884 = DIRECTION('',(-9.95799250103E-17,1.,0.));
#3885 = DIRECTION('',(-1.,-9.95799250103E-17,0.));
#3886 = PLANE('',#3887);
#3887 = AXIS2_PLACEMENT_3D('',#3888,#3889,#3890);
#3888 = CARTESIAN_POINT('',(-0.923137815574,-1.15,0.325594341393));
#3889 = DIRECTION('',(-9.95799250103E-17,1.,0.));
#3890 = DIRECTION('',(0.,0.,1.));
#3891 = ADVANCED_FACE('',(#3892),#3961,.T.);
#3892 = FACE_BOUND('',#3893,.T.);
#3893 = EDGE_LOOP('',(#3894,#3895,#3896,#3904,#3913,#3921,#3929,#3937,
    #3946,#3954));
#3894 = ORIENTED_EDGE('',*,*,#3310,.F.);
#3895 = ORIENTED_EDGE('',*,*,#3368,.T.);
#3896 = ORIENTED_EDGE('',*,*,#3897,.T.);
#3897 = EDGE_CURVE('',#3369,#3898,#3900,.T.);
#3898 = VERTEX_POINT('',#3899);
#3899 = CARTESIAN_POINT('',(-0.8,1.15,0.25));
#3900 = LINE('',#3901,#3902);
#3901 = CARTESIAN_POINT('',(-0.8,1.15,0.475));
#3902 = VECTOR('',#3903,1.);
#3903 = DIRECTION('',(-0.,0.,-1.));
#3904 = ORIENTED_EDGE('',*,*,#3905,.T.);
#3905 = EDGE_CURVE('',#3898,#3906,#3908,.T.);
#3906 = VERTEX_POINT('',#3907);
#3907 = CARTESIAN_POINT('',(-1.05,1.15,0.));
#3908 = CIRCLE('',#3909,0.25);
#3909 = AXIS2_PLACEMENT_3D('',#3910,#3911,#3912);
#3910 = CARTESIAN_POINT('',(-1.05,1.15,0.25));
#3911 = DIRECTION('',(-9.95799250103E-17,1.,0.));
#3912 = DIRECTION('',(1.,9.95799250103E-17,-4.440892098501E-16));
#3913 = ORIENTED_EDGE('',*,*,#3914,.T.);
#3914 = EDGE_CURVE('',#3906,#3915,#3917,.T.);
#3915 = VERTEX_POINT('',#3916);
#3916 = CARTESIAN_POINT('',(-1.25,1.15,0.));
#3917 = LINE('',#3918,#3919);
#3918 = CARTESIAN_POINT('',(-1.05,1.15,0.));
#3919 = VECTOR('',#3920,1.);
#3920 = DIRECTION('',(-1.,-9.95799250103E-17,0.));
#3921 = ORIENTED_EDGE('',*,*,#3922,.T.);
#3922 = EDGE_CURVE('',#3915,#3923,#3925,.T.);
#3923 = VERTEX_POINT('',#3924);
#3924 = CARTESIAN_POINT('',(-1.25,1.15,0.15));
#3925 = LINE('',#3926,#3927);
#3926 = CARTESIAN_POINT('',(-1.25,1.15,0.));
#3927 = VECTOR('',#3928,1.);
#3928 = DIRECTION('',(0.,0.,1.));
#3929 = ORIENTED_EDGE('',*,*,#3930,.T.);
#3930 = EDGE_CURVE('',#3923,#3931,#3933,.T.);
#3931 = VERTEX_POINT('',#3932);
#3932 = CARTESIAN_POINT('',(-1.05,1.15,0.15));
#3933 = LINE('',#3934,#3935);
#3934 = CARTESIAN_POINT('',(-1.25,1.15,0.15));
#3935 = VECTOR('',#3936,1.);
#3936 = DIRECTION('',(1.,9.95799250103E-17,0.));
#3937 = ORIENTED_EDGE('',*,*,#3938,.T.);
#3938 = EDGE_CURVE('',#3931,#3939,#3941,.T.);
#3939 = VERTEX_POINT('',#3940);
#3940 = CARTESIAN_POINT('',(-0.95,1.15,0.25));
#3941 = CIRCLE('',#3942,0.1);
#3942 = AXIS2_PLACEMENT_3D('',#3943,#3944,#3945);
#3943 = CARTESIAN_POINT('',(-1.05,1.15,0.25));
#3944 = DIRECTION('',(9.95799250103E-17,-1.,0.));
#3945 = DIRECTION('',(2.22044604925E-15,2.211118510737E-31,-1.));
#3946 = ORIENTED_EDGE('',*,*,#3947,.T.);
#3947 = EDGE_CURVE('',#3939,#3948,#3950,.T.);
#3948 = VERTEX_POINT('',#3949);
#3949 = CARTESIAN_POINT('',(-0.95,1.15,0.475));
#3950 = LINE('',#3951,#3952);
#3951 = CARTESIAN_POINT('',(-0.95,1.15,0.25));
#3952 = VECTOR('',#3953,1.);
#3953 = DIRECTION('',(0.,0.,1.));
#3954 = ORIENTED_EDGE('',*,*,#3955,.T.);
#3955 = EDGE_CURVE('',#3948,#3311,#3956,.T.);
#3956 = CIRCLE('',#3957,0.25);
#3957 = AXIS2_PLACEMENT_3D('',#3958,#3959,#3960);
#3958 = CARTESIAN_POINT('',(-0.7,1.15,0.475));
#3959 = DIRECTION('',(-9.95799250103E-17,1.,0.));
#3960 = DIRECTION('',(-1.,-9.95799250103E-17,0.));
#3961 = PLANE('',#3962);
#3962 = AXIS2_PLACEMENT_3D('',#3963,#3964,#3965);
#3963 = CARTESIAN_POINT('',(-0.923137815574,1.15,0.325594341393));
#3964 = DIRECTION('',(-9.95799250103E-17,1.,0.));
#3965 = DIRECTION('',(0.,0.,1.));
#3966 = ADVANCED_FACE('',(#3967),#3985,.F.);
#3967 = FACE_BOUND('',#3968,.F.);
#3968 = EDGE_LOOP('',(#3969,#3977,#3978,#3979));
#3969 = ORIENTED_EDGE('',*,*,#3970,.F.);
#3970 = EDGE_CURVE('',#3311,#3971,#3973,.T.);
#3971 = VERTEX_POINT('',#3972);
#3972 = CARTESIAN_POINT('',(-0.675,1.15,0.725));
#3973 = LINE('',#3974,#3975);
#3974 = CARTESIAN_POINT('',(-0.7,1.15,0.725));
#3975 = VECTOR('',#3976,1.);
#3976 = DIRECTION('',(1.,9.95799250103E-17,0.));
#3977 = ORIENTED_EDGE('',*,*,#3320,.T.);
#3978 = ORIENTED_EDGE('',*,*,#3493,.T.);
#3979 = ORIENTED_EDGE('',*,*,#3980,.F.);
#3980 = EDGE_CURVE('',#3971,#3486,#3981,.T.);
#3981 = LINE('',#3982,#3983);
#3982 = CARTESIAN_POINT('',(-0.675,-1.3925,0.725));
#3983 = VECTOR('',#3984,1.);
#3984 = DIRECTION('',(-2.22044604925E-16,1.,0.));
#3985 = B_SPLINE_SURFACE_WITH_KNOTS('',1,1,(
    (#3986,#3987)
    ,(#3988,#3989
    )),.UNSPECIFIED.,.F.,.F.,.F.,(2,2),(2,2),(0.,2.81),(0.,1.),
  .PIECEWISE_BEZIER_KNOTS.);
#3986 = CARTESIAN_POINT('',(-0.7,-1.405,0.725));
#3987 = CARTESIAN_POINT('',(-0.675,-1.3925,0.725));
#3988 = CARTESIAN_POINT('',(-0.7,1.405,0.725));
#3989 = CARTESIAN_POINT('',(-0.675,1.3925,0.725));
#3990 = ADVANCED_FACE('',(#3991),#4060,.T.);
#3991 = FACE_BOUND('',#3992,.T.);
#3992 = EDGE_LOOP('',(#3993,#3994,#3995,#4003,#4012,#4020,#4028,#4036,
    #4045,#4053));
#3993 = ORIENTED_EDGE('',*,*,#3400,.F.);
#3994 = ORIENTED_EDGE('',*,*,#3335,.T.);
#3995 = ORIENTED_EDGE('',*,*,#3996,.T.);
#3996 = EDGE_CURVE('',#3336,#3997,#3999,.T.);
#3997 = VERTEX_POINT('',#3998);
#3998 = CARTESIAN_POINT('',(-0.8,-0.75,0.25));
#3999 = LINE('',#4000,#4001);
#4000 = CARTESIAN_POINT('',(-0.8,-0.75,0.475));
#4001 = VECTOR('',#4002,1.);
#4002 = DIRECTION('',(-0.,0.,-1.));
#4003 = ORIENTED_EDGE('',*,*,#4004,.T.);
#4004 = EDGE_CURVE('',#3997,#4005,#4007,.T.);
#4005 = VERTEX_POINT('',#4006);
#4006 = CARTESIAN_POINT('',(-1.05,-0.75,0.));
#4007 = CIRCLE('',#4008,0.25);
#4008 = AXIS2_PLACEMENT_3D('',#4009,#4010,#4011);
#4009 = CARTESIAN_POINT('',(-1.05,-0.75,0.25));
#4010 = DIRECTION('',(-9.95799250103E-17,1.,0.));
#4011 = DIRECTION('',(1.,9.95799250103E-17,-4.440892098501E-16));
#4012 = ORIENTED_EDGE('',*,*,#4013,.T.);
#4013 = EDGE_CURVE('',#4005,#4014,#4016,.T.);
#4014 = VERTEX_POINT('',#4015);
#4015 = CARTESIAN_POINT('',(-1.25,-0.75,0.));
#4016 = LINE('',#4017,#4018);
#4017 = CARTESIAN_POINT('',(-1.05,-0.75,0.));
#4018 = VECTOR('',#4019,1.);
#4019 = DIRECTION('',(-1.,-9.95799250103E-17,0.));
#4020 = ORIENTED_EDGE('',*,*,#4021,.T.);
#4021 = EDGE_CURVE('',#4014,#4022,#4024,.T.);
#4022 = VERTEX_POINT('',#4023);
#4023 = CARTESIAN_POINT('',(-1.25,-0.75,0.15));
#4024 = LINE('',#4025,#4026);
#4025 = CARTESIAN_POINT('',(-1.25,-0.75,0.));
#4026 = VECTOR('',#4027,1.);
#4027 = DIRECTION('',(0.,0.,1.));
#4028 = ORIENTED_EDGE('',*,*,#4029,.T.);
#4029 = EDGE_CURVE('',#4022,#4030,#4032,.T.);
#4030 = VERTEX_POINT('',#4031);
#4031 = CARTESIAN_POINT('',(-1.05,-0.75,0.15));
#4032 = LINE('',#4033,#4034);
#4033 = CARTESIAN_POINT('',(-1.25,-0.75,0.15));
#4034 = VECTOR('',#4035,1.);
#4035 = DIRECTION('',(1.,9.95799250103E-17,0.));
#4036 = ORIENTED_EDGE('',*,*,#4037,.T.);
#4037 = EDGE_CURVE('',#4030,#4038,#4040,.T.);
#4038 = VERTEX_POINT('',#4039);
#4039 = CARTESIAN_POINT('',(-0.95,-0.75,0.25));
#4040 = CIRCLE('',#4041,0.1);
#4041 = AXIS2_PLACEMENT_3D('',#4042,#4043,#4044);
#4042 = CARTESIAN_POINT('',(-1.05,-0.75,0.25));
#4043 = DIRECTION('',(9.95799250103E-17,-1.,0.));
#4044 = DIRECTION('',(2.22044604925E-15,2.211118510737E-31,-1.));
#4045 = ORIENTED_EDGE('',*,*,#4046,.T.);
#4046 = EDGE_CURVE('',#4038,#4047,#4049,.T.);
#4047 = VERTEX_POINT('',#4048);
#4048 = CARTESIAN_POINT('',(-0.95,-0.75,0.475));
#4049 = LINE('',#4050,#4051);
#4050 = CARTESIAN_POINT('',(-0.95,-0.75,0.25));
#4051 = VECTOR('',#4052,1.);
#4052 = DIRECTION('',(0.,0.,1.));
#4053 = ORIENTED_EDGE('',*,*,#4054,.T.);
#4054 = EDGE_CURVE('',#4047,#3401,#4055,.T.);
#4055 = CIRCLE('',#4056,0.25);
#4056 = AXIS2_PLACEMENT_3D('',#4057,#4058,#4059);
#4057 = CARTESIAN_POINT('',(-0.7,-0.75,0.475));
#4058 = DIRECTION('',(-9.95799250103E-17,1.,0.));
#4059 = DIRECTION('',(-1.,-9.95799250103E-17,0.));
#4060 = PLANE('',#4061);
#4061 = AXIS2_PLACEMENT_3D('',#4062,#4063,#4064);
#4062 = CARTESIAN_POINT('',(-0.923137815574,-0.75,0.325594341393));
#4063 = DIRECTION('',(-9.95799250103E-17,1.,0.));
#4064 = DIRECTION('',(0.,0.,1.));
#4065 = ADVANCED_FACE('',(#4066),#4077,.F.);
#4066 = FACE_BOUND('',#4067,.F.);
#4067 = EDGE_LOOP('',(#4068,#4069,#4070,#4076));
#4068 = ORIENTED_EDGE('',*,*,#3344,.T.);
#4069 = ORIENTED_EDGE('',*,*,#3996,.T.);
#4070 = ORIENTED_EDGE('',*,*,#4071,.F.);
#4071 = EDGE_CURVE('',#3823,#3997,#4072,.T.);
#4072 = LINE('',#4073,#4074);
#4073 = CARTESIAN_POINT('',(-0.8,-1.15,0.25));
#4074 = VECTOR('',#4075,1.);
#4075 = DIRECTION('',(-9.95799250103E-17,1.,0.));
#4076 = ORIENTED_EDGE('',*,*,#3822,.F.);
#4077 = PLANE('',#4078);
#4078 = AXIS2_PLACEMENT_3D('',#4079,#4080,#4081);
#4079 = CARTESIAN_POINT('',(-0.8,-1.15,0.475));
#4080 = DIRECTION('',(-1.,-9.95799250103E-17,0.));
#4081 = DIRECTION('',(-0.,0.,-1.));
#4082 = ADVANCED_FACE('',(#4083),#4152,.F.);
#4083 = FACE_BOUND('',#4084,.F.);
#4084 = EDGE_LOOP('',(#4085,#4086,#4087,#4095,#4104,#4112,#4120,#4128,
    #4137,#4145));
#4085 = ORIENTED_EDGE('',*,*,#3409,.F.);
#4086 = ORIENTED_EDGE('',*,*,#3385,.T.);
#4087 = ORIENTED_EDGE('',*,*,#4088,.T.);
#4088 = EDGE_CURVE('',#3378,#4089,#4091,.T.);
#4089 = VERTEX_POINT('',#4090);
#4090 = CARTESIAN_POINT('',(-0.8,0.75,0.25));
#4091 = LINE('',#4092,#4093);
#4092 = CARTESIAN_POINT('',(-0.8,0.75,0.475));
#4093 = VECTOR('',#4094,1.);
#4094 = DIRECTION('',(-0.,0.,-1.));
#4095 = ORIENTED_EDGE('',*,*,#4096,.T.);
#4096 = EDGE_CURVE('',#4089,#4097,#4099,.T.);
#4097 = VERTEX_POINT('',#4098);
#4098 = CARTESIAN_POINT('',(-1.05,0.75,0.));
#4099 = CIRCLE('',#4100,0.25);
#4100 = AXIS2_PLACEMENT_3D('',#4101,#4102,#4103);
#4101 = CARTESIAN_POINT('',(-1.05,0.75,0.25));
#4102 = DIRECTION('',(-9.95799250103E-17,1.,0.));
#4103 = DIRECTION('',(1.,9.95799250103E-17,-4.440892098501E-16));
#4104 = ORIENTED_EDGE('',*,*,#4105,.T.);
#4105 = EDGE_CURVE('',#4097,#4106,#4108,.T.);
#4106 = VERTEX_POINT('',#4107);
#4107 = CARTESIAN_POINT('',(-1.25,0.75,0.));
#4108 = LINE('',#4109,#4110);
#4109 = CARTESIAN_POINT('',(-1.05,0.75,0.));
#4110 = VECTOR('',#4111,1.);
#4111 = DIRECTION('',(-1.,-9.95799250103E-17,0.));
#4112 = ORIENTED_EDGE('',*,*,#4113,.T.);
#4113 = EDGE_CURVE('',#4106,#4114,#4116,.T.);
#4114 = VERTEX_POINT('',#4115);
#4115 = CARTESIAN_POINT('',(-1.25,0.75,0.15));
#4116 = LINE('',#4117,#4118);
#4117 = CARTESIAN_POINT('',(-1.25,0.75,0.));
#4118 = VECTOR('',#4119,1.);
#4119 = DIRECTION('',(0.,0.,1.));
#4120 = ORIENTED_EDGE('',*,*,#4121,.T.);
#4121 = EDGE_CURVE('',#4114,#4122,#4124,.T.);
#4122 = VERTEX_POINT('',#4123);
#4123 = CARTESIAN_POINT('',(-1.05,0.75,0.15));
#4124 = LINE('',#4125,#4126);
#4125 = CARTESIAN_POINT('',(-1.25,0.75,0.15));
#4126 = VECTOR('',#4127,1.);
#4127 = DIRECTION('',(1.,9.95799250103E-17,0.));
#4128 = ORIENTED_EDGE('',*,*,#4129,.T.);
#4129 = EDGE_CURVE('',#4122,#4130,#4132,.T.);
#4130 = VERTEX_POINT('',#4131);
#4131 = CARTESIAN_POINT('',(-0.95,0.75,0.25));
#4132 = CIRCLE('',#4133,0.1);
#4133 = AXIS2_PLACEMENT_3D('',#4134,#4135,#4136);
#4134 = CARTESIAN_POINT('',(-1.05,0.75,0.25));
#4135 = DIRECTION('',(9.95799250103E-17,-1.,0.));
#4136 = DIRECTION('',(2.22044604925E-15,2.211118510737E-31,-1.));
#4137 = ORIENTED_EDGE('',*,*,#4138,.T.);
#4138 = EDGE_CURVE('',#4130,#4139,#4141,.T.);
#4139 = VERTEX_POINT('',#4140);
#4140 = CARTESIAN_POINT('',(-0.95,0.75,0.475));
#4141 = LINE('',#4142,#4143);
#4142 = CARTESIAN_POINT('',(-0.95,0.75,0.25));
#4143 = VECTOR('',#4144,1.);
#4144 = DIRECTION('',(0.,0.,1.));
#4145 = ORIENTED_EDGE('',*,*,#4146,.T.);
#4146 = EDGE_CURVE('',#4139,#3410,#4147,.T.);
#4147 = CIRCLE('',#4148,0.25);
#4148 = AXIS2_PLACEMENT_3D('',#4149,#4150,#4151);
#4149 = CARTESIAN_POINT('',(-0.7,0.75,0.475));
#4150 = DIRECTION('',(-9.95799250103E-17,1.,0.));
#4151 = DIRECTION('',(-1.,-9.95799250103E-17,0.));
#4152 = PLANE('',#4153);
#4153 = AXIS2_PLACEMENT_3D('',#4154,#4155,#4156);
#4154 = CARTESIAN_POINT('',(-0.923137815574,0.75,0.325594341393));
#4155 = DIRECTION('',(-9.95799250103E-17,1.,0.));
#4156 = DIRECTION('',(0.,0.,1.));
#4157 = ADVANCED_FACE('',(#4158),#4169,.F.);
#4158 = FACE_BOUND('',#4159,.F.);
#4159 = EDGE_LOOP('',(#4160,#4161,#4162,#4168));
#4160 = ORIENTED_EDGE('',*,*,#3377,.T.);
#4161 = ORIENTED_EDGE('',*,*,#3897,.T.);
#4162 = ORIENTED_EDGE('',*,*,#4163,.F.);
#4163 = EDGE_CURVE('',#4089,#3898,#4164,.T.);
#4164 = LINE('',#4165,#4166);
#4165 = CARTESIAN_POINT('',(-0.8,0.75,0.25));
#4166 = VECTOR('',#4167,1.);
#4167 = DIRECTION('',(-9.95799250103E-17,1.,0.));
#4168 = ORIENTED_EDGE('',*,*,#4088,.F.);
#4169 = PLANE('',#4170);
#4170 = AXIS2_PLACEMENT_3D('',#4171,#4172,#4173);
#4171 = CARTESIAN_POINT('',(-0.8,0.75,0.475));
#4172 = DIRECTION('',(-1.,-9.95799250103E-17,0.));
#4173 = DIRECTION('',(-0.,0.,-1.));
#4174 = ADVANCED_FACE('',(#4175),#4200,.F.);
#4175 = FACE_BOUND('',#4176,.F.);
#4176 = EDGE_LOOP('',(#4177,#4185,#4186,#4194));
#4177 = ORIENTED_EDGE('',*,*,#4178,.F.);
#4178 = EDGE_CURVE('',#3401,#4179,#4181,.T.);
#4179 = VERTEX_POINT('',#4180);
#4180 = CARTESIAN_POINT('',(-0.675,-0.75,0.725));
#4181 = LINE('',#4182,#4183);
#4182 = CARTESIAN_POINT('',(-0.7,-0.75,0.725));
#4183 = VECTOR('',#4184,1.);
#4184 = DIRECTION('',(1.,9.95799250103E-17,0.));
#4185 = ORIENTED_EDGE('',*,*,#3417,.T.);
#4186 = ORIENTED_EDGE('',*,*,#4187,.T.);
#4187 = EDGE_CURVE('',#3410,#4188,#4190,.T.);
#4188 = VERTEX_POINT('',#4189);
#4189 = CARTESIAN_POINT('',(-0.675,0.75,0.725));
#4190 = LINE('',#4191,#4192);
#4191 = CARTESIAN_POINT('',(-0.7,0.75,0.725));
#4192 = VECTOR('',#4193,1.);
#4193 = DIRECTION('',(1.,9.95799250103E-17,0.));
#4194 = ORIENTED_EDGE('',*,*,#4195,.F.);
#4195 = EDGE_CURVE('',#4179,#4188,#4196,.T.);
#4196 = LINE('',#4197,#4198);
#4197 = CARTESIAN_POINT('',(-0.675,-1.3925,0.725));
#4198 = VECTOR('',#4199,1.);
#4199 = DIRECTION('',(-2.22044604925E-16,1.,0.));
#4200 = B_SPLINE_SURFACE_WITH_KNOTS('',1,1,(
    (#4201,#4202)
    ,(#4203,#4204
    )),.UNSPECIFIED.,.F.,.F.,.F.,(2,2),(2,2),(0.,2.81),(0.,1.),
  .PIECEWISE_BEZIER_KNOTS.);
#4201 = CARTESIAN_POINT('',(-0.7,-1.405,0.725));
#4202 = CARTESIAN_POINT('',(-0.675,-1.3925,0.725));
#4203 = CARTESIAN_POINT('',(-0.7,1.405,0.725));
#4204 = CARTESIAN_POINT('',(-0.675,1.3925,0.725));
#4205 = ADVANCED_FACE('',(#4206),#4223,.F.);
#4206 = FACE_BOUND('',#4207,.F.);
#4207 = EDGE_LOOP('',(#4208,#4209,#4216,#4222));
#4208 = ORIENTED_EDGE('',*,*,#3439,.T.);
#4209 = ORIENTED_EDGE('',*,*,#4210,.T.);
#4210 = EDGE_CURVE('',#3433,#4211,#4213,.T.);
#4211 = VERTEX_POINT('',#4212);
#4212 = CARTESIAN_POINT('',(0.608243103516,1.359121551758,1.2));
#4213 = B_SPLINE_CURVE_WITH_KNOTS('',1,(#4214,#4215),.UNSPECIFIED.,.F.,
  .F.,(2,2),(0.,1.),.PIECEWISE_BEZIER_KNOTS.);
#4214 = CARTESIAN_POINT('',(0.675,1.3925,0.725));
#4215 = CARTESIAN_POINT('',(0.608243103516,1.359121551758,1.2));
#4216 = ORIENTED_EDGE('',*,*,#4217,.F.);
#4217 = EDGE_CURVE('',#3456,#4211,#4218,.T.);
#4218 = LINE('',#4219,#4220);
#4219 = CARTESIAN_POINT('',(0.559121551758,1.408243103516,1.2));
#4220 = VECTOR('',#4221,1.);
#4221 = DIRECTION('',(0.707106781187,-0.707106781187,0.));
#4222 = ORIENTED_EDGE('',*,*,#3455,.F.);
#4223 = B_SPLINE_SURFACE_WITH_KNOTS('',1,1,(
    (#4224,#4225)
    ,(#4226,#4227
    )),.UNSPECIFIED.,.F.,.F.,.F.,(2,2),(2,2),(0.,0.116672618896),(0.,1.)
  ,.PIECEWISE_BEZIER_KNOTS.);
#4224 = CARTESIAN_POINT('',(0.5925,1.475,0.725));
#4225 = CARTESIAN_POINT('',(0.559121551758,1.408243103516,1.2));
#4226 = CARTESIAN_POINT('',(0.675,1.3925,0.725));
#4227 = CARTESIAN_POINT('',(0.608243103516,1.359121551758,1.2));
#4228 = ADVANCED_FACE('',(#4229),#4279,.T.);
#4229 = FACE_BOUND('',#4230,.F.);
#4230 = EDGE_LOOP('',(#4231,#4232,#4233,#4241,#4249,#4257,#4265,#4273));
#4231 = ORIENTED_EDGE('',*,*,#3462,.T.);
#4232 = ORIENTED_EDGE('',*,*,#4217,.T.);
#4233 = ORIENTED_EDGE('',*,*,#4234,.T.);
#4234 = EDGE_CURVE('',#4211,#4235,#4237,.T.);
#4235 = VERTEX_POINT('',#4236);
#4236 = CARTESIAN_POINT('',(0.608243103516,-1.359121551758,1.2));
#4237 = LINE('',#4238,#4239);
#4238 = CARTESIAN_POINT('',(0.608243103516,1.359121551758,1.2));
#4239 = VECTOR('',#4240,1.);
#4240 = DIRECTION('',(2.22044604925E-16,-1.,0.));
#4241 = ORIENTED_EDGE('',*,*,#4242,.T.);
#4242 = EDGE_CURVE('',#4235,#4243,#4245,.T.);
#4243 = VERTEX_POINT('',#4244);
#4244 = CARTESIAN_POINT('',(0.559121551758,-1.408243103516,1.2));
#4245 = LINE('',#4246,#4247);
#4246 = CARTESIAN_POINT('',(0.608243103516,-1.359121551758,1.2));
#4247 = VECTOR('',#4248,1.);
#4248 = DIRECTION('',(-0.707106781187,-0.707106781187,0.));
#4249 = ORIENTED_EDGE('',*,*,#4250,.T.);
#4250 = EDGE_CURVE('',#4243,#4251,#4253,.T.);
#4251 = VERTEX_POINT('',#4252);
#4252 = CARTESIAN_POINT('',(-0.559121551758,-1.408243103516,1.2));
#4253 = LINE('',#4254,#4255);
#4254 = CARTESIAN_POINT('',(0.559121551758,-1.408243103516,1.2));
#4255 = VECTOR('',#4256,1.);
#4256 = DIRECTION('',(-1.,-2.22044604925E-16,0.));
#4257 = ORIENTED_EDGE('',*,*,#4258,.T.);
#4258 = EDGE_CURVE('',#4251,#4259,#4261,.T.);
#4259 = VERTEX_POINT('',#4260);
#4260 = CARTESIAN_POINT('',(-0.608243103516,-1.359121551758,1.2));
#4261 = LINE('',#4262,#4263);
#4262 = CARTESIAN_POINT('',(-0.559121551758,-1.408243103516,1.2));
#4263 = VECTOR('',#4264,1.);
#4264 = DIRECTION('',(-0.707106781187,0.707106781187,0.));
#4265 = ORIENTED_EDGE('',*,*,#4266,.T.);
#4266 = EDGE_CURVE('',#4259,#4267,#4269,.T.);
#4267 = VERTEX_POINT('',#4268);
#4268 = CARTESIAN_POINT('',(-0.608243103516,1.359121551758,1.2));
#4269 = LINE('',#4270,#4271);
#4270 = CARTESIAN_POINT('',(-0.608243103516,-1.359121551758,1.2));
#4271 = VECTOR('',#4272,1.);
#4272 = DIRECTION('',(-2.22044604925E-16,1.,0.));
#4273 = ORIENTED_EDGE('',*,*,#4274,.T.);
#4274 = EDGE_CURVE('',#4267,#3463,#4275,.T.);
#4275 = LINE('',#4276,#4277);
#4276 = CARTESIAN_POINT('',(-0.608243103516,1.359121551758,1.2));
#4277 = VECTOR('',#4278,1.);
#4278 = DIRECTION('',(0.707106781187,0.707106781187,0.));
#4279 = PLANE('',#4280);
#4280 = AXIS2_PLACEMENT_3D('',#4281,#4282,#4283);
#4281 = CARTESIAN_POINT('',(-0.559121551758,1.408243103516,1.2));
#4282 = DIRECTION('',(0.,0.,1.));
#4283 = DIRECTION('',(0.369013679242,-0.929423963825,0.));
#4284 = ADVANCED_FACE('',(#4285),#4295,.F.);
#4285 = FACE_BOUND('',#4286,.F.);
#4286 = EDGE_LOOP('',(#4287,#4288,#4289,#4290));
#4287 = ORIENTED_EDGE('',*,*,#3485,.T.);
#4288 = ORIENTED_EDGE('',*,*,#3470,.T.);
#4289 = ORIENTED_EDGE('',*,*,#4274,.F.);
#4290 = ORIENTED_EDGE('',*,*,#4291,.F.);
#4291 = EDGE_CURVE('',#3486,#4267,#4292,.T.);
#4292 = B_SPLINE_CURVE_WITH_KNOTS('',1,(#4293,#4294),.UNSPECIFIED.,.F.,
  .F.,(2,2),(0.,1.),.PIECEWISE_BEZIER_KNOTS.);
#4293 = CARTESIAN_POINT('',(-0.675,1.3925,0.725));
#4294 = CARTESIAN_POINT('',(-0.608243103516,1.359121551758,1.2));
#4295 = B_SPLINE_SURFACE_WITH_KNOTS('',1,1,(
    (#4296,#4297)
    ,(#4298,#4299
    )),.UNSPECIFIED.,.F.,.F.,.F.,(2,2),(2,2),(0.,0.116672618896),(0.,1.)
  ,.PIECEWISE_BEZIER_KNOTS.);
#4296 = CARTESIAN_POINT('',(-0.675,1.3925,0.725));
#4297 = CARTESIAN_POINT('',(-0.608243103516,1.359121551758,1.2));
#4298 = CARTESIAN_POINT('',(-0.5925,1.475,0.725));
#4299 = CARTESIAN_POINT('',(-0.559121551758,1.408243103516,1.2));
#4300 = ADVANCED_FACE('',(#4301),#4318,.F.);
#4301 = FACE_BOUND('',#4302,.F.);
#4302 = EDGE_LOOP('',(#4303,#4304,#4310,#4311,#4316,#4317));
#4303 = ORIENTED_EDGE('',*,*,#3516,.T.);
#4304 = ORIENTED_EDGE('',*,*,#4305,.T.);
#4305 = EDGE_CURVE('',#3509,#3681,#4306,.T.);
#4306 = LINE('',#4307,#4308);
#4307 = CARTESIAN_POINT('',(0.675,1.3925,0.725));
#4308 = VECTOR('',#4309,1.);
#4309 = DIRECTION('',(2.22044604925E-16,-1.,0.));
#4310 = ORIENTED_EDGE('',*,*,#3696,.T.);
#4311 = ORIENTED_EDGE('',*,*,#4312,.T.);
#4312 = EDGE_CURVE('',#3690,#4235,#4313,.T.);
#4313 = B_SPLINE_CURVE_WITH_KNOTS('',1,(#4314,#4315),.UNSPECIFIED.,.F.,
  .F.,(2,2),(0.,1.),.PIECEWISE_BEZIER_KNOTS.);
#4314 = CARTESIAN_POINT('',(0.675,-1.3925,0.725));
#4315 = CARTESIAN_POINT('',(0.608243103516,-1.359121551758,1.2));
#4316 = ORIENTED_EDGE('',*,*,#4234,.F.);
#4317 = ORIENTED_EDGE('',*,*,#4210,.F.);
#4318 = B_SPLINE_SURFACE_WITH_KNOTS('',1,1,(
    (#4319,#4320)
    ,(#4321,#4322
    )),.UNSPECIFIED.,.F.,.F.,.F.,(2,2),(2,2),(0.,2.785),(0.,1.),
  .PIECEWISE_BEZIER_KNOTS.);
#4319 = CARTESIAN_POINT('',(0.675,1.3925,0.725));
#4320 = CARTESIAN_POINT('',(0.608243103516,1.359121551758,1.2));
#4321 = CARTESIAN_POINT('',(0.675,-1.3925,0.725));
#4322 = CARTESIAN_POINT('',(0.608243103516,-1.359121551758,1.2));
#4323 = ADVANCED_FACE('',(#4324),#4335,.F.);
#4324 = FACE_BOUND('',#4325,.F.);
#4325 = EDGE_LOOP('',(#4326,#4327,#4333,#4334));
#4326 = ORIENTED_EDGE('',*,*,#3508,.F.);
#4327 = ORIENTED_EDGE('',*,*,#4328,.T.);
#4328 = EDGE_CURVE('',#3133,#3155,#4329,.T.);
#4329 = LINE('',#4330,#4331);
#4330 = CARTESIAN_POINT('',(0.7,0.2,0.725));
#4331 = VECTOR('',#4332,1.);
#4332 = DIRECTION('',(2.22044604925E-16,-1.,0.));
#4333 = ORIENTED_EDGE('',*,*,#3680,.T.);
#4334 = ORIENTED_EDGE('',*,*,#4305,.F.);
#4335 = PLANE('',#4336);
#4336 = AXIS2_PLACEMENT_3D('',#4337,#4338,#4339);
#4337 = CARTESIAN_POINT('',(0.7,0.2,0.725));
#4338 = DIRECTION('',(0.,0.,-1.));
#4339 = DIRECTION('',(-1.,-2.22044604925E-16,-0.));
#4340 = ADVANCED_FACE('',(#4341),#4352,.T.);
#4341 = FACE_BOUND('',#4342,.T.);
#4342 = EDGE_LOOP('',(#4343,#4344,#4345,#4346));
#4343 = ORIENTED_EDGE('',*,*,#3590,.T.);
#4344 = ORIENTED_EDGE('',*,*,#4328,.T.);
#4345 = ORIENTED_EDGE('',*,*,#3665,.F.);
#4346 = ORIENTED_EDGE('',*,*,#4347,.F.);
#4347 = EDGE_CURVE('',#3583,#3658,#4348,.T.);
#4348 = LINE('',#4349,#4350);
#4349 = CARTESIAN_POINT('',(0.95,0.2,0.475));
#4350 = VECTOR('',#4351,1.);
#4351 = DIRECTION('',(2.22044604925E-16,-1.,0.));
#4352 = CYLINDRICAL_SURFACE('',#4353,0.25);
#4353 = AXIS2_PLACEMENT_3D('',#4354,#4355,#4356);
#4354 = CARTESIAN_POINT('',(0.7,0.2,0.475));
#4355 = DIRECTION('',(-2.22044604925E-16,1.,-0.));
#4356 = DIRECTION('',(1.,2.22044604925E-16,0.));
#4357 = ADVANCED_FACE('',(#4358),#4369,.F.);
#4358 = FACE_BOUND('',#4359,.F.);
#4359 = EDGE_LOOP('',(#4360,#4366,#4367,#4368));
#4360 = ORIENTED_EDGE('',*,*,#4361,.T.);
#4361 = EDGE_CURVE('',#3574,#3649,#4362,.T.);
#4362 = LINE('',#4363,#4364);
#4363 = CARTESIAN_POINT('',(0.95,0.2,0.25));
#4364 = VECTOR('',#4365,1.);
#4365 = DIRECTION('',(2.22044604925E-16,-1.,0.));
#4366 = ORIENTED_EDGE('',*,*,#3657,.T.);
#4367 = ORIENTED_EDGE('',*,*,#4347,.F.);
#4368 = ORIENTED_EDGE('',*,*,#3582,.F.);
#4369 = PLANE('',#4370);
#4370 = AXIS2_PLACEMENT_3D('',#4371,#4372,#4373);
#4371 = CARTESIAN_POINT('',(0.95,0.2,0.25));
#4372 = DIRECTION('',(-1.,-2.22044604925E-16,0.));
#4373 = DIRECTION('',(0.,0.,1.));
#4374 = ADVANCED_FACE('',(#4375),#4386,.F.);
#4375 = FACE_BOUND('',#4376,.F.);
#4376 = EDGE_LOOP('',(#4377,#4383,#4384,#4385));
#4377 = ORIENTED_EDGE('',*,*,#4378,.T.);
#4378 = EDGE_CURVE('',#3566,#3641,#4379,.T.);
#4379 = LINE('',#4380,#4381);
#4380 = CARTESIAN_POINT('',(1.05,0.2,0.15));
#4381 = VECTOR('',#4382,1.);
#4382 = DIRECTION('',(2.22044604925E-16,-1.,0.));
#4383 = ORIENTED_EDGE('',*,*,#3648,.T.);
#4384 = ORIENTED_EDGE('',*,*,#4361,.F.);
#4385 = ORIENTED_EDGE('',*,*,#3573,.F.);
#4386 = CYLINDRICAL_SURFACE('',#4387,0.1);
#4387 = AXIS2_PLACEMENT_3D('',#4388,#4389,#4390);
#4388 = CARTESIAN_POINT('',(1.05,0.2,0.25));
#4389 = DIRECTION('',(-2.22044604925E-16,1.,0.));
#4390 = DIRECTION('',(-2.22044604925E-15,-4.93038065763E-31,-1.));
#4391 = ADVANCED_FACE('',(#4392),#4403,.F.);
#4392 = FACE_BOUND('',#4393,.F.);
#4393 = EDGE_LOOP('',(#4394,#4400,#4401,#4402));
#4394 = ORIENTED_EDGE('',*,*,#4395,.T.);
#4395 = EDGE_CURVE('',#3558,#3633,#4396,.T.);
#4396 = LINE('',#4397,#4398);
#4397 = CARTESIAN_POINT('',(1.25,0.2,0.15));
#4398 = VECTOR('',#4399,1.);
#4399 = DIRECTION('',(2.22044604925E-16,-1.,0.));
#4400 = ORIENTED_EDGE('',*,*,#3640,.T.);
#4401 = ORIENTED_EDGE('',*,*,#4378,.F.);
#4402 = ORIENTED_EDGE('',*,*,#3565,.F.);
#4403 = PLANE('',#4404);
#4404 = AXIS2_PLACEMENT_3D('',#4405,#4406,#4407);
#4405 = CARTESIAN_POINT('',(1.25,0.2,0.15));
#4406 = DIRECTION('',(0.,0.,-1.));
#4407 = DIRECTION('',(-1.,-2.22044604925E-16,-0.));
#4408 = ADVANCED_FACE('',(#4409),#4420,.F.);
#4409 = FACE_BOUND('',#4410,.F.);
#4410 = EDGE_LOOP('',(#4411,#4417,#4418,#4419));
#4411 = ORIENTED_EDGE('',*,*,#4412,.T.);
#4412 = EDGE_CURVE('',#3550,#3625,#4413,.T.);
#4413 = LINE('',#4414,#4415);
#4414 = CARTESIAN_POINT('',(1.25,0.2,0.));
#4415 = VECTOR('',#4416,1.);
#4416 = DIRECTION('',(2.22044604925E-16,-1.,0.));
#4417 = ORIENTED_EDGE('',*,*,#3632,.T.);
#4418 = ORIENTED_EDGE('',*,*,#4395,.F.);
#4419 = ORIENTED_EDGE('',*,*,#3557,.F.);
#4420 = PLANE('',#4421);
#4421 = AXIS2_PLACEMENT_3D('',#4422,#4423,#4424);
#4422 = CARTESIAN_POINT('',(1.25,0.2,0.));
#4423 = DIRECTION('',(-1.,-2.22044604925E-16,0.));
#4424 = DIRECTION('',(0.,0.,1.));
#4425 = ADVANCED_FACE('',(#4426),#4437,.F.);
#4426 = FACE_BOUND('',#4427,.F.);
#4427 = EDGE_LOOP('',(#4428,#4434,#4435,#4436));
#4428 = ORIENTED_EDGE('',*,*,#4429,.T.);
#4429 = EDGE_CURVE('',#3541,#3616,#4430,.T.);
#4430 = LINE('',#4431,#4432);
#4431 = CARTESIAN_POINT('',(1.05,0.2,0.));
#4432 = VECTOR('',#4433,1.);
#4433 = DIRECTION('',(2.22044604925E-16,-1.,0.));
#4434 = ORIENTED_EDGE('',*,*,#3624,.T.);
#4435 = ORIENTED_EDGE('',*,*,#4412,.F.);
#4436 = ORIENTED_EDGE('',*,*,#3549,.F.);
#4437 = PLANE('',#4438);
#4438 = AXIS2_PLACEMENT_3D('',#4439,#4440,#4441);
#4439 = CARTESIAN_POINT('',(1.05,0.2,0.));
#4440 = DIRECTION('',(0.,0.,1.));
#4441 = DIRECTION('',(1.,2.22044604925E-16,-0.));
#4442 = ADVANCED_FACE('',(#4443),#4449,.T.);
#4443 = FACE_BOUND('',#4444,.T.);
#4444 = EDGE_LOOP('',(#4445,#4446,#4447,#4448));
#4445 = ORIENTED_EDGE('',*,*,#3540,.T.);
#4446 = ORIENTED_EDGE('',*,*,#4429,.T.);
#4447 = ORIENTED_EDGE('',*,*,#3615,.F.);
#4448 = ORIENTED_EDGE('',*,*,#3712,.F.);
#4449 = CYLINDRICAL_SURFACE('',#4450,0.25);
#4450 = AXIS2_PLACEMENT_3D('',#4451,#4452,#4453);
#4451 = CARTESIAN_POINT('',(1.05,0.2,0.25));
#4452 = DIRECTION('',(-2.22044604925E-16,1.,-0.));
#4453 = DIRECTION('',(-1.,-2.22044604925E-16,-4.440892098501E-16));
#4454 = ADVANCED_FACE('',(#4455),#4465,.F.);
#4455 = FACE_BOUND('',#4456,.F.);
#4456 = EDGE_LOOP('',(#4457,#4458,#4463,#4464));
#4457 = ORIENTED_EDGE('',*,*,#3735,.T.);
#4458 = ORIENTED_EDGE('',*,*,#4459,.T.);
#4459 = EDGE_CURVE('',#3729,#4243,#4460,.T.);
#4460 = B_SPLINE_CURVE_WITH_KNOTS('',1,(#4461,#4462),.UNSPECIFIED.,.F.,
  .F.,(2,2),(0.,1.),.PIECEWISE_BEZIER_KNOTS.);
#4461 = CARTESIAN_POINT('',(0.5925,-1.475,0.725));
#4462 = CARTESIAN_POINT('',(0.559121551758,-1.408243103516,1.2));
#4463 = ORIENTED_EDGE('',*,*,#4242,.F.);
#4464 = ORIENTED_EDGE('',*,*,#4312,.F.);
#4465 = B_SPLINE_SURFACE_WITH_KNOTS('',1,1,(
    (#4466,#4467)
    ,(#4468,#4469
    )),.UNSPECIFIED.,.F.,.F.,.F.,(2,2),(2,2),(0.,0.116672618896),(0.,1.)
  ,.PIECEWISE_BEZIER_KNOTS.);
#4466 = CARTESIAN_POINT('',(0.675,-1.3925,0.725));
#4467 = CARTESIAN_POINT('',(0.608243103516,-1.359121551758,1.2));
#4468 = CARTESIAN_POINT('',(0.5925,-1.475,0.725));
#4469 = CARTESIAN_POINT('',(0.559121551758,-1.408243103516,1.2));
#4470 = ADVANCED_FACE('',(#4471),#4481,.F.);
#4471 = FACE_BOUND('',#4472,.F.);
#4472 = EDGE_LOOP('',(#4473,#4474,#4479,#4480));
#4473 = ORIENTED_EDGE('',*,*,#3758,.T.);
#4474 = ORIENTED_EDGE('',*,*,#4475,.T.);
#4475 = EDGE_CURVE('',#3752,#4251,#4476,.T.);
#4476 = B_SPLINE_CURVE_WITH_KNOTS('',1,(#4477,#4478),.UNSPECIFIED.,.F.,
  .F.,(2,2),(0.,1.),.PIECEWISE_BEZIER_KNOTS.);
#4477 = CARTESIAN_POINT('',(-0.5925,-1.475,0.725));
#4478 = CARTESIAN_POINT('',(-0.559121551758,-1.408243103516,1.2));
#4479 = ORIENTED_EDGE('',*,*,#4250,.F.);
#4480 = ORIENTED_EDGE('',*,*,#4459,.F.);
#4481 = B_SPLINE_SURFACE_WITH_KNOTS('',1,1,(
    (#4482,#4483)
    ,(#4484,#4485
    )),.UNSPECIFIED.,.F.,.F.,.F.,(2,2),(2,2),(0.,1.185),(0.,1.),
  .PIECEWISE_BEZIER_KNOTS.);
#4482 = CARTESIAN_POINT('',(0.5925,-1.475,0.725));
#4483 = CARTESIAN_POINT('',(0.559121551758,-1.408243103516,1.2));
#4484 = CARTESIAN_POINT('',(-0.5925,-1.475,0.725));
#4485 = CARTESIAN_POINT('',(-0.559121551758,-1.408243103516,1.2));
#4486 = ADVANCED_FACE('',(#4487),#4497,.F.);
#4487 = FACE_BOUND('',#4488,.F.);
#4488 = EDGE_LOOP('',(#4489,#4490,#4495,#4496));
#4489 = ORIENTED_EDGE('',*,*,#3781,.T.);
#4490 = ORIENTED_EDGE('',*,*,#4491,.T.);
#4491 = EDGE_CURVE('',#3775,#4259,#4492,.T.);
#4492 = B_SPLINE_CURVE_WITH_KNOTS('',1,(#4493,#4494),.UNSPECIFIED.,.F.,
  .F.,(2,2),(0.,1.),.PIECEWISE_BEZIER_KNOTS.);
#4493 = CARTESIAN_POINT('',(-0.675,-1.3925,0.725));
#4494 = CARTESIAN_POINT('',(-0.608243103516,-1.359121551758,1.2));
#4495 = ORIENTED_EDGE('',*,*,#4258,.F.);
#4496 = ORIENTED_EDGE('',*,*,#4475,.F.);
#4497 = B_SPLINE_SURFACE_WITH_KNOTS('',1,1,(
    (#4498,#4499)
    ,(#4500,#4501
    )),.UNSPECIFIED.,.F.,.F.,.F.,(2,2),(2,2),(0.,0.116672618896),(0.,1.)
  ,.PIECEWISE_BEZIER_KNOTS.);
#4498 = CARTESIAN_POINT('',(-0.5925,-1.475,0.725));
#4499 = CARTESIAN_POINT('',(-0.559121551758,-1.408243103516,1.2));
#4500 = CARTESIAN_POINT('',(-0.675,-1.3925,0.725));
#4501 = CARTESIAN_POINT('',(-0.608243103516,-1.359121551758,1.2));
#4502 = ADVANCED_FACE('',(#4503),#4523,.F.);
#4503 = FACE_BOUND('',#4504,.F.);
#4504 = EDGE_LOOP('',(#4505,#4506,#4512,#4513,#4519,#4520,#4521,#4522));
#4505 = ORIENTED_EDGE('',*,*,#3806,.T.);
#4506 = ORIENTED_EDGE('',*,*,#4507,.T.);
#4507 = EDGE_CURVE('',#3799,#4179,#4508,.T.);
#4508 = LINE('',#4509,#4510);
#4509 = CARTESIAN_POINT('',(-0.675,-1.3925,0.725));
#4510 = VECTOR('',#4511,1.);
#4511 = DIRECTION('',(-2.22044604925E-16,1.,0.));
#4512 = ORIENTED_EDGE('',*,*,#4195,.T.);
#4513 = ORIENTED_EDGE('',*,*,#4514,.T.);
#4514 = EDGE_CURVE('',#4188,#3971,#4515,.T.);
#4515 = LINE('',#4516,#4517);
#4516 = CARTESIAN_POINT('',(-0.675,-1.3925,0.725));
#4517 = VECTOR('',#4518,1.);
#4518 = DIRECTION('',(-2.22044604925E-16,1.,0.));
#4519 = ORIENTED_EDGE('',*,*,#3980,.T.);
#4520 = ORIENTED_EDGE('',*,*,#4291,.T.);
#4521 = ORIENTED_EDGE('',*,*,#4266,.F.);
#4522 = ORIENTED_EDGE('',*,*,#4491,.F.);
#4523 = B_SPLINE_SURFACE_WITH_KNOTS('',1,1,(
    (#4524,#4525)
    ,(#4526,#4527
    )),.UNSPECIFIED.,.F.,.F.,.F.,(2,2),(2,2),(0.,2.785),(0.,1.),
  .PIECEWISE_BEZIER_KNOTS.);
#4524 = CARTESIAN_POINT('',(-0.675,-1.3925,0.725));
#4525 = CARTESIAN_POINT('',(-0.608243103516,-1.359121551758,1.2));
#4526 = CARTESIAN_POINT('',(-0.675,1.3925,0.725));
#4527 = CARTESIAN_POINT('',(-0.608243103516,1.359121551758,1.2));
#4528 = ADVANCED_FACE('',(#4529),#4540,.F.);
#4529 = FACE_BOUND('',#4530,.F.);
#4530 = EDGE_LOOP('',(#4531,#4532,#4538,#4539));
#4531 = ORIENTED_EDGE('',*,*,#3798,.F.);
#4532 = ORIENTED_EDGE('',*,*,#4533,.T.);
#4533 = EDGE_CURVE('',#3289,#3401,#4534,.T.);
#4534 = LINE('',#4535,#4536);
#4535 = CARTESIAN_POINT('',(-0.7,-1.15,0.725));
#4536 = VECTOR('',#4537,1.);
#4537 = DIRECTION('',(-9.95799250103E-17,1.,0.));
#4538 = ORIENTED_EDGE('',*,*,#4178,.T.);
#4539 = ORIENTED_EDGE('',*,*,#4507,.F.);
#4540 = PLANE('',#4541);
#4541 = AXIS2_PLACEMENT_3D('',#4542,#4543,#4544);
#4542 = CARTESIAN_POINT('',(-0.7,-1.15,0.725));
#4543 = DIRECTION('',(-0.,0.,-1.));
#4544 = DIRECTION('',(1.,9.95799250103E-17,0.));
#4545 = ADVANCED_FACE('',(#4546),#4557,.T.);
#4546 = FACE_BOUND('',#4547,.T.);
#4547 = EDGE_LOOP('',(#4548,#4549,#4550,#4551));
#4548 = ORIENTED_EDGE('',*,*,#3880,.T.);
#4549 = ORIENTED_EDGE('',*,*,#4533,.T.);
#4550 = ORIENTED_EDGE('',*,*,#4054,.F.);
#4551 = ORIENTED_EDGE('',*,*,#4552,.F.);
#4552 = EDGE_CURVE('',#3873,#4047,#4553,.T.);
#4553 = LINE('',#4554,#4555);
#4554 = CARTESIAN_POINT('',(-0.95,-1.15,0.475));
#4555 = VECTOR('',#4556,1.);
#4556 = DIRECTION('',(-9.95799250103E-17,1.,0.));
#4557 = CYLINDRICAL_SURFACE('',#4558,0.25);
#4558 = AXIS2_PLACEMENT_3D('',#4559,#4560,#4561);
#4559 = CARTESIAN_POINT('',(-0.7,-1.15,0.475));
#4560 = DIRECTION('',(9.95799250103E-17,-1.,-0.));
#4561 = DIRECTION('',(-1.,-9.95799250103E-17,0.));
#4562 = ADVANCED_FACE('',(#4563),#4574,.F.);
#4563 = FACE_BOUND('',#4564,.F.);
#4564 = EDGE_LOOP('',(#4565,#4571,#4572,#4573));
#4565 = ORIENTED_EDGE('',*,*,#4566,.T.);
#4566 = EDGE_CURVE('',#3864,#4038,#4567,.T.);
#4567 = LINE('',#4568,#4569);
#4568 = CARTESIAN_POINT('',(-0.95,-1.15,0.25));
#4569 = VECTOR('',#4570,1.);
#4570 = DIRECTION('',(-9.95799250103E-17,1.,0.));
#4571 = ORIENTED_EDGE('',*,*,#4046,.T.);
#4572 = ORIENTED_EDGE('',*,*,#4552,.F.);
#4573 = ORIENTED_EDGE('',*,*,#3872,.F.);
#4574 = PLANE('',#4575);
#4575 = AXIS2_PLACEMENT_3D('',#4576,#4577,#4578);
#4576 = CARTESIAN_POINT('',(-0.95,-1.15,0.25));
#4577 = DIRECTION('',(1.,9.95799250103E-17,0.));
#4578 = DIRECTION('',(0.,-0.,1.));
#4579 = ADVANCED_FACE('',(#4580),#4591,.F.);
#4580 = FACE_BOUND('',#4581,.F.);
#4581 = EDGE_LOOP('',(#4582,#4588,#4589,#4590));
#4582 = ORIENTED_EDGE('',*,*,#4583,.T.);
#4583 = EDGE_CURVE('',#3856,#4030,#4584,.T.);
#4584 = LINE('',#4585,#4586);
#4585 = CARTESIAN_POINT('',(-1.05,-1.15,0.15));
#4586 = VECTOR('',#4587,1.);
#4587 = DIRECTION('',(-9.95799250103E-17,1.,0.));
#4588 = ORIENTED_EDGE('',*,*,#4037,.T.);
#4589 = ORIENTED_EDGE('',*,*,#4566,.F.);
#4590 = ORIENTED_EDGE('',*,*,#3863,.F.);
#4591 = CYLINDRICAL_SURFACE('',#4592,0.1);
#4592 = AXIS2_PLACEMENT_3D('',#4593,#4594,#4595);
#4593 = CARTESIAN_POINT('',(-1.05,-1.15,0.25));
#4594 = DIRECTION('',(9.95799250103E-17,-1.,0.));
#4595 = DIRECTION('',(2.22044604925E-15,2.211118510737E-31,-1.));
#4596 = ADVANCED_FACE('',(#4597),#4608,.F.);
#4597 = FACE_BOUND('',#4598,.F.);
#4598 = EDGE_LOOP('',(#4599,#4605,#4606,#4607));
#4599 = ORIENTED_EDGE('',*,*,#4600,.T.);
#4600 = EDGE_CURVE('',#3848,#4022,#4601,.T.);
#4601 = LINE('',#4602,#4603);
#4602 = CARTESIAN_POINT('',(-1.25,-1.15,0.15));
#4603 = VECTOR('',#4604,1.);
#4604 = DIRECTION('',(-9.95799250103E-17,1.,0.));
#4605 = ORIENTED_EDGE('',*,*,#4029,.T.);
#4606 = ORIENTED_EDGE('',*,*,#4583,.F.);
#4607 = ORIENTED_EDGE('',*,*,#3855,.F.);
#4608 = PLANE('',#4609);
#4609 = AXIS2_PLACEMENT_3D('',#4610,#4611,#4612);
#4610 = CARTESIAN_POINT('',(-1.25,-1.15,0.15));
#4611 = DIRECTION('',(-0.,0.,-1.));
#4612 = DIRECTION('',(1.,9.95799250103E-17,0.));
#4613 = ADVANCED_FACE('',(#4614),#4625,.F.);
#4614 = FACE_BOUND('',#4615,.F.);
#4615 = EDGE_LOOP('',(#4616,#4622,#4623,#4624));
#4616 = ORIENTED_EDGE('',*,*,#4617,.T.);
#4617 = EDGE_CURVE('',#3840,#4014,#4618,.T.);
#4618 = LINE('',#4619,#4620);
#4619 = CARTESIAN_POINT('',(-1.25,-1.15,0.));
#4620 = VECTOR('',#4621,1.);
#4621 = DIRECTION('',(-9.95799250103E-17,1.,0.));
#4622 = ORIENTED_EDGE('',*,*,#4021,.T.);
#4623 = ORIENTED_EDGE('',*,*,#4600,.F.);
#4624 = ORIENTED_EDGE('',*,*,#3847,.F.);
#4625 = PLANE('',#4626);
#4626 = AXIS2_PLACEMENT_3D('',#4627,#4628,#4629);
#4627 = CARTESIAN_POINT('',(-1.25,-1.15,0.));
#4628 = DIRECTION('',(1.,9.95799250103E-17,0.));
#4629 = DIRECTION('',(0.,-0.,1.));
#4630 = ADVANCED_FACE('',(#4631),#4642,.F.);
#4631 = FACE_BOUND('',#4632,.F.);
#4632 = EDGE_LOOP('',(#4633,#4639,#4640,#4641));
#4633 = ORIENTED_EDGE('',*,*,#4634,.T.);
#4634 = EDGE_CURVE('',#3831,#4005,#4635,.T.);
#4635 = LINE('',#4636,#4637);
#4636 = CARTESIAN_POINT('',(-1.05,-1.15,0.));
#4637 = VECTOR('',#4638,1.);
#4638 = DIRECTION('',(-9.95799250103E-17,1.,0.));
#4639 = ORIENTED_EDGE('',*,*,#4013,.T.);
#4640 = ORIENTED_EDGE('',*,*,#4617,.F.);
#4641 = ORIENTED_EDGE('',*,*,#3839,.F.);
#4642 = PLANE('',#4643);
#4643 = AXIS2_PLACEMENT_3D('',#4644,#4645,#4646);
#4644 = CARTESIAN_POINT('',(-1.05,-1.15,0.));
#4645 = DIRECTION('',(0.,0.,1.));
#4646 = DIRECTION('',(-1.,-9.95799250103E-17,0.));
#4647 = ADVANCED_FACE('',(#4648),#4654,.T.);
#4648 = FACE_BOUND('',#4649,.T.);
#4649 = EDGE_LOOP('',(#4650,#4651,#4652,#4653));
#4650 = ORIENTED_EDGE('',*,*,#3830,.T.);
#4651 = ORIENTED_EDGE('',*,*,#4634,.T.);
#4652 = ORIENTED_EDGE('',*,*,#4004,.F.);
#4653 = ORIENTED_EDGE('',*,*,#4071,.F.);
#4654 = CYLINDRICAL_SURFACE('',#4655,0.25);
#4655 = AXIS2_PLACEMENT_3D('',#4656,#4657,#4658);
#4656 = CARTESIAN_POINT('',(-1.05,-1.15,0.25));
#4657 = DIRECTION('',(9.95799250103E-17,-1.,-0.));
#4658 = DIRECTION('',(1.,9.95799250103E-17,-4.440892098501E-16));
#4659 = ADVANCED_FACE('',(#4660),#4676,.T.);
#4660 = FACE_BOUND('',#4661,.T.);
#4661 = EDGE_LOOP('',(#4662,#4663,#4669,#4670));
#4662 = ORIENTED_EDGE('',*,*,#4146,.T.);
#4663 = ORIENTED_EDGE('',*,*,#4664,.T.);
#4664 = EDGE_CURVE('',#3410,#3311,#4665,.T.);
#4665 = LINE('',#4666,#4667);
#4666 = CARTESIAN_POINT('',(-0.7,0.75,0.725));
#4667 = VECTOR('',#4668,1.);
#4668 = DIRECTION('',(-9.95799250103E-17,1.,0.));
#4669 = ORIENTED_EDGE('',*,*,#3955,.F.);
#4670 = ORIENTED_EDGE('',*,*,#4671,.F.);
#4671 = EDGE_CURVE('',#4139,#3948,#4672,.T.);
#4672 = LINE('',#4673,#4674);
#4673 = CARTESIAN_POINT('',(-0.95,0.75,0.475));
#4674 = VECTOR('',#4675,1.);
#4675 = DIRECTION('',(-9.95799250103E-17,1.,0.));
#4676 = CYLINDRICAL_SURFACE('',#4677,0.25);
#4677 = AXIS2_PLACEMENT_3D('',#4678,#4679,#4680);
#4678 = CARTESIAN_POINT('',(-0.7,0.75,0.475));
#4679 = DIRECTION('',(9.95799250103E-17,-1.,-0.));
#4680 = DIRECTION('',(-1.,-9.95799250103E-17,0.));
#4681 = ADVANCED_FACE('',(#4682),#4693,.F.);
#4682 = FACE_BOUND('',#4683,.F.);
#4683 = EDGE_LOOP('',(#4684,#4690,#4691,#4692));
#4684 = ORIENTED_EDGE('',*,*,#4685,.T.);
#4685 = EDGE_CURVE('',#4130,#3939,#4686,.T.);
#4686 = LINE('',#4687,#4688);
#4687 = CARTESIAN_POINT('',(-0.95,0.75,0.25));
#4688 = VECTOR('',#4689,1.);
#4689 = DIRECTION('',(-9.95799250103E-17,1.,0.));
#4690 = ORIENTED_EDGE('',*,*,#3947,.T.);
#4691 = ORIENTED_EDGE('',*,*,#4671,.F.);
#4692 = ORIENTED_EDGE('',*,*,#4138,.F.);
#4693 = PLANE('',#4694);
#4694 = AXIS2_PLACEMENT_3D('',#4695,#4696,#4697);
#4695 = CARTESIAN_POINT('',(-0.95,0.75,0.25));
#4696 = DIRECTION('',(1.,9.95799250103E-17,0.));
#4697 = DIRECTION('',(0.,-0.,1.));
#4698 = ADVANCED_FACE('',(#4699),#4710,.F.);
#4699 = FACE_BOUND('',#4700,.F.);
#4700 = EDGE_LOOP('',(#4701,#4707,#4708,#4709));
#4701 = ORIENTED_EDGE('',*,*,#4702,.T.);
#4702 = EDGE_CURVE('',#4122,#3931,#4703,.T.);
#4703 = LINE('',#4704,#4705);
#4704 = CARTESIAN_POINT('',(-1.05,0.75,0.15));
#4705 = VECTOR('',#4706,1.);
#4706 = DIRECTION('',(-9.95799250103E-17,1.,0.));
#4707 = ORIENTED_EDGE('',*,*,#3938,.T.);
#4708 = ORIENTED_EDGE('',*,*,#4685,.F.);
#4709 = ORIENTED_EDGE('',*,*,#4129,.F.);
#4710 = CYLINDRICAL_SURFACE('',#4711,0.1);
#4711 = AXIS2_PLACEMENT_3D('',#4712,#4713,#4714);
#4712 = CARTESIAN_POINT('',(-1.05,0.75,0.25));
#4713 = DIRECTION('',(9.95799250103E-17,-1.,0.));
#4714 = DIRECTION('',(2.22044604925E-15,2.211118510737E-31,-1.));
#4715 = ADVANCED_FACE('',(#4716),#4727,.F.);
#4716 = FACE_BOUND('',#4717,.F.);
#4717 = EDGE_LOOP('',(#4718,#4724,#4725,#4726));
#4718 = ORIENTED_EDGE('',*,*,#4719,.T.);
#4719 = EDGE_CURVE('',#4114,#3923,#4720,.T.);
#4720 = LINE('',#4721,#4722);
#4721 = CARTESIAN_POINT('',(-1.25,0.75,0.15));
#4722 = VECTOR('',#4723,1.);
#4723 = DIRECTION('',(-9.95799250103E-17,1.,0.));
#4724 = ORIENTED_EDGE('',*,*,#3930,.T.);
#4725 = ORIENTED_EDGE('',*,*,#4702,.F.);
#4726 = ORIENTED_EDGE('',*,*,#4121,.F.);
#4727 = PLANE('',#4728);
#4728 = AXIS2_PLACEMENT_3D('',#4729,#4730,#4731);
#4729 = CARTESIAN_POINT('',(-1.25,0.75,0.15));
#4730 = DIRECTION('',(-0.,0.,-1.));
#4731 = DIRECTION('',(1.,9.95799250103E-17,0.));
#4732 = ADVANCED_FACE('',(#4733),#4744,.F.);
#4733 = FACE_BOUND('',#4734,.F.);
#4734 = EDGE_LOOP('',(#4735,#4741,#4742,#4743));
#4735 = ORIENTED_EDGE('',*,*,#4736,.T.);
#4736 = EDGE_CURVE('',#4106,#3915,#4737,.T.);
#4737 = LINE('',#4738,#4739);
#4738 = CARTESIAN_POINT('',(-1.25,0.75,0.));
#4739 = VECTOR('',#4740,1.);
#4740 = DIRECTION('',(-9.95799250103E-17,1.,0.));
#4741 = ORIENTED_EDGE('',*,*,#3922,.T.);
#4742 = ORIENTED_EDGE('',*,*,#4719,.F.);
#4743 = ORIENTED_EDGE('',*,*,#4113,.F.);
#4744 = PLANE('',#4745);
#4745 = AXIS2_PLACEMENT_3D('',#4746,#4747,#4748);
#4746 = CARTESIAN_POINT('',(-1.25,0.75,0.));
#4747 = DIRECTION('',(1.,9.95799250103E-17,0.));
#4748 = DIRECTION('',(0.,-0.,1.));
#4749 = ADVANCED_FACE('',(#4750),#4761,.F.);
#4750 = FACE_BOUND('',#4751,.F.);
#4751 = EDGE_LOOP('',(#4752,#4758,#4759,#4760));
#4752 = ORIENTED_EDGE('',*,*,#4753,.T.);
#4753 = EDGE_CURVE('',#4097,#3906,#4754,.T.);
#4754 = LINE('',#4755,#4756);
#4755 = CARTESIAN_POINT('',(-1.05,0.75,0.));
#4756 = VECTOR('',#4757,1.);
#4757 = DIRECTION('',(-9.95799250103E-17,1.,0.));
#4758 = ORIENTED_EDGE('',*,*,#3914,.T.);
#4759 = ORIENTED_EDGE('',*,*,#4736,.F.);
#4760 = ORIENTED_EDGE('',*,*,#4105,.F.);
#4761 = PLANE('',#4762);
#4762 = AXIS2_PLACEMENT_3D('',#4763,#4764,#4765);
#4763 = CARTESIAN_POINT('',(-1.05,0.75,0.));
#4764 = DIRECTION('',(0.,0.,1.));
#4765 = DIRECTION('',(-1.,-9.95799250103E-17,0.));
#4766 = ADVANCED_FACE('',(#4767),#4773,.T.);
#4767 = FACE_BOUND('',#4768,.T.);
#4768 = EDGE_LOOP('',(#4769,#4770,#4771,#4772));
#4769 = ORIENTED_EDGE('',*,*,#4096,.T.);
#4770 = ORIENTED_EDGE('',*,*,#4753,.T.);
#4771 = ORIENTED_EDGE('',*,*,#3905,.F.);
#4772 = ORIENTED_EDGE('',*,*,#4163,.F.);
#4773 = CYLINDRICAL_SURFACE('',#4774,0.25);
#4774 = AXIS2_PLACEMENT_3D('',#4775,#4776,#4777);
#4775 = CARTESIAN_POINT('',(-1.05,0.75,0.25));
#4776 = DIRECTION('',(9.95799250103E-17,-1.,-0.));
#4777 = DIRECTION('',(1.,9.95799250103E-17,-4.440892098501E-16));
#4778 = ADVANCED_FACE('',(#4779),#4785,.F.);
#4779 = FACE_BOUND('',#4780,.F.);
#4780 = EDGE_LOOP('',(#4781,#4782,#4783,#4784));
#4781 = ORIENTED_EDGE('',*,*,#4187,.F.);
#4782 = ORIENTED_EDGE('',*,*,#4664,.T.);
#4783 = ORIENTED_EDGE('',*,*,#3970,.T.);
#4784 = ORIENTED_EDGE('',*,*,#4514,.F.);
#4785 = PLANE('',#4786);
#4786 = AXIS2_PLACEMENT_3D('',#4787,#4788,#4789);
#4787 = CARTESIAN_POINT('',(-0.7,0.75,0.725));
#4788 = DIRECTION('',(-0.,0.,-1.));
#4789 = DIRECTION('',(1.,9.95799250103E-17,0.));
#4790 = ( GEOMETRIC_REPRESENTATION_CONTEXT(3) 
GLOBAL_UNCERTAINTY_ASSIGNED_CONTEXT((#4794)) 
GLOBAL_UNIT_ASSIGNED_CONTEXT((#4791,#4792,#4793)) REPRESENTATION_CONTEXT
('Context #1','3D Context with UNIT and UNCERTAINTY') );
#4791 = ( LENGTH_UNIT() NAMED_UNIT(*) SI_UNIT(.MILLI.,.METRE.) );
#4792 = ( NAMED_UNIT(*) PLANE_ANGLE_UNIT() SI_UNIT($,.RADIAN.) );
#4793 = ( NAMED_UNIT(*) SI_UNIT($,.STERADIAN.) SOLID_ANGLE_UNIT() );
#4794 = UNCERTAINTY_MEASURE_WITH_UNIT(LENGTH_MEASURE(2.E-06),#4791,
  'distance_accuracy_value','confusion accuracy');
#4795 = CONTEXT_DEPENDENT_SHAPE_REPRESENTATION(#4796,#4798);
#4796 = ( REPRESENTATION_RELATIONSHIP('','',#2715,#2692) 
REPRESENTATION_RELATIONSHIP_WITH_TRANSFORMATION(#4797) 
SHAPE_REPRESENTATION_RELATIONSHIP() );
#4797 = ITEM_DEFINED_TRANSFORMATION('','',#11,#2693);
#4798 = PRODUCT_DEFINITION_SHAPE('Placement','Placement of an item',
  #4799);
#4799 = NEXT_ASSEMBLY_USAGE_OCCURRENCE('7','=>[0:1:1:9]','',#2687,#2710,
  $);
#4800 = PRODUCT_RELATED_PRODUCT_CATEGORY('part',$,(#2712));
#4801 = SHAPE_DEFINITION_REPRESENTATION(#4802,#4808);
#4802 = PRODUCT_DEFINITION_SHAPE('','',#4803);
#4803 = PRODUCT_DEFINITION('design','',#4804,#4807);
#4804 = PRODUCT_DEFINITION_FORMATION('','',#4805);
#4805 = PRODUCT('SOIC-8_3.9x4.9mm_P1.27mm','SOIC-8_3.9x4.9mm_P1.27mm',''
  ,(#4806));
#4806 = PRODUCT_CONTEXT('',#2,'mechanical');
#4807 = PRODUCT_DEFINITION_CONTEXT('part definition',#2,'design');
#4808 = SHAPE_REPRESENTATION('',(#11,#4809),#4813);
#4809 = AXIS2_PLACEMENT_3D('',#4810,#4811,#4812);
#4810 = CARTESIAN_POINT('',(0.,0.,0.));
#4811 = DIRECTION('',(0.,0.,1.));
#4812 = DIRECTION('',(1.,0.,-0.));
#4813 = ( GEOMETRIC_REPRESENTATION_CONTEXT(3) 
GLOBAL_UNCERTAINTY_ASSIGNED_CONTEXT((#4817)) 
GLOBAL_UNIT_ASSIGNED_CONTEXT((#4814,#4815,#4816)) REPRESENTATION_CONTEXT
('Context #1','3D Context with UNIT and UNCERTAINTY') );
#4814 = ( LENGTH_UNIT() NAMED_UNIT(*) SI_UNIT(.MILLI.,.METRE.) );
#4815 = ( NAMED_UNIT(*) PLANE_ANGLE_UNIT() SI_UNIT($,.RADIAN.) );
#4816 = ( NAMED_UNIT(*) SI_UNIT($,.STERADIAN.) SOLID_ANGLE_UNIT() );
#4817 = UNCERTAINTY_MEASURE_WITH_UNIT(LENGTH_MEASURE(2.E-06),#4814,
  'distance_accuracy_value','confusion accuracy');
#4818 = CONTEXT_DEPENDENT_SHAPE_REPRESENTATION(#4819,#4821);
#4819 = ( REPRESENTATION_RELATIONSHIP('','',#4808,#10) 
REPRESENTATION_RELATIONSHIP_WITH_TRANSFORMATION(#4820) 
SHAPE_REPRESENTATION_RELATIONSHIP() );
#4820 = ITEM_DEFINED_TRANSFORMATION('','',#11,#31);
#4821 = PRODUCT_DEFINITION_SHAPE('Placement','Placement of an item',
  #4822);
#4822 = NEXT_ASSEMBLY_USAGE_OCCURRENCE('10','U1','',#5,#4803,$);
#4823 = PRODUCT_RELATED_PRODUCT_CATEGORY('part',$,(#4805));
#4824 = SHAPE_DEFINITION_REPRESENTATION(#4825,#4831);
#4825 = PRODUCT_DEFINITION_SHAPE('','',#4826);
#4826 = PRODUCT_DEFINITION('design','',#4827,#4830);
#4827 = PRODUCT_DEFINITION_FORMATION('','',#4828);
#4828 = PRODUCT('SOIC_8_39x49mm_P127mm','SOIC_8_39x49mm_P127mm','',(
    #4829));
#4829 = PRODUCT_CONTEXT('',#2,'mechanical');
#4830 = PRODUCT_DEFINITION_CONTEXT('part definition',#2,'design');
#4831 = ADVANCED_BREP_SHAPE_REPRESENTATION('',(#11,#4832),#9439);
#4832 = MANIFOLD_SOLID_BREP('',#4833);
#4833 = CLOSED_SHELL('',(#4834,#4876,#4907,#4938,#5022,#5106,#5199,#5216
    ,#5239,#5277,#5294,#5311,#5328,#5345,#5362,#5374,#5398,#5461,#5484,
    #5507,#5537,#5568,#5599,#5630,#5661,#5692,#5715,#5738,#5824,#5841,
    #5933,#5956,#5979,#6002,#6089,#6106,#6129,#6221,#6242,#6334,#6351,
    #6443,#6465,#6490,#6574,#6666,#6683,#6705,#6728,#6751,#6774,#6841,
    #6864,#6883,#6902,#6921,#6938,#6955,#6972,#6989,#7006,#7023,#7040,
    #7052,#7075,#7098,#7122,#7152,#7183,#7214,#7245,#7276,#7307,#7338,
    #7369,#7386,#7402,#7419,#7436,#7453,#7470,#7487,#7504,#7521,#7533,
    #7550,#7567,#7584,#7601,#7618,#7635,#7652,#7664,#7687,#7703,#7726,
    #7813,#7836,#7853,#7878,#7894,#7910,#7927,#8019,#8111,#8132,#8157,
    #8241,#8333,#8350,#8372,#8464,#8556,#8578,#8603,#8687,#8779,#8796,
    #8818,#8830,#8849,#8868,#8887,#8906,#8915,#8932,#8949,#8966,#8983,
    #9000,#9017,#9034,#9046,#9063,#9080,#9097,#9114,#9131,#9148,#9165,
    #9177,#9194,#9211,#9228,#9245,#9262,#9279,#9296,#9308,#9325,#9342,
    #9359,#9376,#9393,#9410,#9427));
#4834 = ADVANCED_FACE('',(#4835),#4871,.F.);
#4835 = FACE_BOUND('',#4836,.F.);
#4836 = EDGE_LOOP('',(#4837,#4847,#4856,#4864));
#4837 = ORIENTED_EDGE('',*,*,#4838,.T.);
#4838 = EDGE_CURVE('',#4839,#4841,#4843,.T.);
#4839 = VERTEX_POINT('',#4840);
#4840 = CARTESIAN_POINT('',(2.25,2.11,0.825));
#4841 = VERTEX_POINT('',#4842);
#4842 = CARTESIAN_POINT('',(2.25,1.7,0.825));
#4843 = LINE('',#4844,#4845);
#4844 = CARTESIAN_POINT('',(2.25,2.11,0.825));
#4845 = VECTOR('',#4846,1.);
#4846 = DIRECTION('',(2.22044604925E-16,-1.,0.));
#4847 = ORIENTED_EDGE('',*,*,#4848,.T.);
#4848 = EDGE_CURVE('',#4841,#4849,#4851,.T.);
#4849 = VERTEX_POINT('',#4850);
#4850 = CARTESIAN_POINT('',(2.35,1.7,0.725));
#4851 = CIRCLE('',#4852,0.1);
#4852 = AXIS2_PLACEMENT_3D('',#4853,#4854,#4855);
#4853 = CARTESIAN_POINT('',(2.25,1.7,0.725));
#4854 = DIRECTION('',(-2.22044604925E-16,1.,0.));
#4855 = DIRECTION('',(4.440892098501E-15,9.860761315262E-31,1.));
#4856 = ORIENTED_EDGE('',*,*,#4857,.F.);
#4857 = EDGE_CURVE('',#4858,#4849,#4860,.T.);
#4858 = VERTEX_POINT('',#4859);
#4859 = CARTESIAN_POINT('',(2.35,2.11,0.725));
#4860 = LINE('',#4861,#4862);
#4861 = CARTESIAN_POINT('',(2.35,2.11,0.725));
#4862 = VECTOR('',#4863,1.);
#4863 = DIRECTION('',(2.22044604925E-16,-1.,0.));
#4864 = ORIENTED_EDGE('',*,*,#4865,.F.);
#4865 = EDGE_CURVE('',#4839,#4858,#4866,.T.);
#4866 = CIRCLE('',#4867,0.1);
#4867 = AXIS2_PLACEMENT_3D('',#4868,#4869,#4870);
#4868 = CARTESIAN_POINT('',(2.25,2.11,0.725));
#4869 = DIRECTION('',(-2.22044604925E-16,1.,0.));
#4870 = DIRECTION('',(4.440892098501E-15,9.860761315262E-31,1.));
#4871 = CYLINDRICAL_SURFACE('',#4872,0.1);
#4872 = AXIS2_PLACEMENT_3D('',#4873,#4874,#4875);
#4873 = CARTESIAN_POINT('',(2.25,2.11,0.725));
#4874 = DIRECTION('',(-2.22044604925E-16,1.,0.));
#4875 = DIRECTION('',(4.440892098501E-15,9.860761315262E-31,1.));
#4876 = ADVANCED_FACE('',(#4877),#4902,.F.);
#4877 = FACE_BOUND('',#4878,.F.);
#4878 = EDGE_LOOP('',(#4879,#4887,#4895,#4901));
#4879 = ORIENTED_EDGE('',*,*,#4880,.F.);
#4880 = EDGE_CURVE('',#4881,#4839,#4883,.T.);
#4881 = VERTEX_POINT('',#4882);
#4882 = CARTESIAN_POINT('',(1.95,2.11,0.825));
#4883 = LINE('',#4884,#4885);
#4884 = CARTESIAN_POINT('',(1.8,2.11,0.825));
#4885 = VECTOR('',#4886,1.);
#4886 = DIRECTION('',(1.,2.22044604925E-16,0.));
#4887 = ORIENTED_EDGE('',*,*,#4888,.T.);
#4888 = EDGE_CURVE('',#4881,#4889,#4891,.T.);
#4889 = VERTEX_POINT('',#4890);
#4890 = CARTESIAN_POINT('',(1.95,1.7,0.825));
#4891 = LINE('',#4892,#4893);
#4892 = CARTESIAN_POINT('',(1.95,2.275,0.825));
#4893 = VECTOR('',#4894,1.);
#4894 = DIRECTION('',(2.22044604925E-16,-1.,0.));
#4895 = ORIENTED_EDGE('',*,*,#4896,.T.);
#4896 = EDGE_CURVE('',#4889,#4841,#4897,.T.);
#4897 = LINE('',#4898,#4899);
#4898 = CARTESIAN_POINT('',(1.8,1.7,0.825));
#4899 = VECTOR('',#4900,1.);
#4900 = DIRECTION('',(1.,2.22044604925E-16,0.));
#4901 = ORIENTED_EDGE('',*,*,#4838,.F.);
#4902 = PLANE('',#4903);
#4903 = AXIS2_PLACEMENT_3D('',#4904,#4905,#4906);
#4904 = CARTESIAN_POINT('',(1.8,2.11,0.825));
#4905 = DIRECTION('',(0.,0.,1.));
#4906 = DIRECTION('',(1.,2.22044604925E-16,-0.));
#4907 = ADVANCED_FACE('',(#4908),#4933,.F.);
#4908 = FACE_BOUND('',#4909,.F.);
#4909 = EDGE_LOOP('',(#4910,#4911,#4919,#4927));
#4910 = ORIENTED_EDGE('',*,*,#4857,.T.);
#4911 = ORIENTED_EDGE('',*,*,#4912,.T.);
#4912 = EDGE_CURVE('',#4849,#4913,#4915,.T.);
#4913 = VERTEX_POINT('',#4914);
#4914 = CARTESIAN_POINT('',(2.35,1.7,0.3));
#4915 = LINE('',#4916,#4917);
#4916 = CARTESIAN_POINT('',(2.35,1.7,0.725));
#4917 = VECTOR('',#4918,1.);
#4918 = DIRECTION('',(1.044915787883E-15,2.320179133003E-31,-1.));
#4919 = ORIENTED_EDGE('',*,*,#4920,.F.);
#4920 = EDGE_CURVE('',#4921,#4913,#4923,.T.);
#4921 = VERTEX_POINT('',#4922);
#4922 = CARTESIAN_POINT('',(2.35,2.11,0.3));
#4923 = LINE('',#4924,#4925);
#4924 = CARTESIAN_POINT('',(2.35,2.11,0.3));
#4925 = VECTOR('',#4926,1.);
#4926 = DIRECTION('',(2.22044604925E-16,-1.,0.));
#4927 = ORIENTED_EDGE('',*,*,#4928,.F.);
#4928 = EDGE_CURVE('',#4858,#4921,#4929,.T.);
#4929 = LINE('',#4930,#4931);
#4930 = CARTESIAN_POINT('',(2.35,2.11,0.725));
#4931 = VECTOR('',#4932,1.);
#4932 = DIRECTION('',(1.044915787883E-15,2.320179133003E-31,-1.));
#4933 = PLANE('',#4934);
#4934 = AXIS2_PLACEMENT_3D('',#4935,#4936,#4937);
#4935 = CARTESIAN_POINT('',(2.35,2.11,0.725));
#4936 = DIRECTION('',(1.,2.22044604925E-16,1.044915787883E-15));
#4937 = DIRECTION('',(1.044915787883E-15,2.320179133003E-31,-1.));
#4938 = ADVANCED_FACE('',(#4939),#5017,.F.);
#4939 = FACE_BOUND('',#4940,.F.);
#4940 = EDGE_LOOP('',(#4941,#4949,#4950,#4951,#4952,#4961,#4969,#4977,
    #4985,#4994,#5002,#5011));
#4941 = ORIENTED_EDGE('',*,*,#4942,.F.);
#4942 = EDGE_CURVE('',#4881,#4943,#4945,.T.);
#4943 = VERTEX_POINT('',#4944);
#4944 = CARTESIAN_POINT('',(1.95,2.11,1.025));
#4945 = LINE('',#4946,#4947);
#4946 = CARTESIAN_POINT('',(1.95,2.11,0.778829828783));
#4947 = VECTOR('',#4948,1.);
#4948 = DIRECTION('',(0.,0.,1.));
#4949 = ORIENTED_EDGE('',*,*,#4880,.T.);
#4950 = ORIENTED_EDGE('',*,*,#4865,.T.);
#4951 = ORIENTED_EDGE('',*,*,#4928,.T.);
#4952 = ORIENTED_EDGE('',*,*,#4953,.T.);
#4953 = EDGE_CURVE('',#4921,#4954,#4956,.T.);
#4954 = VERTEX_POINT('',#4955);
#4955 = CARTESIAN_POINT('',(2.65,2.11,5.551115123126E-17));
#4956 = CIRCLE('',#4957,0.3);
#4957 = AXIS2_PLACEMENT_3D('',#4958,#4959,#4960);
#4958 = CARTESIAN_POINT('',(2.65,2.11,0.3));
#4959 = DIRECTION('',(2.22044604925E-16,-1.,0.));
#4960 = DIRECTION('',(-1.,-2.22044604925E-16,3.515706244646E-15));
#4961 = ORIENTED_EDGE('',*,*,#4962,.T.);
#4962 = EDGE_CURVE('',#4954,#4963,#4965,.T.);
#4963 = VERTEX_POINT('',#4964);
#4964 = CARTESIAN_POINT('',(3.,2.11,5.551115123126E-17));
#4965 = LINE('',#4966,#4967);
#4966 = CARTESIAN_POINT('',(2.65,2.11,5.551115123126E-17));
#4967 = VECTOR('',#4968,1.);
#4968 = DIRECTION('',(1.,2.22044604925E-16,0.));
#4969 = ORIENTED_EDGE('',*,*,#4970,.T.);
#4970 = EDGE_CURVE('',#4963,#4971,#4973,.T.);
#4971 = VERTEX_POINT('',#4972);
#4972 = CARTESIAN_POINT('',(3.,2.11,0.2));
#4973 = LINE('',#4974,#4975);
#4974 = CARTESIAN_POINT('',(3.,2.11,5.551115123126E-17));
#4975 = VECTOR('',#4976,1.);
#4976 = DIRECTION('',(0.,0.,1.));
#4977 = ORIENTED_EDGE('',*,*,#4978,.T.);
#4978 = EDGE_CURVE('',#4971,#4979,#4981,.T.);
#4979 = VERTEX_POINT('',#4980);
#4980 = CARTESIAN_POINT('',(2.65,2.11,0.2));
#4981 = LINE('',#4982,#4983);
#4982 = CARTESIAN_POINT('',(3.,2.11,0.2));
#4983 = VECTOR('',#4984,1.);
#4984 = DIRECTION('',(-1.,-2.22044604925E-16,0.));
#4985 = ORIENTED_EDGE('',*,*,#4986,.T.);
#4986 = EDGE_CURVE('',#4979,#4987,#4989,.T.);
#4987 = VERTEX_POINT('',#4988);
#4988 = CARTESIAN_POINT('',(2.55,2.11,0.3));
#4989 = CIRCLE('',#4990,0.1);
#4990 = AXIS2_PLACEMENT_3D('',#4991,#4992,#4993);
#4991 = CARTESIAN_POINT('',(2.65,2.11,0.3));
#4992 = DIRECTION('',(-2.22044604925E-16,1.,0.));
#4993 = DIRECTION('',(0.,0.,-1.));
#4994 = ORIENTED_EDGE('',*,*,#4995,.T.);
#4995 = EDGE_CURVE('',#4987,#4996,#4998,.T.);
#4996 = VERTEX_POINT('',#4997);
#4997 = CARTESIAN_POINT('',(2.55,2.11,0.725));
#4998 = LINE('',#4999,#5000);
#4999 = CARTESIAN_POINT('',(2.55,2.11,0.3));
#5000 = VECTOR('',#5001,1.);
#5001 = DIRECTION('',(0.,0.,1.));
#5002 = ORIENTED_EDGE('',*,*,#5003,.T.);
#5003 = EDGE_CURVE('',#4996,#5004,#5006,.T.);
#5004 = VERTEX_POINT('',#5005);
#5005 = CARTESIAN_POINT('',(2.25,2.11,1.025));
#5006 = CIRCLE('',#5007,0.3);
#5007 = AXIS2_PLACEMENT_3D('',#5008,#5009,#5010);
#5008 = CARTESIAN_POINT('',(2.25,2.11,0.725));
#5009 = DIRECTION('',(2.22044604925E-16,-1.,0.));
#5010 = DIRECTION('',(1.,2.22044604925E-16,3.700743415417E-16));
#5011 = ORIENTED_EDGE('',*,*,#5012,.T.);
#5012 = EDGE_CURVE('',#5004,#4943,#5013,.T.);
#5013 = LINE('',#5014,#5015);
#5014 = CARTESIAN_POINT('',(2.25,2.11,1.025));
#5015 = VECTOR('',#5016,1.);
#5016 = DIRECTION('',(-1.,-2.22044604925E-16,0.));
#5017 = PLANE('',#5018);
#5018 = AXIS2_PLACEMENT_3D('',#5019,#5020,#5021);
#5019 = CARTESIAN_POINT('',(2.41578967201,2.11,0.532659657565));
#5020 = DIRECTION('',(2.22044604925E-16,-1.,0.));
#5021 = DIRECTION('',(0.,0.,1.));
#5022 = ADVANCED_FACE('',(#5023),#5101,.T.);
#5023 = FACE_BOUND('',#5024,.T.);
#5024 = EDGE_LOOP('',(#5025,#5033,#5034,#5035,#5036,#5045,#5053,#5061,
    #5069,#5078,#5086,#5095));
#5025 = ORIENTED_EDGE('',*,*,#5026,.F.);
#5026 = EDGE_CURVE('',#4889,#5027,#5029,.T.);
#5027 = VERTEX_POINT('',#5028);
#5028 = CARTESIAN_POINT('',(1.95,1.7,1.025));
#5029 = LINE('',#5030,#5031);
#5030 = CARTESIAN_POINT('',(1.95,1.7,0.778829828783));
#5031 = VECTOR('',#5032,1.);
#5032 = DIRECTION('',(0.,0.,1.));
#5033 = ORIENTED_EDGE('',*,*,#4896,.T.);
#5034 = ORIENTED_EDGE('',*,*,#4848,.T.);
#5035 = ORIENTED_EDGE('',*,*,#4912,.T.);
#5036 = ORIENTED_EDGE('',*,*,#5037,.T.);
#5037 = EDGE_CURVE('',#4913,#5038,#5040,.T.);
#5038 = VERTEX_POINT('',#5039);
#5039 = CARTESIAN_POINT('',(2.65,1.7,5.551115123126E-17));
#5040 = CIRCLE('',#5041,0.3);
#5041 = AXIS2_PLACEMENT_3D('',#5042,#5043,#5044);
#5042 = CARTESIAN_POINT('',(2.65,1.7,0.3));
#5043 = DIRECTION('',(2.22044604925E-16,-1.,0.));
#5044 = DIRECTION('',(-1.,-2.22044604925E-16,3.515706244646E-15));
#5045 = ORIENTED_EDGE('',*,*,#5046,.T.);
#5046 = EDGE_CURVE('',#5038,#5047,#5049,.T.);
#5047 = VERTEX_POINT('',#5048);
#5048 = CARTESIAN_POINT('',(3.,1.7,5.551115123126E-17));
#5049 = LINE('',#5050,#5051);
#5050 = CARTESIAN_POINT('',(2.65,1.7,5.551115123126E-17));
#5051 = VECTOR('',#5052,1.);
#5052 = DIRECTION('',(1.,2.22044604925E-16,0.));
#5053 = ORIENTED_EDGE('',*,*,#5054,.T.);
#5054 = EDGE_CURVE('',#5047,#5055,#5057,.T.);
#5055 = VERTEX_POINT('',#5056);
#5056 = CARTESIAN_POINT('',(3.,1.7,0.2));
#5057 = LINE('',#5058,#5059);
#5058 = CARTESIAN_POINT('',(3.,1.7,5.551115123126E-17));
#5059 = VECTOR('',#5060,1.);
#5060 = DIRECTION('',(0.,0.,1.));
#5061 = ORIENTED_EDGE('',*,*,#5062,.T.);
#5062 = EDGE_CURVE('',#5055,#5063,#5065,.T.);
#5063 = VERTEX_POINT('',#5064);
#5064 = CARTESIAN_POINT('',(2.65,1.7,0.2));
#5065 = LINE('',#5066,#5067);
#5066 = CARTESIAN_POINT('',(3.,1.7,0.2));
#5067 = VECTOR('',#5068,1.);
#5068 = DIRECTION('',(-1.,-2.22044604925E-16,0.));
#5069 = ORIENTED_EDGE('',*,*,#5070,.T.);
#5070 = EDGE_CURVE('',#5063,#5071,#5073,.T.);
#5071 = VERTEX_POINT('',#5072);
#5072 = CARTESIAN_POINT('',(2.55,1.7,0.3));
#5073 = CIRCLE('',#5074,0.1);
#5074 = AXIS2_PLACEMENT_3D('',#5075,#5076,#5077);
#5075 = CARTESIAN_POINT('',(2.65,1.7,0.3));
#5076 = DIRECTION('',(-2.22044604925E-16,1.,0.));
#5077 = DIRECTION('',(0.,0.,-1.));
#5078 = ORIENTED_EDGE('',*,*,#5079,.T.);
#5079 = EDGE_CURVE('',#5071,#5080,#5082,.T.);
#5080 = VERTEX_POINT('',#5081);
#5081 = CARTESIAN_POINT('',(2.55,1.7,0.725));
#5082 = LINE('',#5083,#5084);
#5083 = CARTESIAN_POINT('',(2.55,1.7,0.3));
#5084 = VECTOR('',#5085,1.);
#5085 = DIRECTION('',(0.,0.,1.));
#5086 = ORIENTED_EDGE('',*,*,#5087,.T.);
#5087 = EDGE_CURVE('',#5080,#5088,#5090,.T.);
#5088 = VERTEX_POINT('',#5089);
#5089 = CARTESIAN_POINT('',(2.25,1.7,1.025));
#5090 = CIRCLE('',#5091,0.3);
#5091 = AXIS2_PLACEMENT_3D('',#5092,#5093,#5094);
#5092 = CARTESIAN_POINT('',(2.25,1.7,0.725));
#5093 = DIRECTION('',(2.22044604925E-16,-1.,0.));
#5094 = DIRECTION('',(1.,2.22044604925E-16,3.700743415417E-16));
#5095 = ORIENTED_EDGE('',*,*,#5096,.T.);
#5096 = EDGE_CURVE('',#5088,#5027,#5097,.T.);
#5097 = LINE('',#5098,#5099);
#5098 = CARTESIAN_POINT('',(2.25,1.7,1.025));
#5099 = VECTOR('',#5100,1.);
#5100 = DIRECTION('',(-1.,-2.22044604925E-16,0.));
#5101 = PLANE('',#5102);
#5102 = AXIS2_PLACEMENT_3D('',#5103,#5104,#5105);
#5103 = CARTESIAN_POINT('',(2.41578967201,1.7,0.532659657565));
#5104 = DIRECTION('',(2.22044604925E-16,-1.,0.));
#5105 = DIRECTION('',(0.,0.,1.));
#5106 = ADVANCED_FACE('',(#5107),#5194,.F.);
#5107 = FACE_BOUND('',#5108,.F.);
#5108 = EDGE_LOOP('',(#5109,#5119,#5126,#5134,#5142,#5150,#5158,#5166,
    #5174,#5180,#5181,#5189));
#5109 = ORIENTED_EDGE('',*,*,#5110,.T.);
#5110 = EDGE_CURVE('',#5111,#5113,#5115,.T.);
#5111 = VERTEX_POINT('',#5112);
#5112 = CARTESIAN_POINT('',(1.835171280765,2.217585640382,0.1));
#5113 = VERTEX_POINT('',#5114);
#5114 = CARTESIAN_POINT('',(1.835171280765,-2.217585640382,0.1));
#5115 = LINE('',#5116,#5117);
#5116 = CARTESIAN_POINT('',(1.835171280765,2.217585640382,0.1));
#5117 = VECTOR('',#5118,1.);
#5118 = DIRECTION('',(2.22044604925E-16,-1.,0.));
#5119 = ORIENTED_EDGE('',*,*,#5120,.T.);
#5120 = EDGE_CURVE('',#5113,#5121,#5123,.T.);
#5121 = VERTEX_POINT('',#5122);
#5122 = CARTESIAN_POINT('',(1.95,-2.275,0.825));
#5123 = B_SPLINE_CURVE_WITH_KNOTS('',1,(#5124,#5125),.UNSPECIFIED.,.F.,
  .F.,(2,2),(0.,1.),.PIECEWISE_BEZIER_KNOTS.);
#5124 = CARTESIAN_POINT('',(1.835171280765,-2.217585640382,0.1));
#5125 = CARTESIAN_POINT('',(1.95,-2.275,0.825));
#5126 = ORIENTED_EDGE('',*,*,#5127,.F.);
#5127 = EDGE_CURVE('',#5128,#5121,#5130,.T.);
#5128 = VERTEX_POINT('',#5129);
#5129 = CARTESIAN_POINT('',(1.95,-2.11,0.825));
#5130 = LINE('',#5131,#5132);
#5131 = CARTESIAN_POINT('',(1.95,2.275,0.825));
#5132 = VECTOR('',#5133,1.);
#5133 = DIRECTION('',(2.22044604925E-16,-1.,0.));
#5134 = ORIENTED_EDGE('',*,*,#5135,.F.);
#5135 = EDGE_CURVE('',#5136,#5128,#5138,.T.);
#5136 = VERTEX_POINT('',#5137);
#5137 = CARTESIAN_POINT('',(1.95,-1.7,0.825));
#5138 = LINE('',#5139,#5140);
#5139 = CARTESIAN_POINT('',(1.95,2.275,0.825));
#5140 = VECTOR('',#5141,1.);
#5141 = DIRECTION('',(2.22044604925E-16,-1.,0.));
#5142 = ORIENTED_EDGE('',*,*,#5143,.F.);
#5143 = EDGE_CURVE('',#5144,#5136,#5146,.T.);
#5144 = VERTEX_POINT('',#5145);
#5145 = CARTESIAN_POINT('',(1.95,-0.84,0.825));
#5146 = LINE('',#5147,#5148);
#5147 = CARTESIAN_POINT('',(1.95,2.275,0.825));
#5148 = VECTOR('',#5149,1.);
#5149 = DIRECTION('',(2.22044604925E-16,-1.,0.));
#5150 = ORIENTED_EDGE('',*,*,#5151,.F.);
#5151 = EDGE_CURVE('',#5152,#5144,#5154,.T.);
#5152 = VERTEX_POINT('',#5153);
#5153 = CARTESIAN_POINT('',(1.95,-0.43,0.825));
#5154 = LINE('',#5155,#5156);
#5155 = CARTESIAN_POINT('',(1.95,2.275,0.825));
#5156 = VECTOR('',#5157,1.);
#5157 = DIRECTION('',(2.22044604925E-16,-1.,0.));
#5158 = ORIENTED_EDGE('',*,*,#5159,.F.);
#5159 = EDGE_CURVE('',#5160,#5152,#5162,.T.);
#5160 = VERTEX_POINT('',#5161);
#5161 = CARTESIAN_POINT('',(1.95,0.43,0.825));
#5162 = LINE('',#5163,#5164);
#5163 = CARTESIAN_POINT('',(1.95,2.275,0.825));
#5164 = VECTOR('',#5165,1.);
#5165 = DIRECTION('',(2.22044604925E-16,-1.,0.));
#5166 = ORIENTED_EDGE('',*,*,#5167,.F.);
#5167 = EDGE_CURVE('',#5168,#5160,#5170,.T.);
#5168 = VERTEX_POINT('',#5169);
#5169 = CARTESIAN_POINT('',(1.95,0.84,0.825));
#5170 = LINE('',#5171,#5172);
#5171 = CARTESIAN_POINT('',(1.95,2.275,0.825));
#5172 = VECTOR('',#5173,1.);
#5173 = DIRECTION('',(2.22044604925E-16,-1.,0.));
#5174 = ORIENTED_EDGE('',*,*,#5175,.F.);
#5175 = EDGE_CURVE('',#4889,#5168,#5176,.T.);
#5176 = LINE('',#5177,#5178);
#5177 = CARTESIAN_POINT('',(1.95,2.275,0.825));
#5178 = VECTOR('',#5179,1.);
#5179 = DIRECTION('',(2.22044604925E-16,-1.,0.));
#5180 = ORIENTED_EDGE('',*,*,#4888,.F.);
#5181 = ORIENTED_EDGE('',*,*,#5182,.F.);
#5182 = EDGE_CURVE('',#5183,#4881,#5185,.T.);
#5183 = VERTEX_POINT('',#5184);
#5184 = CARTESIAN_POINT('',(1.95,2.275,0.825));
#5185 = LINE('',#5186,#5187);
#5186 = CARTESIAN_POINT('',(1.95,2.275,0.825));
#5187 = VECTOR('',#5188,1.);
#5188 = DIRECTION('',(2.22044604925E-16,-1.,0.));
#5189 = ORIENTED_EDGE('',*,*,#5190,.F.);
#5190 = EDGE_CURVE('',#5111,#5183,#5191,.T.);
#5191 = B_SPLINE_CURVE_WITH_KNOTS('',1,(#5192,#5193),.UNSPECIFIED.,.F.,
  .F.,(2,2),(0.,1.),.PIECEWISE_BEZIER_KNOTS.);
#5192 = CARTESIAN_POINT('',(1.835171280765,2.217585640382,0.1));
#5193 = CARTESIAN_POINT('',(1.95,2.275,0.825));
#5194 = B_SPLINE_SURFACE_WITH_KNOTS('',1,1,(
    (#5195,#5196)
    ,(#5197,#5198
    )),.UNSPECIFIED.,.F.,.F.,.F.,(2,2),(2,2),(0.,4.55),(0.,1.),
  .PIECEWISE_BEZIER_KNOTS.);
#5195 = CARTESIAN_POINT('',(1.835171280765,2.217585640382,0.1));
#5196 = CARTESIAN_POINT('',(1.95,2.275,0.825));
#5197 = CARTESIAN_POINT('',(1.835171280765,-2.217585640382,0.1));
#5198 = CARTESIAN_POINT('',(1.95,-2.275,0.825));
#5199 = ADVANCED_FACE('',(#5200),#5211,.T.);
#5200 = FACE_BOUND('',#5201,.T.);
#5201 = EDGE_LOOP('',(#5202,#5203,#5209,#5210));
#5202 = ORIENTED_EDGE('',*,*,#4953,.T.);
#5203 = ORIENTED_EDGE('',*,*,#5204,.T.);
#5204 = EDGE_CURVE('',#4954,#5038,#5205,.T.);
#5205 = LINE('',#5206,#5207);
#5206 = CARTESIAN_POINT('',(2.65,2.11,5.551115123126E-17));
#5207 = VECTOR('',#5208,1.);
#5208 = DIRECTION('',(2.22044604925E-16,-1.,0.));
#5209 = ORIENTED_EDGE('',*,*,#5037,.F.);
#5210 = ORIENTED_EDGE('',*,*,#4920,.F.);
#5211 = CYLINDRICAL_SURFACE('',#5212,0.3);
#5212 = AXIS2_PLACEMENT_3D('',#5213,#5214,#5215);
#5213 = CARTESIAN_POINT('',(2.65,2.11,0.3));
#5214 = DIRECTION('',(-2.22044604925E-16,1.,-0.));
#5215 = DIRECTION('',(-1.,-2.22044604925E-16,3.515706244646E-15));
#5216 = ADVANCED_FACE('',(#5217),#5234,.F.);
#5217 = FACE_BOUND('',#5218,.F.);
#5218 = EDGE_LOOP('',(#5219,#5226,#5227,#5228));
#5219 = ORIENTED_EDGE('',*,*,#5220,.F.);
#5220 = EDGE_CURVE('',#5183,#5221,#5223,.T.);
#5221 = VERTEX_POINT('',#5222);
#5222 = CARTESIAN_POINT('',(1.95,2.275,1.025));
#5223 = B_SPLINE_CURVE_WITH_KNOTS('',1,(#5224,#5225),.UNSPECIFIED.,.F.,
  .F.,(2,2),(0.,1.),.PIECEWISE_BEZIER_KNOTS.);
#5224 = CARTESIAN_POINT('',(1.95,2.275,0.825));
#5225 = CARTESIAN_POINT('',(1.95,2.275,1.025));
#5226 = ORIENTED_EDGE('',*,*,#5182,.T.);
#5227 = ORIENTED_EDGE('',*,*,#4942,.T.);
#5228 = ORIENTED_EDGE('',*,*,#5229,.F.);
#5229 = EDGE_CURVE('',#5221,#4943,#5230,.T.);
#5230 = LINE('',#5231,#5232);
#5231 = CARTESIAN_POINT('',(1.95,2.275,1.025));
#5232 = VECTOR('',#5233,1.);
#5233 = DIRECTION('',(2.22044604925E-16,-1.,0.));
#5234 = PLANE('',#5235);
#5235 = AXIS2_PLACEMENT_3D('',#5236,#5237,#5238);
#5236 = CARTESIAN_POINT('',(1.95,2.275,1.025));
#5237 = DIRECTION('',(-1.,-2.22044604925E-16,0.));
#5238 = DIRECTION('',(2.22044604925E-16,-1.,0.));
#5239 = ADVANCED_FACE('',(#5240),#5272,.F.);
#5240 = FACE_BOUND('',#5241,.F.);
#5241 = EDGE_LOOP('',(#5242,#5243,#5249,#5250,#5258,#5266));
#5242 = ORIENTED_EDGE('',*,*,#5012,.F.);
#5243 = ORIENTED_EDGE('',*,*,#5244,.T.);
#5244 = EDGE_CURVE('',#5004,#5088,#5245,.T.);
#5245 = LINE('',#5246,#5247);
#5246 = CARTESIAN_POINT('',(2.25,2.11,1.025));
#5247 = VECTOR('',#5248,1.);
#5248 = DIRECTION('',(2.22044604925E-16,-1.,0.));
#5249 = ORIENTED_EDGE('',*,*,#5096,.T.);
#5250 = ORIENTED_EDGE('',*,*,#5251,.T.);
#5251 = EDGE_CURVE('',#5027,#5252,#5254,.T.);
#5252 = VERTEX_POINT('',#5253);
#5253 = CARTESIAN_POINT('',(1.875,1.7,1.025));
#5254 = LINE('',#5255,#5256);
#5255 = CARTESIAN_POINT('',(2.25,1.7,1.025));
#5256 = VECTOR('',#5257,1.);
#5257 = DIRECTION('',(-1.,-2.22044604925E-16,0.));
#5258 = ORIENTED_EDGE('',*,*,#5259,.F.);
#5259 = EDGE_CURVE('',#5260,#5252,#5262,.T.);
#5260 = VERTEX_POINT('',#5261);
#5261 = CARTESIAN_POINT('',(1.875,2.11,1.025));
#5262 = LINE('',#5263,#5264);
#5263 = CARTESIAN_POINT('',(1.875,2.2375,1.025));
#5264 = VECTOR('',#5265,1.);
#5265 = DIRECTION('',(2.22044604925E-16,-1.,0.));
#5266 = ORIENTED_EDGE('',*,*,#5267,.F.);
#5267 = EDGE_CURVE('',#4943,#5260,#5268,.T.);
#5268 = LINE('',#5269,#5270);
#5269 = CARTESIAN_POINT('',(2.25,2.11,1.025));
#5270 = VECTOR('',#5271,1.);
#5271 = DIRECTION('',(-1.,-2.22044604925E-16,0.));
#5272 = PLANE('',#5273);
#5273 = AXIS2_PLACEMENT_3D('',#5274,#5275,#5276);
#5274 = CARTESIAN_POINT('',(2.25,2.11,1.025));
#5275 = DIRECTION('',(0.,0.,-1.));
#5276 = DIRECTION('',(-1.,-2.22044604925E-16,-0.));
#5277 = ADVANCED_FACE('',(#5278),#5289,.T.);
#5278 = FACE_BOUND('',#5279,.T.);
#5279 = EDGE_LOOP('',(#5280,#5281,#5282,#5283));
#5280 = ORIENTED_EDGE('',*,*,#5003,.T.);
#5281 = ORIENTED_EDGE('',*,*,#5244,.T.);
#5282 = ORIENTED_EDGE('',*,*,#5087,.F.);
#5283 = ORIENTED_EDGE('',*,*,#5284,.F.);
#5284 = EDGE_CURVE('',#4996,#5080,#5285,.T.);
#5285 = LINE('',#5286,#5287);
#5286 = CARTESIAN_POINT('',(2.55,2.11,0.725));
#5287 = VECTOR('',#5288,1.);
#5288 = DIRECTION('',(2.22044604925E-16,-1.,0.));
#5289 = CYLINDRICAL_SURFACE('',#5290,0.3);
#5290 = AXIS2_PLACEMENT_3D('',#5291,#5292,#5293);
#5291 = CARTESIAN_POINT('',(2.25,2.11,0.725));
#5292 = DIRECTION('',(-2.22044604925E-16,1.,-0.));
#5293 = DIRECTION('',(1.,2.22044604925E-16,3.700743415417E-16));
#5294 = ADVANCED_FACE('',(#5295),#5306,.F.);
#5295 = FACE_BOUND('',#5296,.F.);
#5296 = EDGE_LOOP('',(#5297,#5303,#5304,#5305));
#5297 = ORIENTED_EDGE('',*,*,#5298,.T.);
#5298 = EDGE_CURVE('',#4987,#5071,#5299,.T.);
#5299 = LINE('',#5300,#5301);
#5300 = CARTESIAN_POINT('',(2.55,2.11,0.3));
#5301 = VECTOR('',#5302,1.);
#5302 = DIRECTION('',(2.22044604925E-16,-1.,0.));
#5303 = ORIENTED_EDGE('',*,*,#5079,.T.);
#5304 = ORIENTED_EDGE('',*,*,#5284,.F.);
#5305 = ORIENTED_EDGE('',*,*,#4995,.F.);
#5306 = PLANE('',#5307);
#5307 = AXIS2_PLACEMENT_3D('',#5308,#5309,#5310);
#5308 = CARTESIAN_POINT('',(2.55,2.11,0.3));
#5309 = DIRECTION('',(-1.,-2.22044604925E-16,0.));
#5310 = DIRECTION('',(0.,0.,1.));
#5311 = ADVANCED_FACE('',(#5312),#5323,.F.);
#5312 = FACE_BOUND('',#5313,.F.);
#5313 = EDGE_LOOP('',(#5314,#5320,#5321,#5322));
#5314 = ORIENTED_EDGE('',*,*,#5315,.T.);
#5315 = EDGE_CURVE('',#4979,#5063,#5316,.T.);
#5316 = LINE('',#5317,#5318);
#5317 = CARTESIAN_POINT('',(2.65,2.11,0.2));
#5318 = VECTOR('',#5319,1.);
#5319 = DIRECTION('',(2.22044604925E-16,-1.,0.));
#5320 = ORIENTED_EDGE('',*,*,#5070,.T.);
#5321 = ORIENTED_EDGE('',*,*,#5298,.F.);
#5322 = ORIENTED_EDGE('',*,*,#4986,.F.);
#5323 = CYLINDRICAL_SURFACE('',#5324,0.1);
#5324 = AXIS2_PLACEMENT_3D('',#5325,#5326,#5327);
#5325 = CARTESIAN_POINT('',(2.65,2.11,0.3));
#5326 = DIRECTION('',(-2.22044604925E-16,1.,0.));
#5327 = DIRECTION('',(0.,0.,-1.));
#5328 = ADVANCED_FACE('',(#5329),#5340,.F.);
#5329 = FACE_BOUND('',#5330,.F.);
#5330 = EDGE_LOOP('',(#5331,#5337,#5338,#5339));
#5331 = ORIENTED_EDGE('',*,*,#5332,.T.);
#5332 = EDGE_CURVE('',#4971,#5055,#5333,.T.);
#5333 = LINE('',#5334,#5335);
#5334 = CARTESIAN_POINT('',(3.,2.11,0.2));
#5335 = VECTOR('',#5336,1.);
#5336 = DIRECTION('',(2.22044604925E-16,-1.,0.));
#5337 = ORIENTED_EDGE('',*,*,#5062,.T.);
#5338 = ORIENTED_EDGE('',*,*,#5315,.F.);
#5339 = ORIENTED_EDGE('',*,*,#4978,.F.);
#5340 = PLANE('',#5341);
#5341 = AXIS2_PLACEMENT_3D('',#5342,#5343,#5344);
#5342 = CARTESIAN_POINT('',(3.,2.11,0.2));
#5343 = DIRECTION('',(0.,0.,-1.));
#5344 = DIRECTION('',(-1.,-2.22044604925E-16,-0.));
#5345 = ADVANCED_FACE('',(#5346),#5357,.F.);
#5346 = FACE_BOUND('',#5347,.F.);
#5347 = EDGE_LOOP('',(#5348,#5354,#5355,#5356));
#5348 = ORIENTED_EDGE('',*,*,#5349,.T.);
#5349 = EDGE_CURVE('',#4963,#5047,#5350,.T.);
#5350 = LINE('',#5351,#5352);
#5351 = CARTESIAN_POINT('',(3.,2.11,5.551115123126E-17));
#5352 = VECTOR('',#5353,1.);
#5353 = DIRECTION('',(2.22044604925E-16,-1.,0.));
#5354 = ORIENTED_EDGE('',*,*,#5054,.T.);
#5355 = ORIENTED_EDGE('',*,*,#5332,.F.);
#5356 = ORIENTED_EDGE('',*,*,#4970,.F.);
#5357 = PLANE('',#5358);
#5358 = AXIS2_PLACEMENT_3D('',#5359,#5360,#5361);
#5359 = CARTESIAN_POINT('',(3.,2.11,5.551115123126E-17));
#5360 = DIRECTION('',(-1.,-2.22044604925E-16,0.));
#5361 = DIRECTION('',(0.,0.,1.));
#5362 = ADVANCED_FACE('',(#5363),#5369,.F.);
#5363 = FACE_BOUND('',#5364,.F.);
#5364 = EDGE_LOOP('',(#5365,#5366,#5367,#5368));
#5365 = ORIENTED_EDGE('',*,*,#5204,.T.);
#5366 = ORIENTED_EDGE('',*,*,#5046,.T.);
#5367 = ORIENTED_EDGE('',*,*,#5349,.F.);
#5368 = ORIENTED_EDGE('',*,*,#4962,.F.);
#5369 = PLANE('',#5370);
#5370 = AXIS2_PLACEMENT_3D('',#5371,#5372,#5373);
#5371 = CARTESIAN_POINT('',(2.65,2.11,5.551115123126E-17));
#5372 = DIRECTION('',(0.,0.,1.));
#5373 = DIRECTION('',(1.,2.22044604925E-16,-0.));
#5374 = ADVANCED_FACE('',(#5375),#5393,.F.);
#5375 = FACE_BOUND('',#5376,.F.);
#5376 = EDGE_LOOP('',(#5377,#5378,#5379,#5387));
#5377 = ORIENTED_EDGE('',*,*,#5026,.F.);
#5378 = ORIENTED_EDGE('',*,*,#5175,.T.);
#5379 = ORIENTED_EDGE('',*,*,#5380,.T.);
#5380 = EDGE_CURVE('',#5168,#5381,#5383,.T.);
#5381 = VERTEX_POINT('',#5382);
#5382 = CARTESIAN_POINT('',(1.95,0.84,1.025));
#5383 = LINE('',#5384,#5385);
#5384 = CARTESIAN_POINT('',(1.95,0.84,0.778829828783));
#5385 = VECTOR('',#5386,1.);
#5386 = DIRECTION('',(0.,0.,1.));
#5387 = ORIENTED_EDGE('',*,*,#5388,.F.);
#5388 = EDGE_CURVE('',#5027,#5381,#5389,.T.);
#5389 = LINE('',#5390,#5391);
#5390 = CARTESIAN_POINT('',(1.95,2.275,1.025));
#5391 = VECTOR('',#5392,1.);
#5392 = DIRECTION('',(2.22044604925E-16,-1.,0.));
#5393 = PLANE('',#5394);
#5394 = AXIS2_PLACEMENT_3D('',#5395,#5396,#5397);
#5395 = CARTESIAN_POINT('',(1.95,2.275,1.025));
#5396 = DIRECTION('',(-1.,-2.22044604925E-16,0.));
#5397 = DIRECTION('',(2.22044604925E-16,-1.,0.));
#5398 = ADVANCED_FACE('',(#5399),#5456,.F.);
#5399 = FACE_BOUND('',#5400,.T.);
#5400 = EDGE_LOOP('',(#5401,#5411,#5417,#5418,#5426,#5434,#5442,#5450));
#5401 = ORIENTED_EDGE('',*,*,#5402,.T.);
#5402 = EDGE_CURVE('',#5403,#5405,#5407,.T.);
#5403 = VERTEX_POINT('',#5404);
#5404 = CARTESIAN_POINT('',(-1.717585640382,2.335171280765,0.1));
#5405 = VERTEX_POINT('',#5406);
#5406 = CARTESIAN_POINT('',(1.717585640382,2.335171280765,0.1));
#5407 = LINE('',#5408,#5409);
#5408 = CARTESIAN_POINT('',(-1.717585640382,2.335171280765,0.1));
#5409 = VECTOR('',#5410,1.);
#5410 = DIRECTION('',(1.,2.22044604925E-16,0.));
#5411 = ORIENTED_EDGE('',*,*,#5412,.T.);
#5412 = EDGE_CURVE('',#5405,#5111,#5413,.T.);
#5413 = LINE('',#5414,#5415);
#5414 = CARTESIAN_POINT('',(1.717585640382,2.335171280765,0.1));
#5415 = VECTOR('',#5416,1.);
#5416 = DIRECTION('',(0.707106781187,-0.707106781187,0.));
#5417 = ORIENTED_EDGE('',*,*,#5110,.T.);
#5418 = ORIENTED_EDGE('',*,*,#5419,.T.);
#5419 = EDGE_CURVE('',#5113,#5420,#5422,.T.);
#5420 = VERTEX_POINT('',#5421);
#5421 = CARTESIAN_POINT('',(1.717585640382,-2.335171280765,0.1));
#5422 = LINE('',#5423,#5424);
#5423 = CARTESIAN_POINT('',(1.835171280765,-2.217585640382,0.1));
#5424 = VECTOR('',#5425,1.);
#5425 = DIRECTION('',(-0.707106781187,-0.707106781187,0.));
#5426 = ORIENTED_EDGE('',*,*,#5427,.T.);
#5427 = EDGE_CURVE('',#5420,#5428,#5430,.T.);
#5428 = VERTEX_POINT('',#5429);
#5429 = CARTESIAN_POINT('',(-1.717585640382,-2.335171280765,0.1));
#5430 = LINE('',#5431,#5432);
#5431 = CARTESIAN_POINT('',(1.717585640382,-2.335171280765,0.1));
#5432 = VECTOR('',#5433,1.);
#5433 = DIRECTION('',(-1.,-2.22044604925E-16,0.));
#5434 = ORIENTED_EDGE('',*,*,#5435,.T.);
#5435 = EDGE_CURVE('',#5428,#5436,#5438,.T.);
#5436 = VERTEX_POINT('',#5437);
#5437 = CARTESIAN_POINT('',(-1.835171280765,-2.217585640382,0.1));
#5438 = LINE('',#5439,#5440);
#5439 = CARTESIAN_POINT('',(-1.717585640382,-2.335171280765,0.1));
#5440 = VECTOR('',#5441,1.);
#5441 = DIRECTION('',(-0.707106781187,0.707106781187,0.));
#5442 = ORIENTED_EDGE('',*,*,#5443,.T.);
#5443 = EDGE_CURVE('',#5436,#5444,#5446,.T.);
#5444 = VERTEX_POINT('',#5445);
#5445 = CARTESIAN_POINT('',(-1.835171280765,2.217585640382,0.1));
#5446 = LINE('',#5447,#5448);
#5447 = CARTESIAN_POINT('',(-1.835171280765,-2.217585640382,0.1));
#5448 = VECTOR('',#5449,1.);
#5449 = DIRECTION('',(-2.22044604925E-16,1.,0.));
#5450 = ORIENTED_EDGE('',*,*,#5451,.T.);
#5451 = EDGE_CURVE('',#5444,#5403,#5452,.T.);
#5452 = LINE('',#5453,#5454);
#5453 = CARTESIAN_POINT('',(-1.835171280765,2.217585640382,0.1));
#5454 = VECTOR('',#5455,1.);
#5455 = DIRECTION('',(0.707106781187,0.707106781187,0.));
#5456 = PLANE('',#5457);
#5457 = AXIS2_PLACEMENT_3D('',#5458,#5459,#5460);
#5458 = CARTESIAN_POINT('',(-1.717585640382,2.335171280765,0.1));
#5459 = DIRECTION('',(0.,0.,1.));
#5460 = DIRECTION('',(0.592513131498,-0.805560791625,0.));
#5461 = ADVANCED_FACE('',(#5462),#5479,.F.);
#5462 = FACE_BOUND('',#5463,.F.);
#5463 = EDGE_LOOP('',(#5464,#5465,#5466,#5474));
#5464 = ORIENTED_EDGE('',*,*,#5412,.T.);
#5465 = ORIENTED_EDGE('',*,*,#5190,.T.);
#5466 = ORIENTED_EDGE('',*,*,#5467,.F.);
#5467 = EDGE_CURVE('',#5468,#5183,#5470,.T.);
#5468 = VERTEX_POINT('',#5469);
#5469 = CARTESIAN_POINT('',(1.775,2.45,0.825));
#5470 = LINE('',#5471,#5472);
#5471 = CARTESIAN_POINT('',(1.775,2.45,0.825));
#5472 = VECTOR('',#5473,1.);
#5473 = DIRECTION('',(0.707106781187,-0.707106781187,0.));
#5474 = ORIENTED_EDGE('',*,*,#5475,.F.);
#5475 = EDGE_CURVE('',#5405,#5468,#5476,.T.);
#5476 = B_SPLINE_CURVE_WITH_KNOTS('',1,(#5477,#5478),.UNSPECIFIED.,.F.,
  .F.,(2,2),(0.,1.),.PIECEWISE_BEZIER_KNOTS.);
#5477 = CARTESIAN_POINT('',(1.717585640382,2.335171280765,0.1));
#5478 = CARTESIAN_POINT('',(1.775,2.45,0.825));
#5479 = B_SPLINE_SURFACE_WITH_KNOTS('',1,1,(
    (#5480,#5481)
    ,(#5482,#5483
    )),.UNSPECIFIED.,.F.,.F.,.F.,(2,2),(2,2),(0.,0.247487373415),(0.,1.)
  ,.PIECEWISE_BEZIER_KNOTS.);
#5480 = CARTESIAN_POINT('',(1.717585640382,2.335171280765,0.1));
#5481 = CARTESIAN_POINT('',(1.775,2.45,0.825));
#5482 = CARTESIAN_POINT('',(1.835171280765,2.217585640382,0.1));
#5483 = CARTESIAN_POINT('',(1.95,2.275,0.825));
#5484 = ADVANCED_FACE('',(#5485),#5502,.F.);
#5485 = FACE_BOUND('',#5486,.F.);
#5486 = EDGE_LOOP('',(#5487,#5488,#5495,#5501));
#5487 = ORIENTED_EDGE('',*,*,#5419,.T.);
#5488 = ORIENTED_EDGE('',*,*,#5489,.T.);
#5489 = EDGE_CURVE('',#5420,#5490,#5492,.T.);
#5490 = VERTEX_POINT('',#5491);
#5491 = CARTESIAN_POINT('',(1.775,-2.45,0.825));
#5492 = B_SPLINE_CURVE_WITH_KNOTS('',1,(#5493,#5494),.UNSPECIFIED.,.F.,
  .F.,(2,2),(0.,1.),.PIECEWISE_BEZIER_KNOTS.);
#5493 = CARTESIAN_POINT('',(1.717585640382,-2.335171280765,0.1));
#5494 = CARTESIAN_POINT('',(1.775,-2.45,0.825));
#5495 = ORIENTED_EDGE('',*,*,#5496,.F.);
#5496 = EDGE_CURVE('',#5121,#5490,#5497,.T.);
#5497 = LINE('',#5498,#5499);
#5498 = CARTESIAN_POINT('',(1.95,-2.275,0.825));
#5499 = VECTOR('',#5500,1.);
#5500 = DIRECTION('',(-0.707106781187,-0.707106781187,0.));
#5501 = ORIENTED_EDGE('',*,*,#5120,.F.);
#5502 = B_SPLINE_SURFACE_WITH_KNOTS('',1,1,(
    (#5503,#5504)
    ,(#5505,#5506
    )),.UNSPECIFIED.,.F.,.F.,.F.,(2,2),(2,2),(0.,0.247487373415),(0.,1.)
  ,.PIECEWISE_BEZIER_KNOTS.);
#5503 = CARTESIAN_POINT('',(1.835171280765,-2.217585640382,0.1));
#5504 = CARTESIAN_POINT('',(1.95,-2.275,0.825));
#5505 = CARTESIAN_POINT('',(1.717585640382,-2.335171280765,0.1));
#5506 = CARTESIAN_POINT('',(1.775,-2.45,0.825));
#5507 = ADVANCED_FACE('',(#5508),#5532,.F.);
#5508 = FACE_BOUND('',#5509,.F.);
#5509 = EDGE_LOOP('',(#5510,#5518,#5519,#5526));
#5510 = ORIENTED_EDGE('',*,*,#5511,.F.);
#5511 = EDGE_CURVE('',#5128,#5512,#5514,.T.);
#5512 = VERTEX_POINT('',#5513);
#5513 = CARTESIAN_POINT('',(1.95,-2.11,1.025));
#5514 = LINE('',#5515,#5516);
#5515 = CARTESIAN_POINT('',(1.95,-2.11,0.778829828783));
#5516 = VECTOR('',#5517,1.);
#5517 = DIRECTION('',(0.,0.,1.));
#5518 = ORIENTED_EDGE('',*,*,#5127,.T.);
#5519 = ORIENTED_EDGE('',*,*,#5520,.T.);
#5520 = EDGE_CURVE('',#5121,#5521,#5523,.T.);
#5521 = VERTEX_POINT('',#5522);
#5522 = CARTESIAN_POINT('',(1.95,-2.275,1.025));
#5523 = B_SPLINE_CURVE_WITH_KNOTS('',1,(#5524,#5525),.UNSPECIFIED.,.F.,
  .F.,(2,2),(0.,1.),.PIECEWISE_BEZIER_KNOTS.);
#5524 = CARTESIAN_POINT('',(1.95,-2.275,0.825));
#5525 = CARTESIAN_POINT('',(1.95,-2.275,1.025));
#5526 = ORIENTED_EDGE('',*,*,#5527,.F.);
#5527 = EDGE_CURVE('',#5512,#5521,#5528,.T.);
#5528 = LINE('',#5529,#5530);
#5529 = CARTESIAN_POINT('',(1.95,2.275,1.025));
#5530 = VECTOR('',#5531,1.);
#5531 = DIRECTION('',(2.22044604925E-16,-1.,0.));
#5532 = PLANE('',#5533);
#5533 = AXIS2_PLACEMENT_3D('',#5534,#5535,#5536);
#5534 = CARTESIAN_POINT('',(1.95,2.275,1.025));
#5535 = DIRECTION('',(-1.,-2.22044604925E-16,0.));
#5536 = DIRECTION('',(2.22044604925E-16,-1.,0.));
#5537 = ADVANCED_FACE('',(#5538),#5563,.F.);
#5538 = FACE_BOUND('',#5539,.F.);
#5539 = EDGE_LOOP('',(#5540,#5548,#5549,#5557));
#5540 = ORIENTED_EDGE('',*,*,#5541,.F.);
#5541 = EDGE_CURVE('',#5136,#5542,#5544,.T.);
#5542 = VERTEX_POINT('',#5543);
#5543 = CARTESIAN_POINT('',(2.25,-1.7,0.825));
#5544 = LINE('',#5545,#5546);
#5545 = CARTESIAN_POINT('',(1.8,-1.7,0.825));
#5546 = VECTOR('',#5547,1.);
#5547 = DIRECTION('',(1.,2.22044604925E-16,0.));
#5548 = ORIENTED_EDGE('',*,*,#5135,.T.);
#5549 = ORIENTED_EDGE('',*,*,#5550,.T.);
#5550 = EDGE_CURVE('',#5128,#5551,#5553,.T.);
#5551 = VERTEX_POINT('',#5552);
#5552 = CARTESIAN_POINT('',(2.25,-2.11,0.825));
#5553 = LINE('',#5554,#5555);
#5554 = CARTESIAN_POINT('',(1.8,-2.11,0.825));
#5555 = VECTOR('',#5556,1.);
#5556 = DIRECTION('',(1.,2.22044604925E-16,0.));
#5557 = ORIENTED_EDGE('',*,*,#5558,.F.);
#5558 = EDGE_CURVE('',#5542,#5551,#5559,.T.);
#5559 = LINE('',#5560,#5561);
#5560 = CARTESIAN_POINT('',(2.25,-1.7,0.825));
#5561 = VECTOR('',#5562,1.);
#5562 = DIRECTION('',(2.22044604925E-16,-1.,0.));
#5563 = PLANE('',#5564);
#5564 = AXIS2_PLACEMENT_3D('',#5565,#5566,#5567);
#5565 = CARTESIAN_POINT('',(1.8,-1.7,0.825));
#5566 = DIRECTION('',(0.,0.,1.));
#5567 = DIRECTION('',(1.,2.22044604925E-16,-0.));
#5568 = ADVANCED_FACE('',(#5569),#5594,.F.);
#5569 = FACE_BOUND('',#5570,.F.);
#5570 = EDGE_LOOP('',(#5571,#5579,#5580,#5588));
#5571 = ORIENTED_EDGE('',*,*,#5572,.F.);
#5572 = EDGE_CURVE('',#5144,#5573,#5575,.T.);
#5573 = VERTEX_POINT('',#5574);
#5574 = CARTESIAN_POINT('',(1.95,-0.84,1.025));
#5575 = LINE('',#5576,#5577);
#5576 = CARTESIAN_POINT('',(1.95,-0.84,0.778829828783));
#5577 = VECTOR('',#5578,1.);
#5578 = DIRECTION('',(0.,0.,1.));
#5579 = ORIENTED_EDGE('',*,*,#5143,.T.);
#5580 = ORIENTED_EDGE('',*,*,#5581,.T.);
#5581 = EDGE_CURVE('',#5136,#5582,#5584,.T.);
#5582 = VERTEX_POINT('',#5583);
#5583 = CARTESIAN_POINT('',(1.95,-1.7,1.025));
#5584 = LINE('',#5585,#5586);
#5585 = CARTESIAN_POINT('',(1.95,-1.7,0.778829828783));
#5586 = VECTOR('',#5587,1.);
#5587 = DIRECTION('',(0.,0.,1.));
#5588 = ORIENTED_EDGE('',*,*,#5589,.F.);
#5589 = EDGE_CURVE('',#5573,#5582,#5590,.T.);
#5590 = LINE('',#5591,#5592);
#5591 = CARTESIAN_POINT('',(1.95,2.275,1.025));
#5592 = VECTOR('',#5593,1.);
#5593 = DIRECTION('',(2.22044604925E-16,-1.,0.));
#5594 = PLANE('',#5595);
#5595 = AXIS2_PLACEMENT_3D('',#5596,#5597,#5598);
#5596 = CARTESIAN_POINT('',(1.95,2.275,1.025));
#5597 = DIRECTION('',(-1.,-2.22044604925E-16,0.));
#5598 = DIRECTION('',(2.22044604925E-16,-1.,0.));
#5599 = ADVANCED_FACE('',(#5600),#5625,.F.);
#5600 = FACE_BOUND('',#5601,.F.);
#5601 = EDGE_LOOP('',(#5602,#5610,#5611,#5619));
#5602 = ORIENTED_EDGE('',*,*,#5603,.F.);
#5603 = EDGE_CURVE('',#5168,#5604,#5606,.T.);
#5604 = VERTEX_POINT('',#5605);
#5605 = CARTESIAN_POINT('',(2.25,0.84,0.825));
#5606 = LINE('',#5607,#5608);
#5607 = CARTESIAN_POINT('',(1.8,0.84,0.825));
#5608 = VECTOR('',#5609,1.);
#5609 = DIRECTION('',(1.,2.22044604925E-16,0.));
#5610 = ORIENTED_EDGE('',*,*,#5167,.T.);
#5611 = ORIENTED_EDGE('',*,*,#5612,.T.);
#5612 = EDGE_CURVE('',#5160,#5613,#5615,.T.);
#5613 = VERTEX_POINT('',#5614);
#5614 = CARTESIAN_POINT('',(2.25,0.43,0.825));
#5615 = LINE('',#5616,#5617);
#5616 = CARTESIAN_POINT('',(1.8,0.43,0.825));
#5617 = VECTOR('',#5618,1.);
#5618 = DIRECTION('',(1.,2.22044604925E-16,0.));
#5619 = ORIENTED_EDGE('',*,*,#5620,.F.);
#5620 = EDGE_CURVE('',#5604,#5613,#5621,.T.);
#5621 = LINE('',#5622,#5623);
#5622 = CARTESIAN_POINT('',(2.25,0.84,0.825));
#5623 = VECTOR('',#5624,1.);
#5624 = DIRECTION('',(2.22044604925E-16,-1.,0.));
#5625 = PLANE('',#5626);
#5626 = AXIS2_PLACEMENT_3D('',#5627,#5628,#5629);
#5627 = CARTESIAN_POINT('',(1.8,0.84,0.825));
#5628 = DIRECTION('',(0.,0.,1.));
#5629 = DIRECTION('',(1.,2.22044604925E-16,-0.));
#5630 = ADVANCED_FACE('',(#5631),#5656,.F.);
#5631 = FACE_BOUND('',#5632,.F.);
#5632 = EDGE_LOOP('',(#5633,#5641,#5642,#5650));
#5633 = ORIENTED_EDGE('',*,*,#5634,.F.);
#5634 = EDGE_CURVE('',#5152,#5635,#5637,.T.);
#5635 = VERTEX_POINT('',#5636);
#5636 = CARTESIAN_POINT('',(2.25,-0.43,0.825));
#5637 = LINE('',#5638,#5639);
#5638 = CARTESIAN_POINT('',(1.8,-0.43,0.825));
#5639 = VECTOR('',#5640,1.);
#5640 = DIRECTION('',(1.,2.22044604925E-16,0.));
#5641 = ORIENTED_EDGE('',*,*,#5151,.T.);
#5642 = ORIENTED_EDGE('',*,*,#5643,.T.);
#5643 = EDGE_CURVE('',#5144,#5644,#5646,.T.);
#5644 = VERTEX_POINT('',#5645);
#5645 = CARTESIAN_POINT('',(2.25,-0.84,0.825));
#5646 = LINE('',#5647,#5648);
#5647 = CARTESIAN_POINT('',(1.8,-0.84,0.825));
#5648 = VECTOR('',#5649,1.);
#5649 = DIRECTION('',(1.,2.22044604925E-16,0.));
#5650 = ORIENTED_EDGE('',*,*,#5651,.F.);
#5651 = EDGE_CURVE('',#5635,#5644,#5652,.T.);
#5652 = LINE('',#5653,#5654);
#5653 = CARTESIAN_POINT('',(2.25,-0.43,0.825));
#5654 = VECTOR('',#5655,1.);
#5655 = DIRECTION('',(2.22044604925E-16,-1.,0.));
#5656 = PLANE('',#5657);
#5657 = AXIS2_PLACEMENT_3D('',#5658,#5659,#5660);
#5658 = CARTESIAN_POINT('',(1.8,-0.43,0.825));
#5659 = DIRECTION('',(0.,0.,1.));
#5660 = DIRECTION('',(1.,2.22044604925E-16,-0.));
#5661 = ADVANCED_FACE('',(#5662),#5687,.F.);
#5662 = FACE_BOUND('',#5663,.F.);
#5663 = EDGE_LOOP('',(#5664,#5672,#5673,#5681));
#5664 = ORIENTED_EDGE('',*,*,#5665,.F.);
#5665 = EDGE_CURVE('',#5160,#5666,#5668,.T.);
#5666 = VERTEX_POINT('',#5667);
#5667 = CARTESIAN_POINT('',(1.95,0.43,1.025));
#5668 = LINE('',#5669,#5670);
#5669 = CARTESIAN_POINT('',(1.95,0.43,0.778829828783));
#5670 = VECTOR('',#5671,1.);
#5671 = DIRECTION('',(0.,0.,1.));
#5672 = ORIENTED_EDGE('',*,*,#5159,.T.);
#5673 = ORIENTED_EDGE('',*,*,#5674,.T.);
#5674 = EDGE_CURVE('',#5152,#5675,#5677,.T.);
#5675 = VERTEX_POINT('',#5676);
#5676 = CARTESIAN_POINT('',(1.95,-0.43,1.025));
#5677 = LINE('',#5678,#5679);
#5678 = CARTESIAN_POINT('',(1.95,-0.43,0.778829828783));
#5679 = VECTOR('',#5680,1.);
#5680 = DIRECTION('',(0.,0.,1.));
#5681 = ORIENTED_EDGE('',*,*,#5682,.F.);
#5682 = EDGE_CURVE('',#5666,#5675,#5683,.T.);
#5683 = LINE('',#5684,#5685);
#5684 = CARTESIAN_POINT('',(1.95,2.275,1.025));
#5685 = VECTOR('',#5686,1.);
#5686 = DIRECTION('',(2.22044604925E-16,-1.,0.));
#5687 = PLANE('',#5688);
#5688 = AXIS2_PLACEMENT_3D('',#5689,#5690,#5691);
#5689 = CARTESIAN_POINT('',(1.95,2.275,1.025));
#5690 = DIRECTION('',(-1.,-2.22044604925E-16,0.));
#5691 = DIRECTION('',(2.22044604925E-16,-1.,0.));
#5692 = ADVANCED_FACE('',(#5693),#5710,.F.);
#5693 = FACE_BOUND('',#5694,.F.);
#5694 = EDGE_LOOP('',(#5695,#5696,#5697,#5705));
#5695 = ORIENTED_EDGE('',*,*,#5467,.T.);
#5696 = ORIENTED_EDGE('',*,*,#5220,.T.);
#5697 = ORIENTED_EDGE('',*,*,#5698,.F.);
#5698 = EDGE_CURVE('',#5699,#5221,#5701,.T.);
#5699 = VERTEX_POINT('',#5700);
#5700 = CARTESIAN_POINT('',(1.775,2.45,1.025));
#5701 = LINE('',#5702,#5703);
#5702 = CARTESIAN_POINT('',(1.775,2.45,1.025));
#5703 = VECTOR('',#5704,1.);
#5704 = DIRECTION('',(0.707106781187,-0.707106781187,0.));
#5705 = ORIENTED_EDGE('',*,*,#5706,.F.);
#5706 = EDGE_CURVE('',#5468,#5699,#5707,.T.);
#5707 = B_SPLINE_CURVE_WITH_KNOTS('',1,(#5708,#5709),.UNSPECIFIED.,.F.,
  .F.,(2,2),(0.,1.),.PIECEWISE_BEZIER_KNOTS.);
#5708 = CARTESIAN_POINT('',(1.775,2.45,0.825));
#5709 = CARTESIAN_POINT('',(1.775,2.45,1.025));
#5710 = PLANE('',#5711);
#5711 = AXIS2_PLACEMENT_3D('',#5712,#5713,#5714);
#5712 = CARTESIAN_POINT('',(1.775,2.45,1.025));
#5713 = DIRECTION('',(-0.707106781187,-0.707106781187,0.));
#5714 = DIRECTION('',(0.707106781187,-0.707106781187,0.));
#5715 = ADVANCED_FACE('',(#5716),#5733,.F.);
#5716 = FACE_BOUND('',#5717,.F.);
#5717 = EDGE_LOOP('',(#5718,#5725,#5726,#5727));
#5718 = ORIENTED_EDGE('',*,*,#5719,.F.);
#5719 = EDGE_CURVE('',#5221,#5720,#5722,.T.);
#5720 = VERTEX_POINT('',#5721);
#5721 = CARTESIAN_POINT('',(1.875,2.2375,1.025));
#5722 = B_SPLINE_CURVE_WITH_KNOTS('',1,(#5723,#5724),.UNSPECIFIED.,.F.,
  .F.,(2,2),(0.,1.),.PIECEWISE_BEZIER_KNOTS.);
#5723 = CARTESIAN_POINT('',(1.95,2.275,1.025));
#5724 = CARTESIAN_POINT('',(1.875,2.2375,1.025));
#5725 = ORIENTED_EDGE('',*,*,#5229,.T.);
#5726 = ORIENTED_EDGE('',*,*,#5267,.T.);
#5727 = ORIENTED_EDGE('',*,*,#5728,.F.);
#5728 = EDGE_CURVE('',#5720,#5260,#5729,.T.);
#5729 = LINE('',#5730,#5731);
#5730 = CARTESIAN_POINT('',(1.875,2.2375,1.025));
#5731 = VECTOR('',#5732,1.);
#5732 = DIRECTION('',(2.22044604925E-16,-1.,0.));
#5733 = B_SPLINE_SURFACE_WITH_KNOTS('',1,1,(
    (#5734,#5735)
    ,(#5736,#5737
    )),.UNSPECIFIED.,.F.,.F.,.F.,(2,2),(2,2),(0.,4.55),(0.,1.),
  .PIECEWISE_BEZIER_KNOTS.);
#5734 = CARTESIAN_POINT('',(1.95,2.275,1.025));
#5735 = CARTESIAN_POINT('',(1.875,2.2375,1.025));
#5736 = CARTESIAN_POINT('',(1.95,-2.275,1.025));
#5737 = CARTESIAN_POINT('',(1.875,-2.2375,1.025));
#5738 = ADVANCED_FACE('',(#5739),#5819,.F.);
#5739 = FACE_BOUND('',#5740,.F.);
#5740 = EDGE_LOOP('',(#5741,#5742,#5743,#5751,#5759,#5767,#5775,#5783,
    #5791,#5799,#5806,#5814));
#5741 = ORIENTED_EDGE('',*,*,#5728,.T.);
#5742 = ORIENTED_EDGE('',*,*,#5259,.T.);
#5743 = ORIENTED_EDGE('',*,*,#5744,.T.);
#5744 = EDGE_CURVE('',#5252,#5745,#5747,.T.);
#5745 = VERTEX_POINT('',#5746);
#5746 = CARTESIAN_POINT('',(1.875,0.84,1.025));
#5747 = LINE('',#5748,#5749);
#5748 = CARTESIAN_POINT('',(1.875,2.2375,1.025));
#5749 = VECTOR('',#5750,1.);
#5750 = DIRECTION('',(2.22044604925E-16,-1.,0.));
#5751 = ORIENTED_EDGE('',*,*,#5752,.T.);
#5752 = EDGE_CURVE('',#5745,#5753,#5755,.T.);
#5753 = VERTEX_POINT('',#5754);
#5754 = CARTESIAN_POINT('',(1.875,0.43,1.025));
#5755 = LINE('',#5756,#5757);
#5756 = CARTESIAN_POINT('',(1.875,2.2375,1.025));
#5757 = VECTOR('',#5758,1.);
#5758 = DIRECTION('',(2.22044604925E-16,-1.,0.));
#5759 = ORIENTED_EDGE('',*,*,#5760,.T.);
#5760 = EDGE_CURVE('',#5753,#5761,#5763,.T.);
#5761 = VERTEX_POINT('',#5762);
#5762 = CARTESIAN_POINT('',(1.875,-0.43,1.025));
#5763 = LINE('',#5764,#5765);
#5764 = CARTESIAN_POINT('',(1.875,2.2375,1.025));
#5765 = VECTOR('',#5766,1.);
#5766 = DIRECTION('',(2.22044604925E-16,-1.,0.));
#5767 = ORIENTED_EDGE('',*,*,#5768,.T.);
#5768 = EDGE_CURVE('',#5761,#5769,#5771,.T.);
#5769 = VERTEX_POINT('',#5770);
#5770 = CARTESIAN_POINT('',(1.875,-0.84,1.025));
#5771 = LINE('',#5772,#5773);
#5772 = CARTESIAN_POINT('',(1.875,2.2375,1.025));
#5773 = VECTOR('',#5774,1.);
#5774 = DIRECTION('',(2.22044604925E-16,-1.,0.));
#5775 = ORIENTED_EDGE('',*,*,#5776,.T.);
#5776 = EDGE_CURVE('',#5769,#5777,#5779,.T.);
#5777 = VERTEX_POINT('',#5778);
#5778 = CARTESIAN_POINT('',(1.875,-1.7,1.025));
#5779 = LINE('',#5780,#5781);
#5780 = CARTESIAN_POINT('',(1.875,2.2375,1.025));
#5781 = VECTOR('',#5782,1.);
#5782 = DIRECTION('',(2.22044604925E-16,-1.,0.));
#5783 = ORIENTED_EDGE('',*,*,#5784,.T.);
#5784 = EDGE_CURVE('',#5777,#5785,#5787,.T.);
#5785 = VERTEX_POINT('',#5786);
#5786 = CARTESIAN_POINT('',(1.875,-2.11,1.025));
#5787 = LINE('',#5788,#5789);
#5788 = CARTESIAN_POINT('',(1.875,2.2375,1.025));
#5789 = VECTOR('',#5790,1.);
#5790 = DIRECTION('',(2.22044604925E-16,-1.,0.));
#5791 = ORIENTED_EDGE('',*,*,#5792,.T.);
#5792 = EDGE_CURVE('',#5785,#5793,#5795,.T.);
#5793 = VERTEX_POINT('',#5794);
#5794 = CARTESIAN_POINT('',(1.875,-2.2375,1.025));
#5795 = LINE('',#5796,#5797);
#5796 = CARTESIAN_POINT('',(1.875,2.2375,1.025));
#5797 = VECTOR('',#5798,1.);
#5798 = DIRECTION('',(2.22044604925E-16,-1.,0.));
#5799 = ORIENTED_EDGE('',*,*,#5800,.T.);
#5800 = EDGE_CURVE('',#5793,#5801,#5803,.T.);
#5801 = VERTEX_POINT('',#5802);
#5802 = CARTESIAN_POINT('',(1.760171280765,-2.180085640382,1.75));
#5803 = B_SPLINE_CURVE_WITH_KNOTS('',1,(#5804,#5805),.UNSPECIFIED.,.F.,
  .F.,(2,2),(0.,1.),.PIECEWISE_BEZIER_KNOTS.);
#5804 = CARTESIAN_POINT('',(1.875,-2.2375,1.025));
#5805 = CARTESIAN_POINT('',(1.760171280765,-2.180085640382,1.75));
#5806 = ORIENTED_EDGE('',*,*,#5807,.F.);
#5807 = EDGE_CURVE('',#5808,#5801,#5810,.T.);
#5808 = VERTEX_POINT('',#5809);
#5809 = CARTESIAN_POINT('',(1.760171280765,2.180085640382,1.75));
#5810 = LINE('',#5811,#5812);
#5811 = CARTESIAN_POINT('',(1.760171280765,2.180085640382,1.75));
#5812 = VECTOR('',#5813,1.);
#5813 = DIRECTION('',(2.22044604925E-16,-1.,0.));
#5814 = ORIENTED_EDGE('',*,*,#5815,.F.);
#5815 = EDGE_CURVE('',#5720,#5808,#5816,.T.);
#5816 = B_SPLINE_CURVE_WITH_KNOTS('',1,(#5817,#5818),.UNSPECIFIED.,.F.,
  .F.,(2,2),(0.,1.),.PIECEWISE_BEZIER_KNOTS.);
#5817 = CARTESIAN_POINT('',(1.875,2.2375,1.025));
#5818 = CARTESIAN_POINT('',(1.760171280765,2.180085640382,1.75));
#5819 = B_SPLINE_SURFACE_WITH_KNOTS('',1,1,(
    (#5820,#5821)
    ,(#5822,#5823
    )),.UNSPECIFIED.,.F.,.F.,.F.,(2,2),(2,2),(0.,4.475),(0.,1.),
  .PIECEWISE_BEZIER_KNOTS.);
#5820 = CARTESIAN_POINT('',(1.875,2.2375,1.025));
#5821 = CARTESIAN_POINT('',(1.760171280765,2.180085640382,1.75));
#5822 = CARTESIAN_POINT('',(1.875,-2.2375,1.025));
#5823 = CARTESIAN_POINT('',(1.760171280765,-2.180085640382,1.75));
#5824 = ADVANCED_FACE('',(#5825),#5836,.F.);
#5825 = FACE_BOUND('',#5826,.F.);
#5826 = EDGE_LOOP('',(#5827,#5828,#5829,#5835));
#5827 = ORIENTED_EDGE('',*,*,#5251,.F.);
#5828 = ORIENTED_EDGE('',*,*,#5388,.T.);
#5829 = ORIENTED_EDGE('',*,*,#5830,.T.);
#5830 = EDGE_CURVE('',#5381,#5745,#5831,.T.);
#5831 = LINE('',#5832,#5833);
#5832 = CARTESIAN_POINT('',(2.25,0.84,1.025));
#5833 = VECTOR('',#5834,1.);
#5834 = DIRECTION('',(-1.,-2.22044604925E-16,0.));
#5835 = ORIENTED_EDGE('',*,*,#5744,.F.);
#5836 = B_SPLINE_SURFACE_WITH_KNOTS('',1,1,(
    (#5837,#5838)
    ,(#5839,#5840
    )),.UNSPECIFIED.,.F.,.F.,.F.,(2,2),(2,2),(0.,4.55),(0.,1.),
  .PIECEWISE_BEZIER_KNOTS.);
#5837 = CARTESIAN_POINT('',(1.95,2.275,1.025));
#5838 = CARTESIAN_POINT('',(1.875,2.2375,1.025));
#5839 = CARTESIAN_POINT('',(1.95,-2.275,1.025));
#5840 = CARTESIAN_POINT('',(1.875,-2.2375,1.025));
#5841 = ADVANCED_FACE('',(#5842),#5928,.F.);
#5842 = FACE_BOUND('',#5843,.F.);
#5843 = EDGE_LOOP('',(#5844,#5845,#5846,#5855,#5863,#5872,#5880,#5888,
    #5896,#5905,#5913,#5922));
#5844 = ORIENTED_EDGE('',*,*,#5380,.F.);
#5845 = ORIENTED_EDGE('',*,*,#5603,.T.);
#5846 = ORIENTED_EDGE('',*,*,#5847,.T.);
#5847 = EDGE_CURVE('',#5604,#5848,#5850,.T.);
#5848 = VERTEX_POINT('',#5849);
#5849 = CARTESIAN_POINT('',(2.35,0.84,0.725));
#5850 = CIRCLE('',#5851,0.1);
#5851 = AXIS2_PLACEMENT_3D('',#5852,#5853,#5854);
#5852 = CARTESIAN_POINT('',(2.25,0.84,0.725));
#5853 = DIRECTION('',(-2.22044604925E-16,1.,0.));
#5854 = DIRECTION('',(4.440892098501E-15,9.860761315262E-31,1.));
#5855 = ORIENTED_EDGE('',*,*,#5856,.T.);
#5856 = EDGE_CURVE('',#5848,#5857,#5859,.T.);
#5857 = VERTEX_POINT('',#5858);
#5858 = CARTESIAN_POINT('',(2.35,0.84,0.3));
#5859 = LINE('',#5860,#5861);
#5860 = CARTESIAN_POINT('',(2.35,0.84,0.725));
#5861 = VECTOR('',#5862,1.);
#5862 = DIRECTION('',(1.044915787883E-15,2.320179133003E-31,-1.));
#5863 = ORIENTED_EDGE('',*,*,#5864,.T.);
#5864 = EDGE_CURVE('',#5857,#5865,#5867,.T.);
#5865 = VERTEX_POINT('',#5866);
#5866 = CARTESIAN_POINT('',(2.65,0.84,5.551115123126E-17));
#5867 = CIRCLE('',#5868,0.3);
#5868 = AXIS2_PLACEMENT_3D('',#5869,#5870,#5871);
#5869 = CARTESIAN_POINT('',(2.65,0.84,0.3));
#5870 = DIRECTION('',(2.22044604925E-16,-1.,0.));
#5871 = DIRECTION('',(-1.,-2.22044604925E-16,3.515706244646E-15));
#5872 = ORIENTED_EDGE('',*,*,#5873,.T.);
#5873 = EDGE_CURVE('',#5865,#5874,#5876,.T.);
#5874 = VERTEX_POINT('',#5875);
#5875 = CARTESIAN_POINT('',(3.,0.84,5.551115123126E-17));
#5876 = LINE('',#5877,#5878);
#5877 = CARTESIAN_POINT('',(2.65,0.84,5.551115123126E-17));
#5878 = VECTOR('',#5879,1.);
#5879 = DIRECTION('',(1.,2.22044604925E-16,0.));
#5880 = ORIENTED_EDGE('',*,*,#5881,.T.);
#5881 = EDGE_CURVE('',#5874,#5882,#5884,.T.);
#5882 = VERTEX_POINT('',#5883);
#5883 = CARTESIAN_POINT('',(3.,0.84,0.2));
#5884 = LINE('',#5885,#5886);
#5885 = CARTESIAN_POINT('',(3.,0.84,5.551115123126E-17));
#5886 = VECTOR('',#5887,1.);
#5887 = DIRECTION('',(0.,0.,1.));
#5888 = ORIENTED_EDGE('',*,*,#5889,.T.);
#5889 = EDGE_CURVE('',#5882,#5890,#5892,.T.);
#5890 = VERTEX_POINT('',#5891);
#5891 = CARTESIAN_POINT('',(2.65,0.84,0.2));
#5892 = LINE('',#5893,#5894);
#5893 = CARTESIAN_POINT('',(3.,0.84,0.2));
#5894 = VECTOR('',#5895,1.);
#5895 = DIRECTION('',(-1.,-2.22044604925E-16,0.));
#5896 = ORIENTED_EDGE('',*,*,#5897,.T.);
#5897 = EDGE_CURVE('',#5890,#5898,#5900,.T.);
#5898 = VERTEX_POINT('',#5899);
#5899 = CARTESIAN_POINT('',(2.55,0.84,0.3));
#5900 = CIRCLE('',#5901,0.1);
#5901 = AXIS2_PLACEMENT_3D('',#5902,#5903,#5904);
#5902 = CARTESIAN_POINT('',(2.65,0.84,0.3));
#5903 = DIRECTION('',(-2.22044604925E-16,1.,0.));
#5904 = DIRECTION('',(0.,0.,-1.));
#5905 = ORIENTED_EDGE('',*,*,#5906,.T.);
#5906 = EDGE_CURVE('',#5898,#5907,#5909,.T.);
#5907 = VERTEX_POINT('',#5908);
#5908 = CARTESIAN_POINT('',(2.55,0.84,0.725));
#5909 = LINE('',#5910,#5911);
#5910 = CARTESIAN_POINT('',(2.55,0.84,0.3));
#5911 = VECTOR('',#5912,1.);
#5912 = DIRECTION('',(0.,0.,1.));
#5913 = ORIENTED_EDGE('',*,*,#5914,.T.);
#5914 = EDGE_CURVE('',#5907,#5915,#5917,.T.);
#5915 = VERTEX_POINT('',#5916);
#5916 = CARTESIAN_POINT('',(2.25,0.84,1.025));
#5917 = CIRCLE('',#5918,0.3);
#5918 = AXIS2_PLACEMENT_3D('',#5919,#5920,#5921);
#5919 = CARTESIAN_POINT('',(2.25,0.84,0.725));
#5920 = DIRECTION('',(2.22044604925E-16,-1.,0.));
#5921 = DIRECTION('',(1.,2.22044604925E-16,3.700743415417E-16));
#5922 = ORIENTED_EDGE('',*,*,#5923,.T.);
#5923 = EDGE_CURVE('',#5915,#5381,#5924,.T.);
#5924 = LINE('',#5925,#5926);
#5925 = CARTESIAN_POINT('',(2.25,0.84,1.025));
#5926 = VECTOR('',#5927,1.);
#5927 = DIRECTION('',(-1.,-2.22044604925E-16,0.));
#5928 = PLANE('',#5929);
#5929 = AXIS2_PLACEMENT_3D('',#5930,#5931,#5932);
#5930 = CARTESIAN_POINT('',(2.41578967201,0.84,0.532659657565));
#5931 = DIRECTION('',(2.22044604925E-16,-1.,0.));
#5932 = DIRECTION('',(0.,0.,1.));
#5933 = ADVANCED_FACE('',(#5934),#5951,.F.);
#5934 = FACE_BOUND('',#5935,.F.);
#5935 = EDGE_LOOP('',(#5936,#5937,#5938,#5946));
#5936 = ORIENTED_EDGE('',*,*,#5402,.T.);
#5937 = ORIENTED_EDGE('',*,*,#5475,.T.);
#5938 = ORIENTED_EDGE('',*,*,#5939,.F.);
#5939 = EDGE_CURVE('',#5940,#5468,#5942,.T.);
#5940 = VERTEX_POINT('',#5941);
#5941 = CARTESIAN_POINT('',(-1.775,2.45,0.825));
#5942 = LINE('',#5943,#5944);
#5943 = CARTESIAN_POINT('',(-1.775,2.45,0.825));
#5944 = VECTOR('',#5945,1.);
#5945 = DIRECTION('',(1.,2.22044604925E-16,0.));
#5946 = ORIENTED_EDGE('',*,*,#5947,.F.);
#5947 = EDGE_CURVE('',#5403,#5940,#5948,.T.);
#5948 = B_SPLINE_CURVE_WITH_KNOTS('',1,(#5949,#5950),.UNSPECIFIED.,.F.,
  .F.,(2,2),(0.,1.),.PIECEWISE_BEZIER_KNOTS.);
#5949 = CARTESIAN_POINT('',(-1.717585640382,2.335171280765,0.1));
#5950 = CARTESIAN_POINT('',(-1.775,2.45,0.825));
#5951 = B_SPLINE_SURFACE_WITH_KNOTS('',1,1,(
    (#5952,#5953)
    ,(#5954,#5955
    )),.UNSPECIFIED.,.F.,.F.,.F.,(2,2),(2,2),(0.,3.55),(0.,1.),
  .PIECEWISE_BEZIER_KNOTS.);
#5952 = CARTESIAN_POINT('',(-1.717585640382,2.335171280765,0.1));
#5953 = CARTESIAN_POINT('',(-1.775,2.45,0.825));
#5954 = CARTESIAN_POINT('',(1.717585640382,2.335171280765,0.1));
#5955 = CARTESIAN_POINT('',(1.775,2.45,0.825));
#5956 = ADVANCED_FACE('',(#5957),#5974,.F.);
#5957 = FACE_BOUND('',#5958,.F.);
#5958 = EDGE_LOOP('',(#5959,#5960,#5967,#5973));
#5959 = ORIENTED_EDGE('',*,*,#5427,.T.);
#5960 = ORIENTED_EDGE('',*,*,#5961,.T.);
#5961 = EDGE_CURVE('',#5428,#5962,#5964,.T.);
#5962 = VERTEX_POINT('',#5963);
#5963 = CARTESIAN_POINT('',(-1.775,-2.45,0.825));
#5964 = B_SPLINE_CURVE_WITH_KNOTS('',1,(#5965,#5966),.UNSPECIFIED.,.F.,
  .F.,(2,2),(0.,1.),.PIECEWISE_BEZIER_KNOTS.);
#5965 = CARTESIAN_POINT('',(-1.717585640382,-2.335171280765,0.1));
#5966 = CARTESIAN_POINT('',(-1.775,-2.45,0.825));
#5967 = ORIENTED_EDGE('',*,*,#5968,.F.);
#5968 = EDGE_CURVE('',#5490,#5962,#5969,.T.);
#5969 = LINE('',#5970,#5971);
#5970 = CARTESIAN_POINT('',(1.775,-2.45,0.825));
#5971 = VECTOR('',#5972,1.);
#5972 = DIRECTION('',(-1.,-2.22044604925E-16,0.));
#5973 = ORIENTED_EDGE('',*,*,#5489,.F.);
#5974 = B_SPLINE_SURFACE_WITH_KNOTS('',1,1,(
    (#5975,#5976)
    ,(#5977,#5978
    )),.UNSPECIFIED.,.F.,.F.,.F.,(2,2),(2,2),(0.,3.55),(0.,1.),
  .PIECEWISE_BEZIER_KNOTS.);
#5975 = CARTESIAN_POINT('',(1.717585640382,-2.335171280765,0.1));
#5976 = CARTESIAN_POINT('',(1.775,-2.45,0.825));
#5977 = CARTESIAN_POINT('',(-1.717585640382,-2.335171280765,0.1));
#5978 = CARTESIAN_POINT('',(-1.775,-2.45,0.825));
#5979 = ADVANCED_FACE('',(#5980),#5997,.F.);
#5980 = FACE_BOUND('',#5981,.F.);
#5981 = EDGE_LOOP('',(#5982,#5983,#5990,#5996));
#5982 = ORIENTED_EDGE('',*,*,#5435,.T.);
#5983 = ORIENTED_EDGE('',*,*,#5984,.T.);
#5984 = EDGE_CURVE('',#5436,#5985,#5987,.T.);
#5985 = VERTEX_POINT('',#5986);
#5986 = CARTESIAN_POINT('',(-1.95,-2.275,0.825));
#5987 = B_SPLINE_CURVE_WITH_KNOTS('',1,(#5988,#5989),.UNSPECIFIED.,.F.,
  .F.,(2,2),(0.,1.),.PIECEWISE_BEZIER_KNOTS.);
#5988 = CARTESIAN_POINT('',(-1.835171280765,-2.217585640382,0.1));
#5989 = CARTESIAN_POINT('',(-1.95,-2.275,0.825));
#5990 = ORIENTED_EDGE('',*,*,#5991,.F.);
#5991 = EDGE_CURVE('',#5962,#5985,#5992,.T.);
#5992 = LINE('',#5993,#5994);
#5993 = CARTESIAN_POINT('',(-1.775,-2.45,0.825));
#5994 = VECTOR('',#5995,1.);
#5995 = DIRECTION('',(-0.707106781187,0.707106781187,0.));
#5996 = ORIENTED_EDGE('',*,*,#5961,.F.);
#5997 = B_SPLINE_SURFACE_WITH_KNOTS('',1,1,(
    (#5998,#5999)
    ,(#6000,#6001
    )),.UNSPECIFIED.,.F.,.F.,.F.,(2,2),(2,2),(0.,0.247487373415),(0.,1.)
  ,.PIECEWISE_BEZIER_KNOTS.);
#5998 = CARTESIAN_POINT('',(-1.717585640382,-2.335171280765,0.1));
#5999 = CARTESIAN_POINT('',(-1.775,-2.45,0.825));
#6000 = CARTESIAN_POINT('',(-1.835171280765,-2.217585640382,0.1));
#6001 = CARTESIAN_POINT('',(-1.95,-2.275,0.825));
#6002 = ADVANCED_FACE('',(#6003),#6084,.F.);
#6003 = FACE_BOUND('',#6004,.F.);
#6004 = EDGE_LOOP('',(#6005,#6006,#6013,#6021,#6029,#6037,#6045,#6053,
    #6061,#6069,#6077,#6083));
#6005 = ORIENTED_EDGE('',*,*,#5443,.T.);
#6006 = ORIENTED_EDGE('',*,*,#6007,.T.);
#6007 = EDGE_CURVE('',#5444,#6008,#6010,.T.);
#6008 = VERTEX_POINT('',#6009);
#6009 = CARTESIAN_POINT('',(-1.95,2.275,0.825));
#6010 = B_SPLINE_CURVE_WITH_KNOTS('',1,(#6011,#6012),.UNSPECIFIED.,.F.,
  .F.,(2,2),(0.,1.),.PIECEWISE_BEZIER_KNOTS.);
#6011 = CARTESIAN_POINT('',(-1.835171280765,2.217585640382,0.1));
#6012 = CARTESIAN_POINT('',(-1.95,2.275,0.825));
#6013 = ORIENTED_EDGE('',*,*,#6014,.F.);
#6014 = EDGE_CURVE('',#6015,#6008,#6017,.T.);
#6015 = VERTEX_POINT('',#6016);
#6016 = CARTESIAN_POINT('',(-1.95,2.11,0.825));
#6017 = LINE('',#6018,#6019);
#6018 = CARTESIAN_POINT('',(-1.95,-2.275,0.825));
#6019 = VECTOR('',#6020,1.);
#6020 = DIRECTION('',(-2.22044604925E-16,1.,0.));
#6021 = ORIENTED_EDGE('',*,*,#6022,.F.);
#6022 = EDGE_CURVE('',#6023,#6015,#6025,.T.);
#6023 = VERTEX_POINT('',#6024);
#6024 = CARTESIAN_POINT('',(-1.95,1.7,0.825));
#6025 = LINE('',#6026,#6027);
#6026 = CARTESIAN_POINT('',(-1.95,-2.275,0.825));
#6027 = VECTOR('',#6028,1.);
#6028 = DIRECTION('',(-2.22044604925E-16,1.,0.));
#6029 = ORIENTED_EDGE('',*,*,#6030,.F.);
#6030 = EDGE_CURVE('',#6031,#6023,#6033,.T.);
#6031 = VERTEX_POINT('',#6032);
#6032 = CARTESIAN_POINT('',(-1.95,0.84,0.825));
#6033 = LINE('',#6034,#6035);
#6034 = CARTESIAN_POINT('',(-1.95,-2.275,0.825));
#6035 = VECTOR('',#6036,1.);
#6036 = DIRECTION('',(-2.22044604925E-16,1.,0.));
#6037 = ORIENTED_EDGE('',*,*,#6038,.F.);
#6038 = EDGE_CURVE('',#6039,#6031,#6041,.T.);
#6039 = VERTEX_POINT('',#6040);
#6040 = CARTESIAN_POINT('',(-1.95,0.43,0.825));
#6041 = LINE('',#6042,#6043);
#6042 = CARTESIAN_POINT('',(-1.95,-2.275,0.825));
#6043 = VECTOR('',#6044,1.);
#6044 = DIRECTION('',(-2.22044604925E-16,1.,0.));
#6045 = ORIENTED_EDGE('',*,*,#6046,.F.);
#6046 = EDGE_CURVE('',#6047,#6039,#6049,.T.);
#6047 = VERTEX_POINT('',#6048);
#6048 = CARTESIAN_POINT('',(-1.95,-0.43,0.825));
#6049 = LINE('',#6050,#6051);
#6050 = CARTESIAN_POINT('',(-1.95,-2.275,0.825));
#6051 = VECTOR('',#6052,1.);
#6052 = DIRECTION('',(-2.22044604925E-16,1.,0.));
#6053 = ORIENTED_EDGE('',*,*,#6054,.F.);
#6054 = EDGE_CURVE('',#6055,#6047,#6057,.T.);
#6055 = VERTEX_POINT('',#6056);
#6056 = CARTESIAN_POINT('',(-1.95,-0.84,0.825));
#6057 = LINE('',#6058,#6059);
#6058 = CARTESIAN_POINT('',(-1.95,-2.275,0.825));
#6059 = VECTOR('',#6060,1.);
#6060 = DIRECTION('',(-2.22044604925E-16,1.,0.));
#6061 = ORIENTED_EDGE('',*,*,#6062,.F.);
#6062 = EDGE_CURVE('',#6063,#6055,#6065,.T.);
#6063 = VERTEX_POINT('',#6064);
#6064 = CARTESIAN_POINT('',(-1.95,-1.7,0.825));
#6065 = LINE('',#6066,#6067);
#6066 = CARTESIAN_POINT('',(-1.95,-2.275,0.825));
#6067 = VECTOR('',#6068,1.);
#6068 = DIRECTION('',(-2.22044604925E-16,1.,0.));
#6069 = ORIENTED_EDGE('',*,*,#6070,.F.);
#6070 = EDGE_CURVE('',#6071,#6063,#6073,.T.);
#6071 = VERTEX_POINT('',#6072);
#6072 = CARTESIAN_POINT('',(-1.95,-2.11,0.825));
#6073 = LINE('',#6074,#6075);
#6074 = CARTESIAN_POINT('',(-1.95,-2.275,0.825));
#6075 = VECTOR('',#6076,1.);
#6076 = DIRECTION('',(-2.22044604925E-16,1.,0.));
#6077 = ORIENTED_EDGE('',*,*,#6078,.F.);
#6078 = EDGE_CURVE('',#5985,#6071,#6079,.T.);
#6079 = LINE('',#6080,#6081);
#6080 = CARTESIAN_POINT('',(-1.95,-2.275,0.825));
#6081 = VECTOR('',#6082,1.);
#6082 = DIRECTION('',(-2.22044604925E-16,1.,0.));
#6083 = ORIENTED_EDGE('',*,*,#5984,.F.);
#6084 = B_SPLINE_SURFACE_WITH_KNOTS('',1,1,(
    (#6085,#6086)
    ,(#6087,#6088
    )),.UNSPECIFIED.,.F.,.F.,.F.,(2,2),(2,2),(0.,4.55),(0.,1.),
  .PIECEWISE_BEZIER_KNOTS.);
#6085 = CARTESIAN_POINT('',(-1.835171280765,-2.217585640382,0.1));
#6086 = CARTESIAN_POINT('',(-1.95,-2.275,0.825));
#6087 = CARTESIAN_POINT('',(-1.835171280765,2.217585640382,0.1));
#6088 = CARTESIAN_POINT('',(-1.95,2.275,0.825));
#6089 = ADVANCED_FACE('',(#6090),#6101,.F.);
#6090 = FACE_BOUND('',#6091,.F.);
#6091 = EDGE_LOOP('',(#6092,#6093,#6094,#6100));
#6092 = ORIENTED_EDGE('',*,*,#5451,.T.);
#6093 = ORIENTED_EDGE('',*,*,#5947,.T.);
#6094 = ORIENTED_EDGE('',*,*,#6095,.F.);
#6095 = EDGE_CURVE('',#6008,#5940,#6096,.T.);
#6096 = LINE('',#6097,#6098);
#6097 = CARTESIAN_POINT('',(-1.95,2.275,0.825));
#6098 = VECTOR('',#6099,1.);
#6099 = DIRECTION('',(0.707106781187,0.707106781187,0.));
#6100 = ORIENTED_EDGE('',*,*,#6007,.F.);
#6101 = B_SPLINE_SURFACE_WITH_KNOTS('',1,1,(
    (#6102,#6103)
    ,(#6104,#6105
    )),.UNSPECIFIED.,.F.,.F.,.F.,(2,2),(2,2),(0.,0.247487373415),(0.,1.)
  ,.PIECEWISE_BEZIER_KNOTS.);
#6102 = CARTESIAN_POINT('',(-1.835171280765,2.217585640382,0.1));
#6103 = CARTESIAN_POINT('',(-1.95,2.275,0.825));
#6104 = CARTESIAN_POINT('',(-1.717585640382,2.335171280765,0.1));
#6105 = CARTESIAN_POINT('',(-1.775,2.45,0.825));
#6106 = ADVANCED_FACE('',(#6107),#6124,.F.);
#6107 = FACE_BOUND('',#6108,.F.);
#6108 = EDGE_LOOP('',(#6109,#6110,#6117,#6123));
#6109 = ORIENTED_EDGE('',*,*,#5496,.T.);
#6110 = ORIENTED_EDGE('',*,*,#6111,.T.);
#6111 = EDGE_CURVE('',#5490,#6112,#6114,.T.);
#6112 = VERTEX_POINT('',#6113);
#6113 = CARTESIAN_POINT('',(1.775,-2.45,1.025));
#6114 = B_SPLINE_CURVE_WITH_KNOTS('',1,(#6115,#6116),.UNSPECIFIED.,.F.,
  .F.,(2,2),(0.,1.),.PIECEWISE_BEZIER_KNOTS.);
#6115 = CARTESIAN_POINT('',(1.775,-2.45,0.825));
#6116 = CARTESIAN_POINT('',(1.775,-2.45,1.025));
#6117 = ORIENTED_EDGE('',*,*,#6118,.F.);
#6118 = EDGE_CURVE('',#5521,#6112,#6119,.T.);
#6119 = LINE('',#6120,#6121);
#6120 = CARTESIAN_POINT('',(1.95,-2.275,1.025));
#6121 = VECTOR('',#6122,1.);
#6122 = DIRECTION('',(-0.707106781187,-0.707106781187,0.));
#6123 = ORIENTED_EDGE('',*,*,#5520,.F.);
#6124 = PLANE('',#6125);
#6125 = AXIS2_PLACEMENT_3D('',#6126,#6127,#6128);
#6126 = CARTESIAN_POINT('',(1.95,-2.275,1.025));
#6127 = DIRECTION('',(-0.707106781187,0.707106781187,0.));
#6128 = DIRECTION('',(-0.707106781187,-0.707106781187,0.));
#6129 = ADVANCED_FACE('',(#6130),#6216,.T.);
#6130 = FACE_BOUND('',#6131,.T.);
#6131 = EDGE_LOOP('',(#6132,#6133,#6134,#6143,#6151,#6160,#6168,#6176,
    #6184,#6193,#6201,#6210));
#6132 = ORIENTED_EDGE('',*,*,#5511,.F.);
#6133 = ORIENTED_EDGE('',*,*,#5550,.T.);
#6134 = ORIENTED_EDGE('',*,*,#6135,.T.);
#6135 = EDGE_CURVE('',#5551,#6136,#6138,.T.);
#6136 = VERTEX_POINT('',#6137);
#6137 = CARTESIAN_POINT('',(2.35,-2.11,0.725));
#6138 = CIRCLE('',#6139,0.1);
#6139 = AXIS2_PLACEMENT_3D('',#6140,#6141,#6142);
#6140 = CARTESIAN_POINT('',(2.25,-2.11,0.725));
#6141 = DIRECTION('',(-2.22044604925E-16,1.,0.));
#6142 = DIRECTION('',(4.440892098501E-15,9.860761315262E-31,1.));
#6143 = ORIENTED_EDGE('',*,*,#6144,.T.);
#6144 = EDGE_CURVE('',#6136,#6145,#6147,.T.);
#6145 = VERTEX_POINT('',#6146);
#6146 = CARTESIAN_POINT('',(2.35,-2.11,0.3));
#6147 = LINE('',#6148,#6149);
#6148 = CARTESIAN_POINT('',(2.35,-2.11,0.725));
#6149 = VECTOR('',#6150,1.);
#6150 = DIRECTION('',(1.044915787883E-15,2.320179133003E-31,-1.));
#6151 = ORIENTED_EDGE('',*,*,#6152,.T.);
#6152 = EDGE_CURVE('',#6145,#6153,#6155,.T.);
#6153 = VERTEX_POINT('',#6154);
#6154 = CARTESIAN_POINT('',(2.65,-2.11,5.551115123126E-17));
#6155 = CIRCLE('',#6156,0.3);
#6156 = AXIS2_PLACEMENT_3D('',#6157,#6158,#6159);
#6157 = CARTESIAN_POINT('',(2.65,-2.11,0.3));
#6158 = DIRECTION('',(2.22044604925E-16,-1.,0.));
#6159 = DIRECTION('',(-1.,-2.22044604925E-16,3.515706244646E-15));
#6160 = ORIENTED_EDGE('',*,*,#6161,.T.);
#6161 = EDGE_CURVE('',#6153,#6162,#6164,.T.);
#6162 = VERTEX_POINT('',#6163);
#6163 = CARTESIAN_POINT('',(3.,-2.11,5.551115123126E-17));
#6164 = LINE('',#6165,#6166);
#6165 = CARTESIAN_POINT('',(2.65,-2.11,5.551115123126E-17));
#6166 = VECTOR('',#6167,1.);
#6167 = DIRECTION('',(1.,2.22044604925E-16,0.));
#6168 = ORIENTED_EDGE('',*,*,#6169,.T.);
#6169 = EDGE_CURVE('',#6162,#6170,#6172,.T.);
#6170 = VERTEX_POINT('',#6171);
#6171 = CARTESIAN_POINT('',(3.,-2.11,0.2));
#6172 = LINE('',#6173,#6174);
#6173 = CARTESIAN_POINT('',(3.,-2.11,5.551115123126E-17));
#6174 = VECTOR('',#6175,1.);
#6175 = DIRECTION('',(0.,0.,1.));
#6176 = ORIENTED_EDGE('',*,*,#6177,.T.);
#6177 = EDGE_CURVE('',#6170,#6178,#6180,.T.);
#6178 = VERTEX_POINT('',#6179);
#6179 = CARTESIAN_POINT('',(2.65,-2.11,0.2));
#6180 = LINE('',#6181,#6182);
#6181 = CARTESIAN_POINT('',(3.,-2.11,0.2));
#6182 = VECTOR('',#6183,1.);
#6183 = DIRECTION('',(-1.,-2.22044604925E-16,0.));
#6184 = ORIENTED_EDGE('',*,*,#6185,.T.);
#6185 = EDGE_CURVE('',#6178,#6186,#6188,.T.);
#6186 = VERTEX_POINT('',#6187);
#6187 = CARTESIAN_POINT('',(2.55,-2.11,0.3));
#6188 = CIRCLE('',#6189,0.1);
#6189 = AXIS2_PLACEMENT_3D('',#6190,#6191,#6192);
#6190 = CARTESIAN_POINT('',(2.65,-2.11,0.3));
#6191 = DIRECTION('',(-2.22044604925E-16,1.,0.));
#6192 = DIRECTION('',(0.,0.,-1.));
#6193 = ORIENTED_EDGE('',*,*,#6194,.T.);
#6194 = EDGE_CURVE('',#6186,#6195,#6197,.T.);
#6195 = VERTEX_POINT('',#6196);
#6196 = CARTESIAN_POINT('',(2.55,-2.11,0.725));
#6197 = LINE('',#6198,#6199);
#6198 = CARTESIAN_POINT('',(2.55,-2.11,0.3));
#6199 = VECTOR('',#6200,1.);
#6200 = DIRECTION('',(0.,0.,1.));
#6201 = ORIENTED_EDGE('',*,*,#6202,.T.);
#6202 = EDGE_CURVE('',#6195,#6203,#6205,.T.);
#6203 = VERTEX_POINT('',#6204);
#6204 = CARTESIAN_POINT('',(2.25,-2.11,1.025));
#6205 = CIRCLE('',#6206,0.3);
#6206 = AXIS2_PLACEMENT_3D('',#6207,#6208,#6209);
#6207 = CARTESIAN_POINT('',(2.25,-2.11,0.725));
#6208 = DIRECTION('',(2.22044604925E-16,-1.,0.));
#6209 = DIRECTION('',(1.,2.22044604925E-16,3.700743415417E-16));
#6210 = ORIENTED_EDGE('',*,*,#6211,.T.);
#6211 = EDGE_CURVE('',#6203,#5512,#6212,.T.);
#6212 = LINE('',#6213,#6214);
#6213 = CARTESIAN_POINT('',(2.25,-2.11,1.025));
#6214 = VECTOR('',#6215,1.);
#6215 = DIRECTION('',(-1.,-2.22044604925E-16,0.));
#6216 = PLANE('',#6217);
#6217 = AXIS2_PLACEMENT_3D('',#6218,#6219,#6220);
#6218 = CARTESIAN_POINT('',(2.41578967201,-2.11,0.532659657565));
#6219 = DIRECTION('',(2.22044604925E-16,-1.,0.));
#6220 = DIRECTION('',(0.,0.,1.));
#6221 = ADVANCED_FACE('',(#6222),#6237,.F.);
#6222 = FACE_BOUND('',#6223,.F.);
#6223 = EDGE_LOOP('',(#6224,#6230,#6231,#6236));
#6224 = ORIENTED_EDGE('',*,*,#6225,.F.);
#6225 = EDGE_CURVE('',#5512,#5785,#6226,.T.);
#6226 = LINE('',#6227,#6228);
#6227 = CARTESIAN_POINT('',(2.25,-2.11,1.025));
#6228 = VECTOR('',#6229,1.);
#6229 = DIRECTION('',(-1.,-2.22044604925E-16,0.));
#6230 = ORIENTED_EDGE('',*,*,#5527,.T.);
#6231 = ORIENTED_EDGE('',*,*,#6232,.T.);
#6232 = EDGE_CURVE('',#5521,#5793,#6233,.T.);
#6233 = B_SPLINE_CURVE_WITH_KNOTS('',1,(#6234,#6235),.UNSPECIFIED.,.F.,
  .F.,(2,2),(0.,1.),.PIECEWISE_BEZIER_KNOTS.);
#6234 = CARTESIAN_POINT('',(1.95,-2.275,1.025));
#6235 = CARTESIAN_POINT('',(1.875,-2.2375,1.025));
#6236 = ORIENTED_EDGE('',*,*,#5792,.F.);
#6237 = B_SPLINE_SURFACE_WITH_KNOTS('',1,1,(
    (#6238,#6239)
    ,(#6240,#6241
    )),.UNSPECIFIED.,.F.,.F.,.F.,(2,2),(2,2),(0.,4.55),(0.,1.),
  .PIECEWISE_BEZIER_KNOTS.);
#6238 = CARTESIAN_POINT('',(1.95,2.275,1.025));
#6239 = CARTESIAN_POINT('',(1.875,2.2375,1.025));
#6240 = CARTESIAN_POINT('',(1.95,-2.275,1.025));
#6241 = CARTESIAN_POINT('',(1.875,-2.2375,1.025));
#6242 = ADVANCED_FACE('',(#6243),#6329,.F.);
#6243 = FACE_BOUND('',#6244,.F.);
#6244 = EDGE_LOOP('',(#6245,#6246,#6247,#6256,#6264,#6273,#6281,#6289,
    #6297,#6306,#6314,#6323));
#6245 = ORIENTED_EDGE('',*,*,#5581,.F.);
#6246 = ORIENTED_EDGE('',*,*,#5541,.T.);
#6247 = ORIENTED_EDGE('',*,*,#6248,.T.);
#6248 = EDGE_CURVE('',#5542,#6249,#6251,.T.);
#6249 = VERTEX_POINT('',#6250);
#6250 = CARTESIAN_POINT('',(2.35,-1.7,0.725));
#6251 = CIRCLE('',#6252,0.1);
#6252 = AXIS2_PLACEMENT_3D('',#6253,#6254,#6255);
#6253 = CARTESIAN_POINT('',(2.25,-1.7,0.725));
#6254 = DIRECTION('',(-2.22044604925E-16,1.,0.));
#6255 = DIRECTION('',(4.440892098501E-15,9.860761315262E-31,1.));
#6256 = ORIENTED_EDGE('',*,*,#6257,.T.);
#6257 = EDGE_CURVE('',#6249,#6258,#6260,.T.);
#6258 = VERTEX_POINT('',#6259);
#6259 = CARTESIAN_POINT('',(2.35,-1.7,0.3));
#6260 = LINE('',#6261,#6262);
#6261 = CARTESIAN_POINT('',(2.35,-1.7,0.725));
#6262 = VECTOR('',#6263,1.);
#6263 = DIRECTION('',(1.044915787883E-15,2.320179133003E-31,-1.));
#6264 = ORIENTED_EDGE('',*,*,#6265,.T.);
#6265 = EDGE_CURVE('',#6258,#6266,#6268,.T.);
#6266 = VERTEX_POINT('',#6267);
#6267 = CARTESIAN_POINT('',(2.65,-1.7,5.551115123126E-17));
#6268 = CIRCLE('',#6269,0.3);
#6269 = AXIS2_PLACEMENT_3D('',#6270,#6271,#6272);
#6270 = CARTESIAN_POINT('',(2.65,-1.7,0.3));
#6271 = DIRECTION('',(2.22044604925E-16,-1.,0.));
#6272 = DIRECTION('',(-1.,-2.22044604925E-16,3.515706244646E-15));
#6273 = ORIENTED_EDGE('',*,*,#6274,.T.);
#6274 = EDGE_CURVE('',#6266,#6275,#6277,.T.);
#6275 = VERTEX_POINT('',#6276);
#6276 = CARTESIAN_POINT('',(3.,-1.7,5.551115123126E-17));
#6277 = LINE('',#6278,#6279);
#6278 = CARTESIAN_POINT('',(2.65,-1.7,5.551115123126E-17));
#6279 = VECTOR('',#6280,1.);
#6280 = DIRECTION('',(1.,2.22044604925E-16,0.));
#6281 = ORIENTED_EDGE('',*,*,#6282,.T.);
#6282 = EDGE_CURVE('',#6275,#6283,#6285,.T.);
#6283 = VERTEX_POINT('',#6284);
#6284 = CARTESIAN_POINT('',(3.,-1.7,0.2));
#6285 = LINE('',#6286,#6287);
#6286 = CARTESIAN_POINT('',(3.,-1.7,5.551115123126E-17));
#6287 = VECTOR('',#6288,1.);
#6288 = DIRECTION('',(0.,0.,1.));
#6289 = ORIENTED_EDGE('',*,*,#6290,.T.);
#6290 = EDGE_CURVE('',#6283,#6291,#6293,.T.);
#6291 = VERTEX_POINT('',#6292);
#6292 = CARTESIAN_POINT('',(2.65,-1.7,0.2));
#6293 = LINE('',#6294,#6295);
#6294 = CARTESIAN_POINT('',(3.,-1.7,0.2));
#6295 = VECTOR('',#6296,1.);
#6296 = DIRECTION('',(-1.,-2.22044604925E-16,0.));
#6297 = ORIENTED_EDGE('',*,*,#6298,.T.);
#6298 = EDGE_CURVE('',#6291,#6299,#6301,.T.);
#6299 = VERTEX_POINT('',#6300);
#6300 = CARTESIAN_POINT('',(2.55,-1.7,0.3));
#6301 = CIRCLE('',#6302,0.1);
#6302 = AXIS2_PLACEMENT_3D('',#6303,#6304,#6305);
#6303 = CARTESIAN_POINT('',(2.65,-1.7,0.3));
#6304 = DIRECTION('',(-2.22044604925E-16,1.,0.));
#6305 = DIRECTION('',(0.,0.,-1.));
#6306 = ORIENTED_EDGE('',*,*,#6307,.T.);
#6307 = EDGE_CURVE('',#6299,#6308,#6310,.T.);
#6308 = VERTEX_POINT('',#6309);
#6309 = CARTESIAN_POINT('',(2.55,-1.7,0.725));
#6310 = LINE('',#6311,#6312);
#6311 = CARTESIAN_POINT('',(2.55,-1.7,0.3));
#6312 = VECTOR('',#6313,1.);
#6313 = DIRECTION('',(0.,0.,1.));
#6314 = ORIENTED_EDGE('',*,*,#6315,.T.);
#6315 = EDGE_CURVE('',#6308,#6316,#6318,.T.);
#6316 = VERTEX_POINT('',#6317);
#6317 = CARTESIAN_POINT('',(2.25,-1.7,1.025));
#6318 = CIRCLE('',#6319,0.3);
#6319 = AXIS2_PLACEMENT_3D('',#6320,#6321,#6322);
#6320 = CARTESIAN_POINT('',(2.25,-1.7,0.725));
#6321 = DIRECTION('',(2.22044604925E-16,-1.,0.));
#6322 = DIRECTION('',(1.,2.22044604925E-16,3.700743415417E-16));
#6323 = ORIENTED_EDGE('',*,*,#6324,.T.);
#6324 = EDGE_CURVE('',#6316,#5582,#6325,.T.);
#6325 = LINE('',#6326,#6327);
#6326 = CARTESIAN_POINT('',(2.25,-1.7,1.025));
#6327 = VECTOR('',#6328,1.);
#6328 = DIRECTION('',(-1.,-2.22044604925E-16,0.));
#6329 = PLANE('',#6330);
#6330 = AXIS2_PLACEMENT_3D('',#6331,#6332,#6333);
#6331 = CARTESIAN_POINT('',(2.41578967201,-1.7,0.532659657565));
#6332 = DIRECTION('',(2.22044604925E-16,-1.,0.));
#6333 = DIRECTION('',(0.,0.,1.));
#6334 = ADVANCED_FACE('',(#6335),#6346,.F.);
#6335 = FACE_BOUND('',#6336,.F.);
#6336 = EDGE_LOOP('',(#6337,#6338,#6339,#6345));
#6337 = ORIENTED_EDGE('',*,*,#5558,.T.);
#6338 = ORIENTED_EDGE('',*,*,#6135,.T.);
#6339 = ORIENTED_EDGE('',*,*,#6340,.F.);
#6340 = EDGE_CURVE('',#6249,#6136,#6341,.T.);
#6341 = LINE('',#6342,#6343);
#6342 = CARTESIAN_POINT('',(2.35,-1.7,0.725));
#6343 = VECTOR('',#6344,1.);
#6344 = DIRECTION('',(2.22044604925E-16,-1.,0.));
#6345 = ORIENTED_EDGE('',*,*,#6248,.F.);
#6346 = CYLINDRICAL_SURFACE('',#6347,0.1);
#6347 = AXIS2_PLACEMENT_3D('',#6348,#6349,#6350);
#6348 = CARTESIAN_POINT('',(2.25,-1.7,0.725));
#6349 = DIRECTION('',(-2.22044604925E-16,1.,0.));
#6350 = DIRECTION('',(4.440892098501E-15,9.860761315262E-31,1.));
#6351 = ADVANCED_FACE('',(#6352),#6438,.T.);
#6352 = FACE_BOUND('',#6353,.T.);
#6353 = EDGE_LOOP('',(#6354,#6355,#6356,#6365,#6373,#6382,#6390,#6398,
    #6406,#6415,#6423,#6432));
#6354 = ORIENTED_EDGE('',*,*,#5572,.F.);
#6355 = ORIENTED_EDGE('',*,*,#5643,.T.);
#6356 = ORIENTED_EDGE('',*,*,#6357,.T.);
#6357 = EDGE_CURVE('',#5644,#6358,#6360,.T.);
#6358 = VERTEX_POINT('',#6359);
#6359 = CARTESIAN_POINT('',(2.35,-0.84,0.725));
#6360 = CIRCLE('',#6361,0.1);
#6361 = AXIS2_PLACEMENT_3D('',#6362,#6363,#6364);
#6362 = CARTESIAN_POINT('',(2.25,-0.84,0.725));
#6363 = DIRECTION('',(-2.22044604925E-16,1.,0.));
#6364 = DIRECTION('',(4.440892098501E-15,9.860761315262E-31,1.));
#6365 = ORIENTED_EDGE('',*,*,#6366,.T.);
#6366 = EDGE_CURVE('',#6358,#6367,#6369,.T.);
#6367 = VERTEX_POINT('',#6368);
#6368 = CARTESIAN_POINT('',(2.35,-0.84,0.3));
#6369 = LINE('',#6370,#6371);
#6370 = CARTESIAN_POINT('',(2.35,-0.84,0.725));
#6371 = VECTOR('',#6372,1.);
#6372 = DIRECTION('',(1.044915787883E-15,2.320179133003E-31,-1.));
#6373 = ORIENTED_EDGE('',*,*,#6374,.T.);
#6374 = EDGE_CURVE('',#6367,#6375,#6377,.T.);
#6375 = VERTEX_POINT('',#6376);
#6376 = CARTESIAN_POINT('',(2.65,-0.84,5.551115123126E-17));
#6377 = CIRCLE('',#6378,0.3);
#6378 = AXIS2_PLACEMENT_3D('',#6379,#6380,#6381);
#6379 = CARTESIAN_POINT('',(2.65,-0.84,0.3));
#6380 = DIRECTION('',(2.22044604925E-16,-1.,0.));
#6381 = DIRECTION('',(-1.,-2.22044604925E-16,3.515706244646E-15));
#6382 = ORIENTED_EDGE('',*,*,#6383,.T.);
#6383 = EDGE_CURVE('',#6375,#6384,#6386,.T.);
#6384 = VERTEX_POINT('',#6385);
#6385 = CARTESIAN_POINT('',(3.,-0.84,5.551115123126E-17));
#6386 = LINE('',#6387,#6388);
#6387 = CARTESIAN_POINT('',(2.65,-0.84,5.551115123126E-17));
#6388 = VECTOR('',#6389,1.);
#6389 = DIRECTION('',(1.,2.22044604925E-16,0.));
#6390 = ORIENTED_EDGE('',*,*,#6391,.T.);
#6391 = EDGE_CURVE('',#6384,#6392,#6394,.T.);
#6392 = VERTEX_POINT('',#6393);
#6393 = CARTESIAN_POINT('',(3.,-0.84,0.2));
#6394 = LINE('',#6395,#6396);
#6395 = CARTESIAN_POINT('',(3.,-0.84,5.551115123126E-17));
#6396 = VECTOR('',#6397,1.);
#6397 = DIRECTION('',(0.,0.,1.));
#6398 = ORIENTED_EDGE('',*,*,#6399,.T.);
#6399 = EDGE_CURVE('',#6392,#6400,#6402,.T.);
#6400 = VERTEX_POINT('',#6401);
#6401 = CARTESIAN_POINT('',(2.65,-0.84,0.2));
#6402 = LINE('',#6403,#6404);
#6403 = CARTESIAN_POINT('',(3.,-0.84,0.2));
#6404 = VECTOR('',#6405,1.);
#6405 = DIRECTION('',(-1.,-2.22044604925E-16,0.));
#6406 = ORIENTED_EDGE('',*,*,#6407,.T.);
#6407 = EDGE_CURVE('',#6400,#6408,#6410,.T.);
#6408 = VERTEX_POINT('',#6409);
#6409 = CARTESIAN_POINT('',(2.55,-0.84,0.3));
#6410 = CIRCLE('',#6411,0.1);
#6411 = AXIS2_PLACEMENT_3D('',#6412,#6413,#6414);
#6412 = CARTESIAN_POINT('',(2.65,-0.84,0.3));
#6413 = DIRECTION('',(-2.22044604925E-16,1.,0.));
#6414 = DIRECTION('',(0.,0.,-1.));
#6415 = ORIENTED_EDGE('',*,*,#6416,.T.);
#6416 = EDGE_CURVE('',#6408,#6417,#6419,.T.);
#6417 = VERTEX_POINT('',#6418);
#6418 = CARTESIAN_POINT('',(2.55,-0.84,0.725));
#6419 = LINE('',#6420,#6421);
#6420 = CARTESIAN_POINT('',(2.55,-0.84,0.3));
#6421 = VECTOR('',#6422,1.);
#6422 = DIRECTION('',(0.,0.,1.));
#6423 = ORIENTED_EDGE('',*,*,#6424,.T.);
#6424 = EDGE_CURVE('',#6417,#6425,#6427,.T.);
#6425 = VERTEX_POINT('',#6426);
#6426 = CARTESIAN_POINT('',(2.25,-0.84,1.025));
#6427 = CIRCLE('',#6428,0.3);
#6428 = AXIS2_PLACEMENT_3D('',#6429,#6430,#6431);
#6429 = CARTESIAN_POINT('',(2.25,-0.84,0.725));
#6430 = DIRECTION('',(2.22044604925E-16,-1.,0.));
#6431 = DIRECTION('',(1.,2.22044604925E-16,3.700743415417E-16));
#6432 = ORIENTED_EDGE('',*,*,#6433,.T.);
#6433 = EDGE_CURVE('',#6425,#5573,#6434,.T.);
#6434 = LINE('',#6435,#6436);
#6435 = CARTESIAN_POINT('',(2.25,-0.84,1.025));
#6436 = VECTOR('',#6437,1.);
#6437 = DIRECTION('',(-1.,-2.22044604925E-16,0.));
#6438 = PLANE('',#6439);
#6439 = AXIS2_PLACEMENT_3D('',#6440,#6441,#6442);
#6440 = CARTESIAN_POINT('',(2.41578967201,-0.84,0.532659657565));
#6441 = DIRECTION('',(2.22044604925E-16,-1.,0.));
#6442 = DIRECTION('',(0.,0.,1.));
#6443 = ADVANCED_FACE('',(#6444),#6460,.F.);
#6444 = FACE_BOUND('',#6445,.F.);
#6445 = EDGE_LOOP('',(#6446,#6452,#6453,#6459));
#6446 = ORIENTED_EDGE('',*,*,#6447,.F.);
#6447 = EDGE_CURVE('',#5573,#5769,#6448,.T.);
#6448 = LINE('',#6449,#6450);
#6449 = CARTESIAN_POINT('',(2.25,-0.84,1.025));
#6450 = VECTOR('',#6451,1.);
#6451 = DIRECTION('',(-1.,-2.22044604925E-16,0.));
#6452 = ORIENTED_EDGE('',*,*,#5589,.T.);
#6453 = ORIENTED_EDGE('',*,*,#6454,.T.);
#6454 = EDGE_CURVE('',#5582,#5777,#6455,.T.);
#6455 = LINE('',#6456,#6457);
#6456 = CARTESIAN_POINT('',(2.25,-1.7,1.025));
#6457 = VECTOR('',#6458,1.);
#6458 = DIRECTION('',(-1.,-2.22044604925E-16,0.));
#6459 = ORIENTED_EDGE('',*,*,#5776,.F.);
#6460 = B_SPLINE_SURFACE_WITH_KNOTS('',1,1,(
    (#6461,#6462)
    ,(#6463,#6464
    )),.UNSPECIFIED.,.F.,.F.,.F.,(2,2),(2,2),(0.,4.55),(0.,1.),
  .PIECEWISE_BEZIER_KNOTS.);
#6461 = CARTESIAN_POINT('',(1.95,2.275,1.025));
#6462 = CARTESIAN_POINT('',(1.875,2.2375,1.025));
#6463 = CARTESIAN_POINT('',(1.95,-2.275,1.025));
#6464 = CARTESIAN_POINT('',(1.875,-2.2375,1.025));
#6465 = ADVANCED_FACE('',(#6466),#6485,.F.);
#6466 = FACE_BOUND('',#6467,.F.);
#6467 = EDGE_LOOP('',(#6468,#6469,#6478,#6484));
#6468 = ORIENTED_EDGE('',*,*,#5620,.T.);
#6469 = ORIENTED_EDGE('',*,*,#6470,.T.);
#6470 = EDGE_CURVE('',#5613,#6471,#6473,.T.);
#6471 = VERTEX_POINT('',#6472);
#6472 = CARTESIAN_POINT('',(2.35,0.43,0.725));
#6473 = CIRCLE('',#6474,0.1);
#6474 = AXIS2_PLACEMENT_3D('',#6475,#6476,#6477);
#6475 = CARTESIAN_POINT('',(2.25,0.43,0.725));
#6476 = DIRECTION('',(-2.22044604925E-16,1.,0.));
#6477 = DIRECTION('',(4.440892098501E-15,9.860761315262E-31,1.));
#6478 = ORIENTED_EDGE('',*,*,#6479,.F.);
#6479 = EDGE_CURVE('',#5848,#6471,#6480,.T.);
#6480 = LINE('',#6481,#6482);
#6481 = CARTESIAN_POINT('',(2.35,0.84,0.725));
#6482 = VECTOR('',#6483,1.);
#6483 = DIRECTION('',(2.22044604925E-16,-1.,0.));
#6484 = ORIENTED_EDGE('',*,*,#5847,.F.);
#6485 = CYLINDRICAL_SURFACE('',#6486,0.1);
#6486 = AXIS2_PLACEMENT_3D('',#6487,#6488,#6489);
#6487 = CARTESIAN_POINT('',(2.25,0.84,0.725));
#6488 = DIRECTION('',(-2.22044604925E-16,1.,0.));
#6489 = DIRECTION('',(4.440892098501E-15,9.860761315262E-31,1.));
#6490 = ADVANCED_FACE('',(#6491),#6569,.T.);
#6491 = FACE_BOUND('',#6492,.T.);
#6492 = EDGE_LOOP('',(#6493,#6494,#6495,#6496,#6504,#6513,#6521,#6529,
    #6537,#6546,#6554,#6563));
#6493 = ORIENTED_EDGE('',*,*,#5665,.F.);
#6494 = ORIENTED_EDGE('',*,*,#5612,.T.);
#6495 = ORIENTED_EDGE('',*,*,#6470,.T.);
#6496 = ORIENTED_EDGE('',*,*,#6497,.T.);
#6497 = EDGE_CURVE('',#6471,#6498,#6500,.T.);
#6498 = VERTEX_POINT('',#6499);
#6499 = CARTESIAN_POINT('',(2.35,0.43,0.3));
#6500 = LINE('',#6501,#6502);
#6501 = CARTESIAN_POINT('',(2.35,0.43,0.725));
#6502 = VECTOR('',#6503,1.);
#6503 = DIRECTION('',(1.044915787883E-15,2.320179133003E-31,-1.));
#6504 = ORIENTED_EDGE('',*,*,#6505,.T.);
#6505 = EDGE_CURVE('',#6498,#6506,#6508,.T.);
#6506 = VERTEX_POINT('',#6507);
#6507 = CARTESIAN_POINT('',(2.65,0.43,5.551115123126E-17));
#6508 = CIRCLE('',#6509,0.3);
#6509 = AXIS2_PLACEMENT_3D('',#6510,#6511,#6512);
#6510 = CARTESIAN_POINT('',(2.65,0.43,0.3));
#6511 = DIRECTION('',(2.22044604925E-16,-1.,0.));
#6512 = DIRECTION('',(-1.,-2.22044604925E-16,3.515706244646E-15));
#6513 = ORIENTED_EDGE('',*,*,#6514,.T.);
#6514 = EDGE_CURVE('',#6506,#6515,#6517,.T.);
#6515 = VERTEX_POINT('',#6516);
#6516 = CARTESIAN_POINT('',(3.,0.43,5.551115123126E-17));
#6517 = LINE('',#6518,#6519);
#6518 = CARTESIAN_POINT('',(2.65,0.43,5.551115123126E-17));
#6519 = VECTOR('',#6520,1.);
#6520 = DIRECTION('',(1.,2.22044604925E-16,0.));
#6521 = ORIENTED_EDGE('',*,*,#6522,.T.);
#6522 = EDGE_CURVE('',#6515,#6523,#6525,.T.);
#6523 = VERTEX_POINT('',#6524);
#6524 = CARTESIAN_POINT('',(3.,0.43,0.2));
#6525 = LINE('',#6526,#6527);
#6526 = CARTESIAN_POINT('',(3.,0.43,5.551115123126E-17));
#6527 = VECTOR('',#6528,1.);
#6528 = DIRECTION('',(0.,0.,1.));
#6529 = ORIENTED_EDGE('',*,*,#6530,.T.);
#6530 = EDGE_CURVE('',#6523,#6531,#6533,.T.);
#6531 = VERTEX_POINT('',#6532);
#6532 = CARTESIAN_POINT('',(2.65,0.43,0.2));
#6533 = LINE('',#6534,#6535);
#6534 = CARTESIAN_POINT('',(3.,0.43,0.2));
#6535 = VECTOR('',#6536,1.);
#6536 = DIRECTION('',(-1.,-2.22044604925E-16,0.));
#6537 = ORIENTED_EDGE('',*,*,#6538,.T.);
#6538 = EDGE_CURVE('',#6531,#6539,#6541,.T.);
#6539 = VERTEX_POINT('',#6540);
#6540 = CARTESIAN_POINT('',(2.55,0.43,0.3));
#6541 = CIRCLE('',#6542,0.1);
#6542 = AXIS2_PLACEMENT_3D('',#6543,#6544,#6545);
#6543 = CARTESIAN_POINT('',(2.65,0.43,0.3));
#6544 = DIRECTION('',(-2.22044604925E-16,1.,0.));
#6545 = DIRECTION('',(0.,0.,-1.));
#6546 = ORIENTED_EDGE('',*,*,#6547,.T.);
#6547 = EDGE_CURVE('',#6539,#6548,#6550,.T.);
#6548 = VERTEX_POINT('',#6549);
#6549 = CARTESIAN_POINT('',(2.55,0.43,0.725));
#6550 = LINE('',#6551,#6552);
#6551 = CARTESIAN_POINT('',(2.55,0.43,0.3));
#6552 = VECTOR('',#6553,1.);
#6553 = DIRECTION('',(0.,0.,1.));
#6554 = ORIENTED_EDGE('',*,*,#6555,.T.);
#6555 = EDGE_CURVE('',#6548,#6556,#6558,.T.);
#6556 = VERTEX_POINT('',#6557);
#6557 = CARTESIAN_POINT('',(2.25,0.43,1.025));
#6558 = CIRCLE('',#6559,0.3);
#6559 = AXIS2_PLACEMENT_3D('',#6560,#6561,#6562);
#6560 = CARTESIAN_POINT('',(2.25,0.43,0.725));
#6561 = DIRECTION('',(2.22044604925E-16,-1.,0.));
#6562 = DIRECTION('',(1.,2.22044604925E-16,3.700743415417E-16));
#6563 = ORIENTED_EDGE('',*,*,#6564,.T.);
#6564 = EDGE_CURVE('',#6556,#5666,#6565,.T.);
#6565 = LINE('',#6566,#6567);
#6566 = CARTESIAN_POINT('',(2.25,0.43,1.025));
#6567 = VECTOR('',#6568,1.);
#6568 = DIRECTION('',(-1.,-2.22044604925E-16,0.));
#6569 = PLANE('',#6570);
#6570 = AXIS2_PLACEMENT_3D('',#6571,#6572,#6573);
#6571 = CARTESIAN_POINT('',(2.41578967201,0.43,0.532659657565));
#6572 = DIRECTION('',(2.22044604925E-16,-1.,0.));
#6573 = DIRECTION('',(0.,0.,1.));
#6574 = ADVANCED_FACE('',(#6575),#6661,.F.);
#6575 = FACE_BOUND('',#6576,.F.);
#6576 = EDGE_LOOP('',(#6577,#6578,#6579,#6588,#6596,#6605,#6613,#6621,
    #6629,#6638,#6646,#6655));
#6577 = ORIENTED_EDGE('',*,*,#5674,.F.);
#6578 = ORIENTED_EDGE('',*,*,#5634,.T.);
#6579 = ORIENTED_EDGE('',*,*,#6580,.T.);
#6580 = EDGE_CURVE('',#5635,#6581,#6583,.T.);
#6581 = VERTEX_POINT('',#6582);
#6582 = CARTESIAN_POINT('',(2.35,-0.43,0.725));
#6583 = CIRCLE('',#6584,0.1);
#6584 = AXIS2_PLACEMENT_3D('',#6585,#6586,#6587);
#6585 = CARTESIAN_POINT('',(2.25,-0.43,0.725));
#6586 = DIRECTION('',(-2.22044604925E-16,1.,0.));
#6587 = DIRECTION('',(4.440892098501E-15,9.860761315262E-31,1.));
#6588 = ORIENTED_EDGE('',*,*,#6589,.T.);
#6589 = EDGE_CURVE('',#6581,#6590,#6592,.T.);
#6590 = VERTEX_POINT('',#6591);
#6591 = CARTESIAN_POINT('',(2.35,-0.43,0.3));
#6592 = LINE('',#6593,#6594);
#6593 = CARTESIAN_POINT('',(2.35,-0.43,0.725));
#6594 = VECTOR('',#6595,1.);
#6595 = DIRECTION('',(1.044915787883E-15,2.320179133003E-31,-1.));
#6596 = ORIENTED_EDGE('',*,*,#6597,.T.);
#6597 = EDGE_CURVE('',#6590,#6598,#6600,.T.);
#6598 = VERTEX_POINT('',#6599);
#6599 = CARTESIAN_POINT('',(2.65,-0.43,5.551115123126E-17));
#6600 = CIRCLE('',#6601,0.3);
#6601 = AXIS2_PLACEMENT_3D('',#6602,#6603,#6604);
#6602 = CARTESIAN_POINT('',(2.65,-0.43,0.3));
#6603 = DIRECTION('',(2.22044604925E-16,-1.,0.));
#6604 = DIRECTION('',(-1.,-2.22044604925E-16,3.515706244646E-15));
#6605 = ORIENTED_EDGE('',*,*,#6606,.T.);
#6606 = EDGE_CURVE('',#6598,#6607,#6609,.T.);
#6607 = VERTEX_POINT('',#6608);
#6608 = CARTESIAN_POINT('',(3.,-0.43,5.551115123126E-17));
#6609 = LINE('',#6610,#6611);
#6610 = CARTESIAN_POINT('',(2.65,-0.43,5.551115123126E-17));
#6611 = VECTOR('',#6612,1.);
#6612 = DIRECTION('',(1.,2.22044604925E-16,0.));
#6613 = ORIENTED_EDGE('',*,*,#6614,.T.);
#6614 = EDGE_CURVE('',#6607,#6615,#6617,.T.);
#6615 = VERTEX_POINT('',#6616);
#6616 = CARTESIAN_POINT('',(3.,-0.43,0.2));
#6617 = LINE('',#6618,#6619);
#6618 = CARTESIAN_POINT('',(3.,-0.43,5.551115123126E-17));
#6619 = VECTOR('',#6620,1.);
#6620 = DIRECTION('',(0.,0.,1.));
#6621 = ORIENTED_EDGE('',*,*,#6622,.T.);
#6622 = EDGE_CURVE('',#6615,#6623,#6625,.T.);
#6623 = VERTEX_POINT('',#6624);
#6624 = CARTESIAN_POINT('',(2.65,-0.43,0.2));
#6625 = LINE('',#6626,#6627);
#6626 = CARTESIAN_POINT('',(3.,-0.43,0.2));
#6627 = VECTOR('',#6628,1.);
#6628 = DIRECTION('',(-1.,-2.22044604925E-16,0.));
#6629 = ORIENTED_EDGE('',*,*,#6630,.T.);
#6630 = EDGE_CURVE('',#6623,#6631,#6633,.T.);
#6631 = VERTEX_POINT('',#6632);
#6632 = CARTESIAN_POINT('',(2.55,-0.43,0.3));
#6633 = CIRCLE('',#6634,0.1);
#6634 = AXIS2_PLACEMENT_3D('',#6635,#6636,#6637);
#6635 = CARTESIAN_POINT('',(2.65,-0.43,0.3));
#6636 = DIRECTION('',(-2.22044604925E-16,1.,0.));
#6637 = DIRECTION('',(0.,0.,-1.));
#6638 = ORIENTED_EDGE('',*,*,#6639,.T.);
#6639 = EDGE_CURVE('',#6631,#6640,#6642,.T.);
#6640 = VERTEX_POINT('',#6641);
#6641 = CARTESIAN_POINT('',(2.55,-0.43,0.725));
#6642 = LINE('',#6643,#6644);
#6643 = CARTESIAN_POINT('',(2.55,-0.43,0.3));
#6644 = VECTOR('',#6645,1.);
#6645 = DIRECTION('',(0.,0.,1.));
#6646 = ORIENTED_EDGE('',*,*,#6647,.T.);
#6647 = EDGE_CURVE('',#6640,#6648,#6650,.T.);
#6648 = VERTEX_POINT('',#6649);
#6649 = CARTESIAN_POINT('',(2.25,-0.43,1.025));
#6650 = CIRCLE('',#6651,0.3);
#6651 = AXIS2_PLACEMENT_3D('',#6652,#6653,#6654);
#6652 = CARTESIAN_POINT('',(2.25,-0.43,0.725));
#6653 = DIRECTION('',(2.22044604925E-16,-1.,0.));
#6654 = DIRECTION('',(1.,2.22044604925E-16,3.700743415417E-16));
#6655 = ORIENTED_EDGE('',*,*,#6656,.T.);
#6656 = EDGE_CURVE('',#6648,#5675,#6657,.T.);
#6657 = LINE('',#6658,#6659);
#6658 = CARTESIAN_POINT('',(2.25,-0.43,1.025));
#6659 = VECTOR('',#6660,1.);
#6660 = DIRECTION('',(-1.,-2.22044604925E-16,0.));
#6661 = PLANE('',#6662);
#6662 = AXIS2_PLACEMENT_3D('',#6663,#6664,#6665);
#6663 = CARTESIAN_POINT('',(2.41578967201,-0.43,0.532659657565));
#6664 = DIRECTION('',(2.22044604925E-16,-1.,0.));
#6665 = DIRECTION('',(0.,0.,1.));
#6666 = ADVANCED_FACE('',(#6667),#6678,.F.);
#6667 = FACE_BOUND('',#6668,.F.);
#6668 = EDGE_LOOP('',(#6669,#6670,#6671,#6677));
#6669 = ORIENTED_EDGE('',*,*,#5651,.T.);
#6670 = ORIENTED_EDGE('',*,*,#6357,.T.);
#6671 = ORIENTED_EDGE('',*,*,#6672,.F.);
#6672 = EDGE_CURVE('',#6581,#6358,#6673,.T.);
#6673 = LINE('',#6674,#6675);
#6674 = CARTESIAN_POINT('',(2.35,-0.43,0.725));
#6675 = VECTOR('',#6676,1.);
#6676 = DIRECTION('',(2.22044604925E-16,-1.,0.));
#6677 = ORIENTED_EDGE('',*,*,#6580,.F.);
#6678 = CYLINDRICAL_SURFACE('',#6679,0.1);
#6679 = AXIS2_PLACEMENT_3D('',#6680,#6681,#6682);
#6680 = CARTESIAN_POINT('',(2.25,-0.43,0.725));
#6681 = DIRECTION('',(-2.22044604925E-16,1.,0.));
#6682 = DIRECTION('',(4.440892098501E-15,9.860761315262E-31,1.));
#6683 = ADVANCED_FACE('',(#6684),#6700,.F.);
#6684 = FACE_BOUND('',#6685,.F.);
#6685 = EDGE_LOOP('',(#6686,#6692,#6693,#6699));
#6686 = ORIENTED_EDGE('',*,*,#6687,.F.);
#6687 = EDGE_CURVE('',#5666,#5753,#6688,.T.);
#6688 = LINE('',#6689,#6690);
#6689 = CARTESIAN_POINT('',(2.25,0.43,1.025));
#6690 = VECTOR('',#6691,1.);
#6691 = DIRECTION('',(-1.,-2.22044604925E-16,0.));
#6692 = ORIENTED_EDGE('',*,*,#5682,.T.);
#6693 = ORIENTED_EDGE('',*,*,#6694,.T.);
#6694 = EDGE_CURVE('',#5675,#5761,#6695,.T.);
#6695 = LINE('',#6696,#6697);
#6696 = CARTESIAN_POINT('',(2.25,-0.43,1.025));
#6697 = VECTOR('',#6698,1.);
#6698 = DIRECTION('',(-1.,-2.22044604925E-16,0.));
#6699 = ORIENTED_EDGE('',*,*,#5760,.F.);
#6700 = B_SPLINE_SURFACE_WITH_KNOTS('',1,1,(
    (#6701,#6702)
    ,(#6703,#6704
    )),.UNSPECIFIED.,.F.,.F.,.F.,(2,2),(2,2),(0.,4.55),(0.,1.),
  .PIECEWISE_BEZIER_KNOTS.);
#6701 = CARTESIAN_POINT('',(1.95,2.275,1.025));
#6702 = CARTESIAN_POINT('',(1.875,2.2375,1.025));
#6703 = CARTESIAN_POINT('',(1.95,-2.275,1.025));
#6704 = CARTESIAN_POINT('',(1.875,-2.2375,1.025));
#6705 = ADVANCED_FACE('',(#6706),#6723,.F.);
#6706 = FACE_BOUND('',#6707,.F.);
#6707 = EDGE_LOOP('',(#6708,#6709,#6710,#6718));
#6708 = ORIENTED_EDGE('',*,*,#5698,.T.);
#6709 = ORIENTED_EDGE('',*,*,#5719,.T.);
#6710 = ORIENTED_EDGE('',*,*,#6711,.F.);
#6711 = EDGE_CURVE('',#6712,#5720,#6714,.T.);
#6712 = VERTEX_POINT('',#6713);
#6713 = CARTESIAN_POINT('',(1.7375,2.375,1.025));
#6714 = LINE('',#6715,#6716);
#6715 = CARTESIAN_POINT('',(1.7375,2.375,1.025));
#6716 = VECTOR('',#6717,1.);
#6717 = DIRECTION('',(0.707106781187,-0.707106781187,0.));
#6718 = ORIENTED_EDGE('',*,*,#6719,.F.);
#6719 = EDGE_CURVE('',#5699,#6712,#6720,.T.);
#6720 = B_SPLINE_CURVE_WITH_KNOTS('',1,(#6721,#6722),.UNSPECIFIED.,.F.,
  .F.,(2,2),(0.,1.),.PIECEWISE_BEZIER_KNOTS.);
#6721 = CARTESIAN_POINT('',(1.775,2.45,1.025));
#6722 = CARTESIAN_POINT('',(1.7375,2.375,1.025));
#6723 = B_SPLINE_SURFACE_WITH_KNOTS('',1,1,(
    (#6724,#6725)
    ,(#6726,#6727
    )),.UNSPECIFIED.,.F.,.F.,.F.,(2,2),(2,2),(0.,0.247487373415),(0.,1.)
  ,.PIECEWISE_BEZIER_KNOTS.);
#6724 = CARTESIAN_POINT('',(1.775,2.45,1.025));
#6725 = CARTESIAN_POINT('',(1.7375,2.375,1.025));
#6726 = CARTESIAN_POINT('',(1.95,2.275,1.025));
#6727 = CARTESIAN_POINT('',(1.875,2.2375,1.025));
#6728 = ADVANCED_FACE('',(#6729),#6746,.F.);
#6729 = FACE_BOUND('',#6730,.F.);
#6730 = EDGE_LOOP('',(#6731,#6732,#6733,#6741));
#6731 = ORIENTED_EDGE('',*,*,#5939,.T.);
#6732 = ORIENTED_EDGE('',*,*,#5706,.T.);
#6733 = ORIENTED_EDGE('',*,*,#6734,.F.);
#6734 = EDGE_CURVE('',#6735,#5699,#6737,.T.);
#6735 = VERTEX_POINT('',#6736);
#6736 = CARTESIAN_POINT('',(-1.775,2.45,1.025));
#6737 = LINE('',#6738,#6739);
#6738 = CARTESIAN_POINT('',(-1.775,2.45,1.025));
#6739 = VECTOR('',#6740,1.);
#6740 = DIRECTION('',(1.,2.22044604925E-16,0.));
#6741 = ORIENTED_EDGE('',*,*,#6742,.F.);
#6742 = EDGE_CURVE('',#5940,#6735,#6743,.T.);
#6743 = B_SPLINE_CURVE_WITH_KNOTS('',1,(#6744,#6745),.UNSPECIFIED.,.F.,
  .F.,(2,2),(0.,1.),.PIECEWISE_BEZIER_KNOTS.);
#6744 = CARTESIAN_POINT('',(-1.775,2.45,0.825));
#6745 = CARTESIAN_POINT('',(-1.775,2.45,1.025));
#6746 = PLANE('',#6747);
#6747 = AXIS2_PLACEMENT_3D('',#6748,#6749,#6750);
#6748 = CARTESIAN_POINT('',(-1.775,2.45,1.025));
#6749 = DIRECTION('',(2.22044604925E-16,-1.,0.));
#6750 = DIRECTION('',(1.,2.22044604925E-16,0.));
#6751 = ADVANCED_FACE('',(#6752),#6769,.F.);
#6752 = FACE_BOUND('',#6753,.F.);
#6753 = EDGE_LOOP('',(#6754,#6755,#6756,#6764));
#6754 = ORIENTED_EDGE('',*,*,#6711,.T.);
#6755 = ORIENTED_EDGE('',*,*,#5815,.T.);
#6756 = ORIENTED_EDGE('',*,*,#6757,.F.);
#6757 = EDGE_CURVE('',#6758,#5808,#6760,.T.);
#6758 = VERTEX_POINT('',#6759);
#6759 = CARTESIAN_POINT('',(1.680085640382,2.260171280765,1.75));
#6760 = LINE('',#6761,#6762);
#6761 = CARTESIAN_POINT('',(1.680085640382,2.260171280765,1.75));
#6762 = VECTOR('',#6763,1.);
#6763 = DIRECTION('',(0.707106781187,-0.707106781187,0.));
#6764 = ORIENTED_EDGE('',*,*,#6765,.F.);
#6765 = EDGE_CURVE('',#6712,#6758,#6766,.T.);
#6766 = B_SPLINE_CURVE_WITH_KNOTS('',1,(#6767,#6768),.UNSPECIFIED.,.F.,
  .F.,(2,2),(0.,1.),.PIECEWISE_BEZIER_KNOTS.);
#6767 = CARTESIAN_POINT('',(1.7375,2.375,1.025));
#6768 = CARTESIAN_POINT('',(1.680085640382,2.260171280765,1.75));
#6769 = B_SPLINE_SURFACE_WITH_KNOTS('',1,1,(
    (#6770,#6771)
    ,(#6772,#6773
    )),.UNSPECIFIED.,.F.,.F.,.F.,(2,2),(2,2),(0.,0.194454364826),(0.,1.)
  ,.PIECEWISE_BEZIER_KNOTS.);
#6770 = CARTESIAN_POINT('',(1.7375,2.375,1.025));
#6771 = CARTESIAN_POINT('',(1.680085640382,2.260171280765,1.75));
#6772 = CARTESIAN_POINT('',(1.875,2.2375,1.025));
#6773 = CARTESIAN_POINT('',(1.760171280765,2.180085640382,1.75));
#6774 = ADVANCED_FACE('',(#6775,#6825),#6836,.F.);
#6775 = FACE_BOUND('',#6776,.F.);
#6776 = EDGE_LOOP('',(#6777,#6785,#6786,#6787,#6795,#6803,#6811,#6819));
#6777 = ORIENTED_EDGE('',*,*,#6778,.T.);
#6778 = EDGE_CURVE('',#6779,#6758,#6781,.T.);
#6779 = VERTEX_POINT('',#6780);
#6780 = CARTESIAN_POINT('',(-1.680085640382,2.260171280765,1.75));
#6781 = LINE('',#6782,#6783);
#6782 = CARTESIAN_POINT('',(-1.680085640382,2.260171280765,1.75));
#6783 = VECTOR('',#6784,1.);
#6784 = DIRECTION('',(1.,2.22044604925E-16,0.));
#6785 = ORIENTED_EDGE('',*,*,#6757,.T.);
#6786 = ORIENTED_EDGE('',*,*,#5807,.T.);
#6787 = ORIENTED_EDGE('',*,*,#6788,.T.);
#6788 = EDGE_CURVE('',#5801,#6789,#6791,.T.);
#6789 = VERTEX_POINT('',#6790);
#6790 = CARTESIAN_POINT('',(1.680085640382,-2.260171280765,1.75));
#6791 = LINE('',#6792,#6793);
#6792 = CARTESIAN_POINT('',(1.760171280765,-2.180085640382,1.75));
#6793 = VECTOR('',#6794,1.);
#6794 = DIRECTION('',(-0.707106781187,-0.707106781187,0.));
#6795 = ORIENTED_EDGE('',*,*,#6796,.T.);
#6796 = EDGE_CURVE('',#6789,#6797,#6799,.T.);
#6797 = VERTEX_POINT('',#6798);
#6798 = CARTESIAN_POINT('',(-1.680085640382,-2.260171280765,1.75));
#6799 = LINE('',#6800,#6801);
#6800 = CARTESIAN_POINT('',(1.680085640382,-2.260171280765,1.75));
#6801 = VECTOR('',#6802,1.);
#6802 = DIRECTION('',(-1.,-2.22044604925E-16,0.));
#6803 = ORIENTED_EDGE('',*,*,#6804,.T.);
#6804 = EDGE_CURVE('',#6797,#6805,#6807,.T.);
#6805 = VERTEX_POINT('',#6806);
#6806 = CARTESIAN_POINT('',(-1.760171280765,-2.180085640382,1.75));
#6807 = LINE('',#6808,#6809);
#6808 = CARTESIAN_POINT('',(-1.680085640382,-2.260171280765,1.75));
#6809 = VECTOR('',#6810,1.);
#6810 = DIRECTION('',(-0.707106781187,0.707106781187,0.));
#6811 = ORIENTED_EDGE('',*,*,#6812,.T.);
#6812 = EDGE_CURVE('',#6805,#6813,#6815,.T.);
#6813 = VERTEX_POINT('',#6814);
#6814 = CARTESIAN_POINT('',(-1.760171280765,2.180085640382,1.75));
#6815 = LINE('',#6816,#6817);
#6816 = CARTESIAN_POINT('',(-1.760171280765,-2.180085640382,1.75));
#6817 = VECTOR('',#6818,1.);
#6818 = DIRECTION('',(-2.22044604925E-16,1.,0.));
#6819 = ORIENTED_EDGE('',*,*,#6820,.T.);
#6820 = EDGE_CURVE('',#6813,#6779,#6821,.T.);
#6821 = LINE('',#6822,#6823);
#6822 = CARTESIAN_POINT('',(-1.760171280765,2.180085640382,1.75));
#6823 = VECTOR('',#6824,1.);
#6824 = DIRECTION('',(0.707106781187,0.707106781187,0.));
#6825 = FACE_BOUND('',#6826,.F.);
#6826 = EDGE_LOOP('',(#6827));
#6827 = ORIENTED_EDGE('',*,*,#6828,.T.);
#6828 = EDGE_CURVE('',#6829,#6829,#6831,.T.);
#6829 = VERTEX_POINT('',#6830);
#6830 = CARTESIAN_POINT('',(-1.110171280765,1.310171280765,1.75));
#6831 = CIRCLE('',#6832,0.3);
#6832 = AXIS2_PLACEMENT_3D('',#6833,#6834,#6835);
#6833 = CARTESIAN_POINT('',(-1.110171280765,1.610171280765,1.75));
#6834 = DIRECTION('',(-0.,0.,1.));
#6835 = DIRECTION('',(2.22044604925E-16,-1.,0.));
#6836 = PLANE('',#6837);
#6837 = AXIS2_PLACEMENT_3D('',#6838,#6839,#6840);
#6838 = CARTESIAN_POINT('',(-1.680085640382,2.260171280765,1.75));
#6839 = DIRECTION('',(0.,0.,-1.));
#6840 = DIRECTION('',(0.596575959062,-0.802556617983,0.));
#6841 = ADVANCED_FACE('',(#6842),#6859,.F.);
#6842 = FACE_BOUND('',#6843,.F.);
#6843 = EDGE_LOOP('',(#6844,#6852,#6857,#6858));
#6844 = ORIENTED_EDGE('',*,*,#6845,.T.);
#6845 = EDGE_CURVE('',#5793,#6846,#6848,.T.);
#6846 = VERTEX_POINT('',#6847);
#6847 = CARTESIAN_POINT('',(1.7375,-2.375,1.025));
#6848 = LINE('',#6849,#6850);
#6849 = CARTESIAN_POINT('',(1.875,-2.2375,1.025));
#6850 = VECTOR('',#6851,1.);
#6851 = DIRECTION('',(-0.707106781187,-0.707106781187,0.));
#6852 = ORIENTED_EDGE('',*,*,#6853,.T.);
#6853 = EDGE_CURVE('',#6846,#6789,#6854,.T.);
#6854 = B_SPLINE_CURVE_WITH_KNOTS('',1,(#6855,#6856),.UNSPECIFIED.,.F.,
  .F.,(2,2),(0.,1.),.PIECEWISE_BEZIER_KNOTS.);
#6855 = CARTESIAN_POINT('',(1.7375,-2.375,1.025));
#6856 = CARTESIAN_POINT('',(1.680085640382,-2.260171280765,1.75));
#6857 = ORIENTED_EDGE('',*,*,#6788,.F.);
#6858 = ORIENTED_EDGE('',*,*,#5800,.F.);
#6859 = B_SPLINE_SURFACE_WITH_KNOTS('',1,1,(
    (#6860,#6861)
    ,(#6862,#6863
    )),.UNSPECIFIED.,.F.,.F.,.F.,(2,2),(2,2),(0.,0.194454364826),(0.,1.)
  ,.PIECEWISE_BEZIER_KNOTS.);
#6860 = CARTESIAN_POINT('',(1.875,-2.2375,1.025));
#6861 = CARTESIAN_POINT('',(1.760171280765,-2.180085640382,1.75));
#6862 = CARTESIAN_POINT('',(1.7375,-2.375,1.025));
#6863 = CARTESIAN_POINT('',(1.680085640382,-2.260171280765,1.75));
#6864 = ADVANCED_FACE('',(#6865),#6878,.F.);
#6865 = FACE_BOUND('',#6866,.F.);
#6866 = EDGE_LOOP('',(#6867,#6868,#6874,#6875,#6876,#6877));
#6867 = ORIENTED_EDGE('',*,*,#5923,.F.);
#6868 = ORIENTED_EDGE('',*,*,#6869,.T.);
#6869 = EDGE_CURVE('',#5915,#6556,#6870,.T.);
#6870 = LINE('',#6871,#6872);
#6871 = CARTESIAN_POINT('',(2.25,0.84,1.025));
#6872 = VECTOR('',#6873,1.);
#6873 = DIRECTION('',(2.22044604925E-16,-1.,0.));
#6874 = ORIENTED_EDGE('',*,*,#6564,.T.);
#6875 = ORIENTED_EDGE('',*,*,#6687,.T.);
#6876 = ORIENTED_EDGE('',*,*,#5752,.F.);
#6877 = ORIENTED_EDGE('',*,*,#5830,.F.);
#6878 = PLANE('',#6879);
#6879 = AXIS2_PLACEMENT_3D('',#6880,#6881,#6882);
#6880 = CARTESIAN_POINT('',(2.25,0.84,1.025));
#6881 = DIRECTION('',(0.,0.,-1.));
#6882 = DIRECTION('',(-1.,-2.22044604925E-16,-0.));
#6883 = ADVANCED_FACE('',(#6884),#6897,.F.);
#6884 = FACE_BOUND('',#6885,.F.);
#6885 = EDGE_LOOP('',(#6886,#6887,#6893,#6894,#6895,#6896));
#6886 = ORIENTED_EDGE('',*,*,#6324,.F.);
#6887 = ORIENTED_EDGE('',*,*,#6888,.T.);
#6888 = EDGE_CURVE('',#6316,#6203,#6889,.T.);
#6889 = LINE('',#6890,#6891);
#6890 = CARTESIAN_POINT('',(2.25,-1.7,1.025));
#6891 = VECTOR('',#6892,1.);
#6892 = DIRECTION('',(2.22044604925E-16,-1.,0.));
#6893 = ORIENTED_EDGE('',*,*,#6211,.T.);
#6894 = ORIENTED_EDGE('',*,*,#6225,.T.);
#6895 = ORIENTED_EDGE('',*,*,#5784,.F.);
#6896 = ORIENTED_EDGE('',*,*,#6454,.F.);
#6897 = PLANE('',#6898);
#6898 = AXIS2_PLACEMENT_3D('',#6899,#6900,#6901);
#6899 = CARTESIAN_POINT('',(2.25,-1.7,1.025));
#6900 = DIRECTION('',(0.,0.,-1.));
#6901 = DIRECTION('',(-1.,-2.22044604925E-16,-0.));
#6902 = ADVANCED_FACE('',(#6903),#6916,.F.);
#6903 = FACE_BOUND('',#6904,.F.);
#6904 = EDGE_LOOP('',(#6905,#6906,#6912,#6913,#6914,#6915));
#6905 = ORIENTED_EDGE('',*,*,#6656,.F.);
#6906 = ORIENTED_EDGE('',*,*,#6907,.T.);
#6907 = EDGE_CURVE('',#6648,#6425,#6908,.T.);
#6908 = LINE('',#6909,#6910);
#6909 = CARTESIAN_POINT('',(2.25,-0.43,1.025));
#6910 = VECTOR('',#6911,1.);
#6911 = DIRECTION('',(2.22044604925E-16,-1.,0.));
#6912 = ORIENTED_EDGE('',*,*,#6433,.T.);
#6913 = ORIENTED_EDGE('',*,*,#6447,.T.);
#6914 = ORIENTED_EDGE('',*,*,#5768,.F.);
#6915 = ORIENTED_EDGE('',*,*,#6694,.F.);
#6916 = PLANE('',#6917);
#6917 = AXIS2_PLACEMENT_3D('',#6918,#6919,#6920);
#6918 = CARTESIAN_POINT('',(2.25,-0.43,1.025));
#6919 = DIRECTION('',(0.,0.,-1.));
#6920 = DIRECTION('',(-1.,-2.22044604925E-16,-0.));
#6921 = ADVANCED_FACE('',(#6922),#6933,.T.);
#6922 = FACE_BOUND('',#6923,.T.);
#6923 = EDGE_LOOP('',(#6924,#6925,#6926,#6927));
#6924 = ORIENTED_EDGE('',*,*,#5914,.T.);
#6925 = ORIENTED_EDGE('',*,*,#6869,.T.);
#6926 = ORIENTED_EDGE('',*,*,#6555,.F.);
#6927 = ORIENTED_EDGE('',*,*,#6928,.F.);
#6928 = EDGE_CURVE('',#5907,#6548,#6929,.T.);
#6929 = LINE('',#6930,#6931);
#6930 = CARTESIAN_POINT('',(2.55,0.84,0.725));
#6931 = VECTOR('',#6932,1.);
#6932 = DIRECTION('',(2.22044604925E-16,-1.,0.));
#6933 = CYLINDRICAL_SURFACE('',#6934,0.3);
#6934 = AXIS2_PLACEMENT_3D('',#6935,#6936,#6937);
#6935 = CARTESIAN_POINT('',(2.25,0.84,0.725));
#6936 = DIRECTION('',(-2.22044604925E-16,1.,-0.));
#6937 = DIRECTION('',(1.,2.22044604925E-16,3.700743415417E-16));
#6938 = ADVANCED_FACE('',(#6939),#6950,.F.);
#6939 = FACE_BOUND('',#6940,.F.);
#6940 = EDGE_LOOP('',(#6941,#6947,#6948,#6949));
#6941 = ORIENTED_EDGE('',*,*,#6942,.T.);
#6942 = EDGE_CURVE('',#5898,#6539,#6943,.T.);
#6943 = LINE('',#6944,#6945);
#6944 = CARTESIAN_POINT('',(2.55,0.84,0.3));
#6945 = VECTOR('',#6946,1.);
#6946 = DIRECTION('',(2.22044604925E-16,-1.,0.));
#6947 = ORIENTED_EDGE('',*,*,#6547,.T.);
#6948 = ORIENTED_EDGE('',*,*,#6928,.F.);
#6949 = ORIENTED_EDGE('',*,*,#5906,.F.);
#6950 = PLANE('',#6951);
#6951 = AXIS2_PLACEMENT_3D('',#6952,#6953,#6954);
#6952 = CARTESIAN_POINT('',(2.55,0.84,0.3));
#6953 = DIRECTION('',(-1.,-2.22044604925E-16,0.));
#6954 = DIRECTION('',(0.,0.,1.));
#6955 = ADVANCED_FACE('',(#6956),#6967,.F.);
#6956 = FACE_BOUND('',#6957,.F.);
#6957 = EDGE_LOOP('',(#6958,#6964,#6965,#6966));
#6958 = ORIENTED_EDGE('',*,*,#6959,.T.);
#6959 = EDGE_CURVE('',#5890,#6531,#6960,.T.);
#6960 = LINE('',#6961,#6962);
#6961 = CARTESIAN_POINT('',(2.65,0.84,0.2));
#6962 = VECTOR('',#6963,1.);
#6963 = DIRECTION('',(2.22044604925E-16,-1.,0.));
#6964 = ORIENTED_EDGE('',*,*,#6538,.T.);
#6965 = ORIENTED_EDGE('',*,*,#6942,.F.);
#6966 = ORIENTED_EDGE('',*,*,#5897,.F.);
#6967 = CYLINDRICAL_SURFACE('',#6968,0.1);
#6968 = AXIS2_PLACEMENT_3D('',#6969,#6970,#6971);
#6969 = CARTESIAN_POINT('',(2.65,0.84,0.3));
#6970 = DIRECTION('',(-2.22044604925E-16,1.,0.));
#6971 = DIRECTION('',(0.,0.,-1.));
#6972 = ADVANCED_FACE('',(#6973),#6984,.F.);
#6973 = FACE_BOUND('',#6974,.F.);
#6974 = EDGE_LOOP('',(#6975,#6981,#6982,#6983));
#6975 = ORIENTED_EDGE('',*,*,#6976,.T.);
#6976 = EDGE_CURVE('',#5882,#6523,#6977,.T.);
#6977 = LINE('',#6978,#6979);
#6978 = CARTESIAN_POINT('',(3.,0.84,0.2));
#6979 = VECTOR('',#6980,1.);
#6980 = DIRECTION('',(2.22044604925E-16,-1.,0.));
#6981 = ORIENTED_EDGE('',*,*,#6530,.T.);
#6982 = ORIENTED_EDGE('',*,*,#6959,.F.);
#6983 = ORIENTED_EDGE('',*,*,#5889,.F.);
#6984 = PLANE('',#6985);
#6985 = AXIS2_PLACEMENT_3D('',#6986,#6987,#6988);
#6986 = CARTESIAN_POINT('',(3.,0.84,0.2));
#6987 = DIRECTION('',(0.,0.,-1.));
#6988 = DIRECTION('',(-1.,-2.22044604925E-16,-0.));
#6989 = ADVANCED_FACE('',(#6990),#7001,.F.);
#6990 = FACE_BOUND('',#6991,.F.);
#6991 = EDGE_LOOP('',(#6992,#6998,#6999,#7000));
#6992 = ORIENTED_EDGE('',*,*,#6993,.T.);
#6993 = EDGE_CURVE('',#5874,#6515,#6994,.T.);
#6994 = LINE('',#6995,#6996);
#6995 = CARTESIAN_POINT('',(3.,0.84,5.551115123126E-17));
#6996 = VECTOR('',#6997,1.);
#6997 = DIRECTION('',(2.22044604925E-16,-1.,0.));
#6998 = ORIENTED_EDGE('',*,*,#6522,.T.);
#6999 = ORIENTED_EDGE('',*,*,#6976,.F.);
#7000 = ORIENTED_EDGE('',*,*,#5881,.F.);
#7001 = PLANE('',#7002);
#7002 = AXIS2_PLACEMENT_3D('',#7003,#7004,#7005);
#7003 = CARTESIAN_POINT('',(3.,0.84,5.551115123126E-17));
#7004 = DIRECTION('',(-1.,-2.22044604925E-16,0.));
#7005 = DIRECTION('',(0.,0.,1.));
#7006 = ADVANCED_FACE('',(#7007),#7018,.F.);
#7007 = FACE_BOUND('',#7008,.F.);
#7008 = EDGE_LOOP('',(#7009,#7015,#7016,#7017));
#7009 = ORIENTED_EDGE('',*,*,#7010,.T.);
#7010 = EDGE_CURVE('',#5865,#6506,#7011,.T.);
#7011 = LINE('',#7012,#7013);
#7012 = CARTESIAN_POINT('',(2.65,0.84,5.551115123126E-17));
#7013 = VECTOR('',#7014,1.);
#7014 = DIRECTION('',(2.22044604925E-16,-1.,0.));
#7015 = ORIENTED_EDGE('',*,*,#6514,.T.);
#7016 = ORIENTED_EDGE('',*,*,#6993,.F.);
#7017 = ORIENTED_EDGE('',*,*,#5873,.F.);
#7018 = PLANE('',#7019);
#7019 = AXIS2_PLACEMENT_3D('',#7020,#7021,#7022);
#7020 = CARTESIAN_POINT('',(2.65,0.84,5.551115123126E-17));
#7021 = DIRECTION('',(0.,0.,1.));
#7022 = DIRECTION('',(1.,2.22044604925E-16,-0.));
#7023 = ADVANCED_FACE('',(#7024),#7035,.T.);
#7024 = FACE_BOUND('',#7025,.T.);
#7025 = EDGE_LOOP('',(#7026,#7027,#7028,#7029));
#7026 = ORIENTED_EDGE('',*,*,#5864,.T.);
#7027 = ORIENTED_EDGE('',*,*,#7010,.T.);
#7028 = ORIENTED_EDGE('',*,*,#6505,.F.);
#7029 = ORIENTED_EDGE('',*,*,#7030,.F.);
#7030 = EDGE_CURVE('',#5857,#6498,#7031,.T.);
#7031 = LINE('',#7032,#7033);
#7032 = CARTESIAN_POINT('',(2.35,0.84,0.3));
#7033 = VECTOR('',#7034,1.);
#7034 = DIRECTION('',(2.22044604925E-16,-1.,0.));
#7035 = CYLINDRICAL_SURFACE('',#7036,0.3);
#7036 = AXIS2_PLACEMENT_3D('',#7037,#7038,#7039);
#7037 = CARTESIAN_POINT('',(2.65,0.84,0.3));
#7038 = DIRECTION('',(-2.22044604925E-16,1.,-0.));
#7039 = DIRECTION('',(-1.,-2.22044604925E-16,3.515706244646E-15));
#7040 = ADVANCED_FACE('',(#7041),#7047,.F.);
#7041 = FACE_BOUND('',#7042,.F.);
#7042 = EDGE_LOOP('',(#7043,#7044,#7045,#7046));
#7043 = ORIENTED_EDGE('',*,*,#6479,.T.);
#7044 = ORIENTED_EDGE('',*,*,#6497,.T.);
#7045 = ORIENTED_EDGE('',*,*,#7030,.F.);
#7046 = ORIENTED_EDGE('',*,*,#5856,.F.);
#7047 = PLANE('',#7048);
#7048 = AXIS2_PLACEMENT_3D('',#7049,#7050,#7051);
#7049 = CARTESIAN_POINT('',(2.35,0.84,0.725));
#7050 = DIRECTION('',(1.,2.22044604925E-16,1.044915787883E-15));
#7051 = DIRECTION('',(1.044915787883E-15,2.320179133003E-31,-1.));
#7052 = ADVANCED_FACE('',(#7053),#7070,.F.);
#7053 = FACE_BOUND('',#7054,.F.);
#7054 = EDGE_LOOP('',(#7055,#7056,#7063,#7069));
#7055 = ORIENTED_EDGE('',*,*,#5968,.T.);
#7056 = ORIENTED_EDGE('',*,*,#7057,.T.);
#7057 = EDGE_CURVE('',#5962,#7058,#7060,.T.);
#7058 = VERTEX_POINT('',#7059);
#7059 = CARTESIAN_POINT('',(-1.775,-2.45,1.025));
#7060 = B_SPLINE_CURVE_WITH_KNOTS('',1,(#7061,#7062),.UNSPECIFIED.,.F.,
  .F.,(2,2),(0.,1.),.PIECEWISE_BEZIER_KNOTS.);
#7061 = CARTESIAN_POINT('',(-1.775,-2.45,0.825));
#7062 = CARTESIAN_POINT('',(-1.775,-2.45,1.025));
#7063 = ORIENTED_EDGE('',*,*,#7064,.F.);
#7064 = EDGE_CURVE('',#6112,#7058,#7065,.T.);
#7065 = LINE('',#7066,#7067);
#7066 = CARTESIAN_POINT('',(1.775,-2.45,1.025));
#7067 = VECTOR('',#7068,1.);
#7068 = DIRECTION('',(-1.,-2.22044604925E-16,0.));
#7069 = ORIENTED_EDGE('',*,*,#6111,.F.);
#7070 = PLANE('',#7071);
#7071 = AXIS2_PLACEMENT_3D('',#7072,#7073,#7074);
#7072 = CARTESIAN_POINT('',(1.775,-2.45,1.025));
#7073 = DIRECTION('',(-2.22044604925E-16,1.,0.));
#7074 = DIRECTION('',(-1.,-2.22044604925E-16,0.));
#7075 = ADVANCED_FACE('',(#7076),#7093,.F.);
#7076 = FACE_BOUND('',#7077,.F.);
#7077 = EDGE_LOOP('',(#7078,#7079,#7086,#7092));
#7078 = ORIENTED_EDGE('',*,*,#5991,.T.);
#7079 = ORIENTED_EDGE('',*,*,#7080,.T.);
#7080 = EDGE_CURVE('',#5985,#7081,#7083,.T.);
#7081 = VERTEX_POINT('',#7082);
#7082 = CARTESIAN_POINT('',(-1.95,-2.275,1.025));
#7083 = B_SPLINE_CURVE_WITH_KNOTS('',1,(#7084,#7085),.UNSPECIFIED.,.F.,
  .F.,(2,2),(0.,1.),.PIECEWISE_BEZIER_KNOTS.);
#7084 = CARTESIAN_POINT('',(-1.95,-2.275,0.825));
#7085 = CARTESIAN_POINT('',(-1.95,-2.275,1.025));
#7086 = ORIENTED_EDGE('',*,*,#7087,.F.);
#7087 = EDGE_CURVE('',#7058,#7081,#7088,.T.);
#7088 = LINE('',#7089,#7090);
#7089 = CARTESIAN_POINT('',(-1.775,-2.45,1.025));
#7090 = VECTOR('',#7091,1.);
#7091 = DIRECTION('',(-0.707106781187,0.707106781187,0.));
#7092 = ORIENTED_EDGE('',*,*,#7057,.F.);
#7093 = PLANE('',#7094);
#7094 = AXIS2_PLACEMENT_3D('',#7095,#7096,#7097);
#7095 = CARTESIAN_POINT('',(-1.775,-2.45,1.025));
#7096 = DIRECTION('',(0.707106781187,0.707106781187,0.));
#7097 = DIRECTION('',(-0.707106781187,0.707106781187,0.));
#7098 = ADVANCED_FACE('',(#7099),#7117,.F.);
#7099 = FACE_BOUND('',#7100,.F.);
#7100 = EDGE_LOOP('',(#7101,#7102,#7103,#7111));
#7101 = ORIENTED_EDGE('',*,*,#7080,.F.);
#7102 = ORIENTED_EDGE('',*,*,#6078,.T.);
#7103 = ORIENTED_EDGE('',*,*,#7104,.T.);
#7104 = EDGE_CURVE('',#6071,#7105,#7107,.T.);
#7105 = VERTEX_POINT('',#7106);
#7106 = CARTESIAN_POINT('',(-1.95,-2.11,1.025));
#7107 = LINE('',#7108,#7109);
#7108 = CARTESIAN_POINT('',(-1.95,-2.11,0.778829828783));
#7109 = VECTOR('',#7110,1.);
#7110 = DIRECTION('',(0.,0.,1.));
#7111 = ORIENTED_EDGE('',*,*,#7112,.F.);
#7112 = EDGE_CURVE('',#7081,#7105,#7113,.T.);
#7113 = LINE('',#7114,#7115);
#7114 = CARTESIAN_POINT('',(-1.95,-2.275,1.025));
#7115 = VECTOR('',#7116,1.);
#7116 = DIRECTION('',(-2.22044604925E-16,1.,0.));
#7117 = PLANE('',#7118);
#7118 = AXIS2_PLACEMENT_3D('',#7119,#7120,#7121);
#7119 = CARTESIAN_POINT('',(-1.95,-2.275,1.025));
#7120 = DIRECTION('',(1.,2.22044604925E-16,0.));
#7121 = DIRECTION('',(-2.22044604925E-16,1.,0.));
#7122 = ADVANCED_FACE('',(#7123),#7147,.F.);
#7123 = FACE_BOUND('',#7124,.F.);
#7124 = EDGE_LOOP('',(#7125,#7133,#7134,#7141));
#7125 = ORIENTED_EDGE('',*,*,#7126,.F.);
#7126 = EDGE_CURVE('',#6015,#7127,#7129,.T.);
#7127 = VERTEX_POINT('',#7128);
#7128 = CARTESIAN_POINT('',(-1.95,2.11,1.025));
#7129 = LINE('',#7130,#7131);
#7130 = CARTESIAN_POINT('',(-1.95,2.11,0.778829828783));
#7131 = VECTOR('',#7132,1.);
#7132 = DIRECTION('',(0.,0.,1.));
#7133 = ORIENTED_EDGE('',*,*,#6014,.T.);
#7134 = ORIENTED_EDGE('',*,*,#7135,.T.);
#7135 = EDGE_CURVE('',#6008,#7136,#7138,.T.);
#7136 = VERTEX_POINT('',#7137);
#7137 = CARTESIAN_POINT('',(-1.95,2.275,1.025));
#7138 = B_SPLINE_CURVE_WITH_KNOTS('',1,(#7139,#7140),.UNSPECIFIED.,.F.,
  .F.,(2,2),(0.,1.),.PIECEWISE_BEZIER_KNOTS.);
#7139 = CARTESIAN_POINT('',(-1.95,2.275,0.825));
#7140 = CARTESIAN_POINT('',(-1.95,2.275,1.025));
#7141 = ORIENTED_EDGE('',*,*,#7142,.F.);
#7142 = EDGE_CURVE('',#7127,#7136,#7143,.T.);
#7143 = LINE('',#7144,#7145);
#7144 = CARTESIAN_POINT('',(-1.95,-2.275,1.025));
#7145 = VECTOR('',#7146,1.);
#7146 = DIRECTION('',(-2.22044604925E-16,1.,0.));
#7147 = PLANE('',#7148);
#7148 = AXIS2_PLACEMENT_3D('',#7149,#7150,#7151);
#7149 = CARTESIAN_POINT('',(-1.95,-2.275,1.025));
#7150 = DIRECTION('',(1.,2.22044604925E-16,0.));
#7151 = DIRECTION('',(-2.22044604925E-16,1.,0.));
#7152 = ADVANCED_FACE('',(#7153),#7178,.F.);
#7153 = FACE_BOUND('',#7154,.F.);
#7154 = EDGE_LOOP('',(#7155,#7163,#7164,#7172));
#7155 = ORIENTED_EDGE('',*,*,#7156,.F.);
#7156 = EDGE_CURVE('',#6071,#7157,#7159,.T.);
#7157 = VERTEX_POINT('',#7158);
#7158 = CARTESIAN_POINT('',(-2.25,-2.11,0.825));
#7159 = LINE('',#7160,#7161);
#7160 = CARTESIAN_POINT('',(-1.8,-2.11,0.825));
#7161 = VECTOR('',#7162,1.);
#7162 = DIRECTION('',(-1.,-9.95799250103E-17,0.));
#7163 = ORIENTED_EDGE('',*,*,#6070,.T.);
#7164 = ORIENTED_EDGE('',*,*,#7165,.T.);
#7165 = EDGE_CURVE('',#6063,#7166,#7168,.T.);
#7166 = VERTEX_POINT('',#7167);
#7167 = CARTESIAN_POINT('',(-2.25,-1.7,0.825));
#7168 = LINE('',#7169,#7170);
#7169 = CARTESIAN_POINT('',(-1.8,-1.7,0.825));
#7170 = VECTOR('',#7171,1.);
#7171 = DIRECTION('',(-1.,-9.95799250103E-17,0.));
#7172 = ORIENTED_EDGE('',*,*,#7173,.F.);
#7173 = EDGE_CURVE('',#7157,#7166,#7174,.T.);
#7174 = LINE('',#7175,#7176);
#7175 = CARTESIAN_POINT('',(-2.25,-2.11,0.825));
#7176 = VECTOR('',#7177,1.);
#7177 = DIRECTION('',(-9.95799250103E-17,1.,0.));
#7178 = PLANE('',#7179);
#7179 = AXIS2_PLACEMENT_3D('',#7180,#7181,#7182);
#7180 = CARTESIAN_POINT('',(-1.8,-2.11,0.825));
#7181 = DIRECTION('',(0.,0.,1.));
#7182 = DIRECTION('',(-1.,-9.95799250103E-17,0.));
#7183 = ADVANCED_FACE('',(#7184),#7209,.F.);
#7184 = FACE_BOUND('',#7185,.F.);
#7185 = EDGE_LOOP('',(#7186,#7194,#7195,#7203));
#7186 = ORIENTED_EDGE('',*,*,#7187,.F.);
#7187 = EDGE_CURVE('',#6023,#7188,#7190,.T.);
#7188 = VERTEX_POINT('',#7189);
#7189 = CARTESIAN_POINT('',(-2.25,1.7,0.825));
#7190 = LINE('',#7191,#7192);
#7191 = CARTESIAN_POINT('',(-1.8,1.7,0.825));
#7192 = VECTOR('',#7193,1.);
#7193 = DIRECTION('',(-1.,-9.95799250103E-17,0.));
#7194 = ORIENTED_EDGE('',*,*,#6022,.T.);
#7195 = ORIENTED_EDGE('',*,*,#7196,.T.);
#7196 = EDGE_CURVE('',#6015,#7197,#7199,.T.);
#7197 = VERTEX_POINT('',#7198);
#7198 = CARTESIAN_POINT('',(-2.25,2.11,0.825));
#7199 = LINE('',#7200,#7201);
#7200 = CARTESIAN_POINT('',(-1.8,2.11,0.825));
#7201 = VECTOR('',#7202,1.);
#7202 = DIRECTION('',(-1.,-9.95799250103E-17,0.));
#7203 = ORIENTED_EDGE('',*,*,#7204,.F.);
#7204 = EDGE_CURVE('',#7188,#7197,#7205,.T.);
#7205 = LINE('',#7206,#7207);
#7206 = CARTESIAN_POINT('',(-2.25,1.7,0.825));
#7207 = VECTOR('',#7208,1.);
#7208 = DIRECTION('',(-9.95799250103E-17,1.,0.));
#7209 = PLANE('',#7210);
#7210 = AXIS2_PLACEMENT_3D('',#7211,#7212,#7213);
#7211 = CARTESIAN_POINT('',(-1.8,1.7,0.825));
#7212 = DIRECTION('',(0.,0.,1.));
#7213 = DIRECTION('',(-1.,-9.95799250103E-17,0.));
#7214 = ADVANCED_FACE('',(#7215),#7240,.F.);
#7215 = FACE_BOUND('',#7216,.F.);
#7216 = EDGE_LOOP('',(#7217,#7225,#7226,#7234));
#7217 = ORIENTED_EDGE('',*,*,#7218,.F.);
#7218 = EDGE_CURVE('',#6063,#7219,#7221,.T.);
#7219 = VERTEX_POINT('',#7220);
#7220 = CARTESIAN_POINT('',(-1.95,-1.7,1.025));
#7221 = LINE('',#7222,#7223);
#7222 = CARTESIAN_POINT('',(-1.95,-1.7,0.778829828783));
#7223 = VECTOR('',#7224,1.);
#7224 = DIRECTION('',(0.,0.,1.));
#7225 = ORIENTED_EDGE('',*,*,#6062,.T.);
#7226 = ORIENTED_EDGE('',*,*,#7227,.T.);
#7227 = EDGE_CURVE('',#6055,#7228,#7230,.T.);
#7228 = VERTEX_POINT('',#7229);
#7229 = CARTESIAN_POINT('',(-1.95,-0.84,1.025));
#7230 = LINE('',#7231,#7232);
#7231 = CARTESIAN_POINT('',(-1.95,-0.84,0.778829828783));
#7232 = VECTOR('',#7233,1.);
#7233 = DIRECTION('',(0.,0.,1.));
#7234 = ORIENTED_EDGE('',*,*,#7235,.F.);
#7235 = EDGE_CURVE('',#7219,#7228,#7236,.T.);
#7236 = LINE('',#7237,#7238);
#7237 = CARTESIAN_POINT('',(-1.95,-2.275,1.025));
#7238 = VECTOR('',#7239,1.);
#7239 = DIRECTION('',(-2.22044604925E-16,1.,0.));
#7240 = PLANE('',#7241);
#7241 = AXIS2_PLACEMENT_3D('',#7242,#7243,#7244);
#7242 = CARTESIAN_POINT('',(-1.95,-2.275,1.025));
#7243 = DIRECTION('',(1.,2.22044604925E-16,0.));
#7244 = DIRECTION('',(-2.22044604925E-16,1.,0.));
#7245 = ADVANCED_FACE('',(#7246),#7271,.F.);
#7246 = FACE_BOUND('',#7247,.F.);
#7247 = EDGE_LOOP('',(#7248,#7256,#7257,#7265));
#7248 = ORIENTED_EDGE('',*,*,#7249,.F.);
#7249 = EDGE_CURVE('',#6031,#7250,#7252,.T.);
#7250 = VERTEX_POINT('',#7251);
#7251 = CARTESIAN_POINT('',(-1.95,0.84,1.025));
#7252 = LINE('',#7253,#7254);
#7253 = CARTESIAN_POINT('',(-1.95,0.84,0.778829828783));
#7254 = VECTOR('',#7255,1.);
#7255 = DIRECTION('',(0.,0.,1.));
#7256 = ORIENTED_EDGE('',*,*,#6030,.T.);
#7257 = ORIENTED_EDGE('',*,*,#7258,.T.);
#7258 = EDGE_CURVE('',#6023,#7259,#7261,.T.);
#7259 = VERTEX_POINT('',#7260);
#7260 = CARTESIAN_POINT('',(-1.95,1.7,1.025));
#7261 = LINE('',#7262,#7263);
#7262 = CARTESIAN_POINT('',(-1.95,1.7,0.778829828783));
#7263 = VECTOR('',#7264,1.);
#7264 = DIRECTION('',(0.,0.,1.));
#7265 = ORIENTED_EDGE('',*,*,#7266,.F.);
#7266 = EDGE_CURVE('',#7250,#7259,#7267,.T.);
#7267 = LINE('',#7268,#7269);
#7268 = CARTESIAN_POINT('',(-1.95,-2.275,1.025));
#7269 = VECTOR('',#7270,1.);
#7270 = DIRECTION('',(-2.22044604925E-16,1.,0.));
#7271 = PLANE('',#7272);
#7272 = AXIS2_PLACEMENT_3D('',#7273,#7274,#7275);
#7273 = CARTESIAN_POINT('',(-1.95,-2.275,1.025));
#7274 = DIRECTION('',(1.,2.22044604925E-16,0.));
#7275 = DIRECTION('',(-2.22044604925E-16,1.,0.));
#7276 = ADVANCED_FACE('',(#7277),#7302,.F.);
#7277 = FACE_BOUND('',#7278,.F.);
#7278 = EDGE_LOOP('',(#7279,#7287,#7288,#7296));
#7279 = ORIENTED_EDGE('',*,*,#7280,.F.);
#7280 = EDGE_CURVE('',#6055,#7281,#7283,.T.);
#7281 = VERTEX_POINT('',#7282);
#7282 = CARTESIAN_POINT('',(-2.25,-0.84,0.825));
#7283 = LINE('',#7284,#7285);
#7284 = CARTESIAN_POINT('',(-1.8,-0.84,0.825));
#7285 = VECTOR('',#7286,1.);
#7286 = DIRECTION('',(-1.,-9.95799250103E-17,0.));
#7287 = ORIENTED_EDGE('',*,*,#6054,.T.);
#7288 = ORIENTED_EDGE('',*,*,#7289,.T.);
#7289 = EDGE_CURVE('',#6047,#7290,#7292,.T.);
#7290 = VERTEX_POINT('',#7291);
#7291 = CARTESIAN_POINT('',(-2.25,-0.43,0.825));
#7292 = LINE('',#7293,#7294);
#7293 = CARTESIAN_POINT('',(-1.8,-0.43,0.825));
#7294 = VECTOR('',#7295,1.);
#7295 = DIRECTION('',(-1.,-9.95799250103E-17,0.));
#7296 = ORIENTED_EDGE('',*,*,#7297,.F.);
#7297 = EDGE_CURVE('',#7281,#7290,#7298,.T.);
#7298 = LINE('',#7299,#7300);
#7299 = CARTESIAN_POINT('',(-2.25,-0.84,0.825));
#7300 = VECTOR('',#7301,1.);
#7301 = DIRECTION('',(-9.95799250103E-17,1.,0.));
#7302 = PLANE('',#7303);
#7303 = AXIS2_PLACEMENT_3D('',#7304,#7305,#7306);
#7304 = CARTESIAN_POINT('',(-1.8,-0.84,0.825));
#7305 = DIRECTION('',(0.,0.,1.));
#7306 = DIRECTION('',(-1.,-9.95799250103E-17,0.));
#7307 = ADVANCED_FACE('',(#7308),#7333,.F.);
#7308 = FACE_BOUND('',#7309,.F.);
#7309 = EDGE_LOOP('',(#7310,#7318,#7319,#7327));
#7310 = ORIENTED_EDGE('',*,*,#7311,.F.);
#7311 = EDGE_CURVE('',#6039,#7312,#7314,.T.);
#7312 = VERTEX_POINT('',#7313);
#7313 = CARTESIAN_POINT('',(-2.25,0.43,0.825));
#7314 = LINE('',#7315,#7316);
#7315 = CARTESIAN_POINT('',(-1.8,0.43,0.825));
#7316 = VECTOR('',#7317,1.);
#7317 = DIRECTION('',(-1.,-9.95799250103E-17,0.));
#7318 = ORIENTED_EDGE('',*,*,#6038,.T.);
#7319 = ORIENTED_EDGE('',*,*,#7320,.T.);
#7320 = EDGE_CURVE('',#6031,#7321,#7323,.T.);
#7321 = VERTEX_POINT('',#7322);
#7322 = CARTESIAN_POINT('',(-2.25,0.84,0.825));
#7323 = LINE('',#7324,#7325);
#7324 = CARTESIAN_POINT('',(-1.8,0.84,0.825));
#7325 = VECTOR('',#7326,1.);
#7326 = DIRECTION('',(-1.,-9.95799250103E-17,0.));
#7327 = ORIENTED_EDGE('',*,*,#7328,.F.);
#7328 = EDGE_CURVE('',#7312,#7321,#7329,.T.);
#7329 = LINE('',#7330,#7331);
#7330 = CARTESIAN_POINT('',(-2.25,0.43,0.825));
#7331 = VECTOR('',#7332,1.);
#7332 = DIRECTION('',(-9.95799250103E-17,1.,0.));
#7333 = PLANE('',#7334);
#7334 = AXIS2_PLACEMENT_3D('',#7335,#7336,#7337);
#7335 = CARTESIAN_POINT('',(-1.8,0.43,0.825));
#7336 = DIRECTION('',(0.,0.,1.));
#7337 = DIRECTION('',(-1.,-9.95799250103E-17,0.));
#7338 = ADVANCED_FACE('',(#7339),#7364,.F.);
#7339 = FACE_BOUND('',#7340,.F.);
#7340 = EDGE_LOOP('',(#7341,#7349,#7350,#7358));
#7341 = ORIENTED_EDGE('',*,*,#7342,.F.);
#7342 = EDGE_CURVE('',#6047,#7343,#7345,.T.);
#7343 = VERTEX_POINT('',#7344);
#7344 = CARTESIAN_POINT('',(-1.95,-0.43,1.025));
#7345 = LINE('',#7346,#7347);
#7346 = CARTESIAN_POINT('',(-1.95,-0.43,0.778829828783));
#7347 = VECTOR('',#7348,1.);
#7348 = DIRECTION('',(0.,0.,1.));
#7349 = ORIENTED_EDGE('',*,*,#6046,.T.);
#7350 = ORIENTED_EDGE('',*,*,#7351,.T.);
#7351 = EDGE_CURVE('',#6039,#7352,#7354,.T.);
#7352 = VERTEX_POINT('',#7353);
#7353 = CARTESIAN_POINT('',(-1.95,0.43,1.025));
#7354 = LINE('',#7355,#7356);
#7355 = CARTESIAN_POINT('',(-1.95,0.43,0.778829828783));
#7356 = VECTOR('',#7357,1.);
#7357 = DIRECTION('',(0.,0.,1.));
#7358 = ORIENTED_EDGE('',*,*,#7359,.F.);
#7359 = EDGE_CURVE('',#7343,#7352,#7360,.T.);
#7360 = LINE('',#7361,#7362);
#7361 = CARTESIAN_POINT('',(-1.95,-2.275,1.025));
#7362 = VECTOR('',#7363,1.);
#7363 = DIRECTION('',(-2.22044604925E-16,1.,0.));
#7364 = PLANE('',#7365);
#7365 = AXIS2_PLACEMENT_3D('',#7366,#7367,#7368);
#7366 = CARTESIAN_POINT('',(-1.95,-2.275,1.025));
#7367 = DIRECTION('',(1.,2.22044604925E-16,0.));
#7368 = DIRECTION('',(-2.22044604925E-16,1.,0.));
#7369 = ADVANCED_FACE('',(#7370),#7381,.F.);
#7370 = FACE_BOUND('',#7371,.F.);
#7371 = EDGE_LOOP('',(#7372,#7373,#7374,#7380));
#7372 = ORIENTED_EDGE('',*,*,#6095,.T.);
#7373 = ORIENTED_EDGE('',*,*,#6742,.T.);
#7374 = ORIENTED_EDGE('',*,*,#7375,.F.);
#7375 = EDGE_CURVE('',#7136,#6735,#7376,.T.);
#7376 = LINE('',#7377,#7378);
#7377 = CARTESIAN_POINT('',(-1.95,2.275,1.025));
#7378 = VECTOR('',#7379,1.);
#7379 = DIRECTION('',(0.707106781187,0.707106781187,0.));
#7380 = ORIENTED_EDGE('',*,*,#7135,.F.);
#7381 = PLANE('',#7382);
#7382 = AXIS2_PLACEMENT_3D('',#7383,#7384,#7385);
#7383 = CARTESIAN_POINT('',(-1.95,2.275,1.025));
#7384 = DIRECTION('',(0.707106781187,-0.707106781187,0.));
#7385 = DIRECTION('',(0.707106781187,0.707106781187,0.));
#7386 = ADVANCED_FACE('',(#7387),#7397,.F.);
#7387 = FACE_BOUND('',#7388,.F.);
#7388 = EDGE_LOOP('',(#7389,#7390,#7395,#7396));
#7389 = ORIENTED_EDGE('',*,*,#6118,.T.);
#7390 = ORIENTED_EDGE('',*,*,#7391,.T.);
#7391 = EDGE_CURVE('',#6112,#6846,#7392,.T.);
#7392 = B_SPLINE_CURVE_WITH_KNOTS('',1,(#7393,#7394),.UNSPECIFIED.,.F.,
  .F.,(2,2),(0.,1.),.PIECEWISE_BEZIER_KNOTS.);
#7393 = CARTESIAN_POINT('',(1.775,-2.45,1.025));
#7394 = CARTESIAN_POINT('',(1.7375,-2.375,1.025));
#7395 = ORIENTED_EDGE('',*,*,#6845,.F.);
#7396 = ORIENTED_EDGE('',*,*,#6232,.F.);
#7397 = B_SPLINE_SURFACE_WITH_KNOTS('',1,1,(
    (#7398,#7399)
    ,(#7400,#7401
    )),.UNSPECIFIED.,.F.,.F.,.F.,(2,2),(2,2),(0.,0.247487373415),(0.,1.)
  ,.PIECEWISE_BEZIER_KNOTS.);
#7398 = CARTESIAN_POINT('',(1.95,-2.275,1.025));
#7399 = CARTESIAN_POINT('',(1.875,-2.2375,1.025));
#7400 = CARTESIAN_POINT('',(1.775,-2.45,1.025));
#7401 = CARTESIAN_POINT('',(1.7375,-2.375,1.025));
#7402 = ADVANCED_FACE('',(#7403),#7414,.T.);
#7403 = FACE_BOUND('',#7404,.T.);
#7404 = EDGE_LOOP('',(#7405,#7406,#7407,#7408));
#7405 = ORIENTED_EDGE('',*,*,#6315,.T.);
#7406 = ORIENTED_EDGE('',*,*,#6888,.T.);
#7407 = ORIENTED_EDGE('',*,*,#6202,.F.);
#7408 = ORIENTED_EDGE('',*,*,#7409,.F.);
#7409 = EDGE_CURVE('',#6308,#6195,#7410,.T.);
#7410 = LINE('',#7411,#7412);
#7411 = CARTESIAN_POINT('',(2.55,-1.7,0.725));
#7412 = VECTOR('',#7413,1.);
#7413 = DIRECTION('',(2.22044604925E-16,-1.,0.));
#7414 = CYLINDRICAL_SURFACE('',#7415,0.3);
#7415 = AXIS2_PLACEMENT_3D('',#7416,#7417,#7418);
#7416 = CARTESIAN_POINT('',(2.25,-1.7,0.725));
#7417 = DIRECTION('',(-2.22044604925E-16,1.,-0.));
#7418 = DIRECTION('',(1.,2.22044604925E-16,3.700743415417E-16));
#7419 = ADVANCED_FACE('',(#7420),#7431,.F.);
#7420 = FACE_BOUND('',#7421,.F.);
#7421 = EDGE_LOOP('',(#7422,#7428,#7429,#7430));
#7422 = ORIENTED_EDGE('',*,*,#7423,.T.);
#7423 = EDGE_CURVE('',#6299,#6186,#7424,.T.);
#7424 = LINE('',#7425,#7426);
#7425 = CARTESIAN_POINT('',(2.55,-1.7,0.3));
#7426 = VECTOR('',#7427,1.);
#7427 = DIRECTION('',(2.22044604925E-16,-1.,0.));
#7428 = ORIENTED_EDGE('',*,*,#6194,.T.);
#7429 = ORIENTED_EDGE('',*,*,#7409,.F.);
#7430 = ORIENTED_EDGE('',*,*,#6307,.F.);
#7431 = PLANE('',#7432);
#7432 = AXIS2_PLACEMENT_3D('',#7433,#7434,#7435);
#7433 = CARTESIAN_POINT('',(2.55,-1.7,0.3));
#7434 = DIRECTION('',(-1.,-2.22044604925E-16,0.));
#7435 = DIRECTION('',(0.,0.,1.));
#7436 = ADVANCED_FACE('',(#7437),#7448,.F.);
#7437 = FACE_BOUND('',#7438,.F.);
#7438 = EDGE_LOOP('',(#7439,#7445,#7446,#7447));
#7439 = ORIENTED_EDGE('',*,*,#7440,.T.);
#7440 = EDGE_CURVE('',#6291,#6178,#7441,.T.);
#7441 = LINE('',#7442,#7443);
#7442 = CARTESIAN_POINT('',(2.65,-1.7,0.2));
#7443 = VECTOR('',#7444,1.);
#7444 = DIRECTION('',(2.22044604925E-16,-1.,0.));
#7445 = ORIENTED_EDGE('',*,*,#6185,.T.);
#7446 = ORIENTED_EDGE('',*,*,#7423,.F.);
#7447 = ORIENTED_EDGE('',*,*,#6298,.F.);
#7448 = CYLINDRICAL_SURFACE('',#7449,0.1);
#7449 = AXIS2_PLACEMENT_3D('',#7450,#7451,#7452);
#7450 = CARTESIAN_POINT('',(2.65,-1.7,0.3));
#7451 = DIRECTION('',(-2.22044604925E-16,1.,0.));
#7452 = DIRECTION('',(0.,0.,-1.));
#7453 = ADVANCED_FACE('',(#7454),#7465,.F.);
#7454 = FACE_BOUND('',#7455,.F.);
#7455 = EDGE_LOOP('',(#7456,#7462,#7463,#7464));
#7456 = ORIENTED_EDGE('',*,*,#7457,.T.);
#7457 = EDGE_CURVE('',#6283,#6170,#7458,.T.);
#7458 = LINE('',#7459,#7460);
#7459 = CARTESIAN_POINT('',(3.,-1.7,0.2));
#7460 = VECTOR('',#7461,1.);
#7461 = DIRECTION('',(2.22044604925E-16,-1.,0.));
#7462 = ORIENTED_EDGE('',*,*,#6177,.T.);
#7463 = ORIENTED_EDGE('',*,*,#7440,.F.);
#7464 = ORIENTED_EDGE('',*,*,#6290,.F.);
#7465 = PLANE('',#7466);
#7466 = AXIS2_PLACEMENT_3D('',#7467,#7468,#7469);
#7467 = CARTESIAN_POINT('',(3.,-1.7,0.2));
#7468 = DIRECTION('',(0.,0.,-1.));
#7469 = DIRECTION('',(-1.,-2.22044604925E-16,-0.));
#7470 = ADVANCED_FACE('',(#7471),#7482,.F.);
#7471 = FACE_BOUND('',#7472,.F.);
#7472 = EDGE_LOOP('',(#7473,#7479,#7480,#7481));
#7473 = ORIENTED_EDGE('',*,*,#7474,.T.);
#7474 = EDGE_CURVE('',#6275,#6162,#7475,.T.);
#7475 = LINE('',#7476,#7477);
#7476 = CARTESIAN_POINT('',(3.,-1.7,5.551115123126E-17));
#7477 = VECTOR('',#7478,1.);
#7478 = DIRECTION('',(2.22044604925E-16,-1.,0.));
#7479 = ORIENTED_EDGE('',*,*,#6169,.T.);
#7480 = ORIENTED_EDGE('',*,*,#7457,.F.);
#7481 = ORIENTED_EDGE('',*,*,#6282,.F.);
#7482 = PLANE('',#7483);
#7483 = AXIS2_PLACEMENT_3D('',#7484,#7485,#7486);
#7484 = CARTESIAN_POINT('',(3.,-1.7,5.551115123126E-17));
#7485 = DIRECTION('',(-1.,-2.22044604925E-16,0.));
#7486 = DIRECTION('',(0.,0.,1.));
#7487 = ADVANCED_FACE('',(#7488),#7499,.F.);
#7488 = FACE_BOUND('',#7489,.F.);
#7489 = EDGE_LOOP('',(#7490,#7496,#7497,#7498));
#7490 = ORIENTED_EDGE('',*,*,#7491,.T.);
#7491 = EDGE_CURVE('',#6266,#6153,#7492,.T.);
#7492 = LINE('',#7493,#7494);
#7493 = CARTESIAN_POINT('',(2.65,-1.7,5.551115123126E-17));
#7494 = VECTOR('',#7495,1.);
#7495 = DIRECTION('',(2.22044604925E-16,-1.,0.));
#7496 = ORIENTED_EDGE('',*,*,#6161,.T.);
#7497 = ORIENTED_EDGE('',*,*,#7474,.F.);
#7498 = ORIENTED_EDGE('',*,*,#6274,.F.);
#7499 = PLANE('',#7500);
#7500 = AXIS2_PLACEMENT_3D('',#7501,#7502,#7503);
#7501 = CARTESIAN_POINT('',(2.65,-1.7,5.551115123126E-17));
#7502 = DIRECTION('',(0.,0.,1.));
#7503 = DIRECTION('',(1.,2.22044604925E-16,-0.));
#7504 = ADVANCED_FACE('',(#7505),#7516,.T.);
#7505 = FACE_BOUND('',#7506,.T.);
#7506 = EDGE_LOOP('',(#7507,#7508,#7509,#7510));
#7507 = ORIENTED_EDGE('',*,*,#6265,.T.);
#7508 = ORIENTED_EDGE('',*,*,#7491,.T.);
#7509 = ORIENTED_EDGE('',*,*,#6152,.F.);
#7510 = ORIENTED_EDGE('',*,*,#7511,.F.);
#7511 = EDGE_CURVE('',#6258,#6145,#7512,.T.);
#7512 = LINE('',#7513,#7514);
#7513 = CARTESIAN_POINT('',(2.35,-1.7,0.3));
#7514 = VECTOR('',#7515,1.);
#7515 = DIRECTION('',(2.22044604925E-16,-1.,0.));
#7516 = CYLINDRICAL_SURFACE('',#7517,0.3);
#7517 = AXIS2_PLACEMENT_3D('',#7518,#7519,#7520);
#7518 = CARTESIAN_POINT('',(2.65,-1.7,0.3));
#7519 = DIRECTION('',(-2.22044604925E-16,1.,-0.));
#7520 = DIRECTION('',(-1.,-2.22044604925E-16,3.515706244646E-15));
#7521 = ADVANCED_FACE('',(#7522),#7528,.F.);
#7522 = FACE_BOUND('',#7523,.F.);
#7523 = EDGE_LOOP('',(#7524,#7525,#7526,#7527));
#7524 = ORIENTED_EDGE('',*,*,#6340,.T.);
#7525 = ORIENTED_EDGE('',*,*,#6144,.T.);
#7526 = ORIENTED_EDGE('',*,*,#7511,.F.);
#7527 = ORIENTED_EDGE('',*,*,#6257,.F.);
#7528 = PLANE('',#7529);
#7529 = AXIS2_PLACEMENT_3D('',#7530,#7531,#7532);
#7530 = CARTESIAN_POINT('',(2.35,-1.7,0.725));
#7531 = DIRECTION('',(1.,2.22044604925E-16,1.044915787883E-15));
#7532 = DIRECTION('',(1.044915787883E-15,2.320179133003E-31,-1.));
#7533 = ADVANCED_FACE('',(#7534),#7545,.T.);
#7534 = FACE_BOUND('',#7535,.T.);
#7535 = EDGE_LOOP('',(#7536,#7537,#7538,#7539));
#7536 = ORIENTED_EDGE('',*,*,#6647,.T.);
#7537 = ORIENTED_EDGE('',*,*,#6907,.T.);
#7538 = ORIENTED_EDGE('',*,*,#6424,.F.);
#7539 = ORIENTED_EDGE('',*,*,#7540,.F.);
#7540 = EDGE_CURVE('',#6640,#6417,#7541,.T.);
#7541 = LINE('',#7542,#7543);
#7542 = CARTESIAN_POINT('',(2.55,-0.43,0.725));
#7543 = VECTOR('',#7544,1.);
#7544 = DIRECTION('',(2.22044604925E-16,-1.,0.));
#7545 = CYLINDRICAL_SURFACE('',#7546,0.3);
#7546 = AXIS2_PLACEMENT_3D('',#7547,#7548,#7549);
#7547 = CARTESIAN_POINT('',(2.25,-0.43,0.725));
#7548 = DIRECTION('',(-2.22044604925E-16,1.,-0.));
#7549 = DIRECTION('',(1.,2.22044604925E-16,3.700743415417E-16));
#7550 = ADVANCED_FACE('',(#7551),#7562,.F.);
#7551 = FACE_BOUND('',#7552,.F.);
#7552 = EDGE_LOOP('',(#7553,#7559,#7560,#7561));
#7553 = ORIENTED_EDGE('',*,*,#7554,.T.);
#7554 = EDGE_CURVE('',#6631,#6408,#7555,.T.);
#7555 = LINE('',#7556,#7557);
#7556 = CARTESIAN_POINT('',(2.55,-0.43,0.3));
#7557 = VECTOR('',#7558,1.);
#7558 = DIRECTION('',(2.22044604925E-16,-1.,0.));
#7559 = ORIENTED_EDGE('',*,*,#6416,.T.);
#7560 = ORIENTED_EDGE('',*,*,#7540,.F.);
#7561 = ORIENTED_EDGE('',*,*,#6639,.F.);
#7562 = PLANE('',#7563);
#7563 = AXIS2_PLACEMENT_3D('',#7564,#7565,#7566);
#7564 = CARTESIAN_POINT('',(2.55,-0.43,0.3));
#7565 = DIRECTION('',(-1.,-2.22044604925E-16,0.));
#7566 = DIRECTION('',(0.,0.,1.));
#7567 = ADVANCED_FACE('',(#7568),#7579,.F.);
#7568 = FACE_BOUND('',#7569,.F.);
#7569 = EDGE_LOOP('',(#7570,#7576,#7577,#7578));
#7570 = ORIENTED_EDGE('',*,*,#7571,.T.);
#7571 = EDGE_CURVE('',#6623,#6400,#7572,.T.);
#7572 = LINE('',#7573,#7574);
#7573 = CARTESIAN_POINT('',(2.65,-0.43,0.2));
#7574 = VECTOR('',#7575,1.);
#7575 = DIRECTION('',(2.22044604925E-16,-1.,0.));
#7576 = ORIENTED_EDGE('',*,*,#6407,.T.);
#7577 = ORIENTED_EDGE('',*,*,#7554,.F.);
#7578 = ORIENTED_EDGE('',*,*,#6630,.F.);
#7579 = CYLINDRICAL_SURFACE('',#7580,0.1);
#7580 = AXIS2_PLACEMENT_3D('',#7581,#7582,#7583);
#7581 = CARTESIAN_POINT('',(2.65,-0.43,0.3));
#7582 = DIRECTION('',(-2.22044604925E-16,1.,0.));
#7583 = DIRECTION('',(0.,0.,-1.));
#7584 = ADVANCED_FACE('',(#7585),#7596,.F.);
#7585 = FACE_BOUND('',#7586,.F.);
#7586 = EDGE_LOOP('',(#7587,#7593,#7594,#7595));
#7587 = ORIENTED_EDGE('',*,*,#7588,.T.);
#7588 = EDGE_CURVE('',#6615,#6392,#7589,.T.);
#7589 = LINE('',#7590,#7591);
#7590 = CARTESIAN_POINT('',(3.,-0.43,0.2));
#7591 = VECTOR('',#7592,1.);
#7592 = DIRECTION('',(2.22044604925E-16,-1.,0.));
#7593 = ORIENTED_EDGE('',*,*,#6399,.T.);
#7594 = ORIENTED_EDGE('',*,*,#7571,.F.);
#7595 = ORIENTED_EDGE('',*,*,#6622,.F.);
#7596 = PLANE('',#7597);
#7597 = AXIS2_PLACEMENT_3D('',#7598,#7599,#7600);
#7598 = CARTESIAN_POINT('',(3.,-0.43,0.2));
#7599 = DIRECTION('',(0.,0.,-1.));
#7600 = DIRECTION('',(-1.,-2.22044604925E-16,-0.));
#7601 = ADVANCED_FACE('',(#7602),#7613,.F.);
#7602 = FACE_BOUND('',#7603,.F.);
#7603 = EDGE_LOOP('',(#7604,#7610,#7611,#7612));
#7604 = ORIENTED_EDGE('',*,*,#7605,.T.);
#7605 = EDGE_CURVE('',#6607,#6384,#7606,.T.);
#7606 = LINE('',#7607,#7608);
#7607 = CARTESIAN_POINT('',(3.,-0.43,5.551115123126E-17));
#7608 = VECTOR('',#7609,1.);
#7609 = DIRECTION('',(2.22044604925E-16,-1.,0.));
#7610 = ORIENTED_EDGE('',*,*,#6391,.T.);
#7611 = ORIENTED_EDGE('',*,*,#7588,.F.);
#7612 = ORIENTED_EDGE('',*,*,#6614,.F.);
#7613 = PLANE('',#7614);
#7614 = AXIS2_PLACEMENT_3D('',#7615,#7616,#7617);
#7615 = CARTESIAN_POINT('',(3.,-0.43,5.551115123126E-17));
#7616 = DIRECTION('',(-1.,-2.22044604925E-16,0.));
#7617 = DIRECTION('',(0.,0.,1.));
#7618 = ADVANCED_FACE('',(#7619),#7630,.F.);
#7619 = FACE_BOUND('',#7620,.F.);
#7620 = EDGE_LOOP('',(#7621,#7627,#7628,#7629));
#7621 = ORIENTED_EDGE('',*,*,#7622,.T.);
#7622 = EDGE_CURVE('',#6598,#6375,#7623,.T.);
#7623 = LINE('',#7624,#7625);
#7624 = CARTESIAN_POINT('',(2.65,-0.43,5.551115123126E-17));
#7625 = VECTOR('',#7626,1.);
#7626 = DIRECTION('',(2.22044604925E-16,-1.,0.));
#7627 = ORIENTED_EDGE('',*,*,#6383,.T.);
#7628 = ORIENTED_EDGE('',*,*,#7605,.F.);
#7629 = ORIENTED_EDGE('',*,*,#6606,.F.);
#7630 = PLANE('',#7631);
#7631 = AXIS2_PLACEMENT_3D('',#7632,#7633,#7634);
#7632 = CARTESIAN_POINT('',(2.65,-0.43,5.551115123126E-17));
#7633 = DIRECTION('',(0.,0.,1.));
#7634 = DIRECTION('',(1.,2.22044604925E-16,-0.));
#7635 = ADVANCED_FACE('',(#7636),#7647,.T.);
#7636 = FACE_BOUND('',#7637,.T.);
#7637 = EDGE_LOOP('',(#7638,#7639,#7640,#7641));
#7638 = ORIENTED_EDGE('',*,*,#6597,.T.);
#7639 = ORIENTED_EDGE('',*,*,#7622,.T.);
#7640 = ORIENTED_EDGE('',*,*,#6374,.F.);
#7641 = ORIENTED_EDGE('',*,*,#7642,.F.);
#7642 = EDGE_CURVE('',#6590,#6367,#7643,.T.);
#7643 = LINE('',#7644,#7645);
#7644 = CARTESIAN_POINT('',(2.35,-0.43,0.3));
#7645 = VECTOR('',#7646,1.);
#7646 = DIRECTION('',(2.22044604925E-16,-1.,0.));
#7647 = CYLINDRICAL_SURFACE('',#7648,0.3);
#7648 = AXIS2_PLACEMENT_3D('',#7649,#7650,#7651);
#7649 = CARTESIAN_POINT('',(2.65,-0.43,0.3));
#7650 = DIRECTION('',(-2.22044604925E-16,1.,-0.));
#7651 = DIRECTION('',(-1.,-2.22044604925E-16,3.515706244646E-15));
#7652 = ADVANCED_FACE('',(#7653),#7659,.F.);
#7653 = FACE_BOUND('',#7654,.F.);
#7654 = EDGE_LOOP('',(#7655,#7656,#7657,#7658));
#7655 = ORIENTED_EDGE('',*,*,#6672,.T.);
#7656 = ORIENTED_EDGE('',*,*,#6366,.T.);
#7657 = ORIENTED_EDGE('',*,*,#7642,.F.);
#7658 = ORIENTED_EDGE('',*,*,#6589,.F.);
#7659 = PLANE('',#7660);
#7660 = AXIS2_PLACEMENT_3D('',#7661,#7662,#7663);
#7661 = CARTESIAN_POINT('',(2.35,-0.43,0.725));
#7662 = DIRECTION('',(1.,2.22044604925E-16,1.044915787883E-15));
#7663 = DIRECTION('',(1.044915787883E-15,2.320179133003E-31,-1.));
#7664 = ADVANCED_FACE('',(#7665),#7682,.F.);
#7665 = FACE_BOUND('',#7666,.F.);
#7666 = EDGE_LOOP('',(#7667,#7668,#7669,#7677));
#7667 = ORIENTED_EDGE('',*,*,#6734,.T.);
#7668 = ORIENTED_EDGE('',*,*,#6719,.T.);
#7669 = ORIENTED_EDGE('',*,*,#7670,.F.);
#7670 = EDGE_CURVE('',#7671,#6712,#7673,.T.);
#7671 = VERTEX_POINT('',#7672);
#7672 = CARTESIAN_POINT('',(-1.7375,2.375,1.025));
#7673 = LINE('',#7674,#7675);
#7674 = CARTESIAN_POINT('',(-1.7375,2.375,1.025));
#7675 = VECTOR('',#7676,1.);
#7676 = DIRECTION('',(1.,2.22044604925E-16,0.));
#7677 = ORIENTED_EDGE('',*,*,#7678,.F.);
#7678 = EDGE_CURVE('',#6735,#7671,#7679,.T.);
#7679 = B_SPLINE_CURVE_WITH_KNOTS('',1,(#7680,#7681),.UNSPECIFIED.,.F.,
  .F.,(2,2),(0.,1.),.PIECEWISE_BEZIER_KNOTS.);
#7680 = CARTESIAN_POINT('',(-1.775,2.45,1.025));
#7681 = CARTESIAN_POINT('',(-1.7375,2.375,1.025));
#7682 = B_SPLINE_SURFACE_WITH_KNOTS('',1,1,(
    (#7683,#7684)
    ,(#7685,#7686
    )),.UNSPECIFIED.,.F.,.F.,.F.,(2,2),(2,2),(0.,3.55),(0.,1.),
  .PIECEWISE_BEZIER_KNOTS.);
#7683 = CARTESIAN_POINT('',(-1.775,2.45,1.025));
#7684 = CARTESIAN_POINT('',(-1.7375,2.375,1.025));
#7685 = CARTESIAN_POINT('',(1.775,2.45,1.025));
#7686 = CARTESIAN_POINT('',(1.7375,2.375,1.025));
#7687 = ADVANCED_FACE('',(#7688),#7698,.F.);
#7688 = FACE_BOUND('',#7689,.F.);
#7689 = EDGE_LOOP('',(#7690,#7691,#7692,#7693));
#7690 = ORIENTED_EDGE('',*,*,#7670,.T.);
#7691 = ORIENTED_EDGE('',*,*,#6765,.T.);
#7692 = ORIENTED_EDGE('',*,*,#6778,.F.);
#7693 = ORIENTED_EDGE('',*,*,#7694,.F.);
#7694 = EDGE_CURVE('',#7671,#6779,#7695,.T.);
#7695 = B_SPLINE_CURVE_WITH_KNOTS('',1,(#7696,#7697),.UNSPECIFIED.,.F.,
  .F.,(2,2),(0.,1.),.PIECEWISE_BEZIER_KNOTS.);
#7696 = CARTESIAN_POINT('',(-1.7375,2.375,1.025));
#7697 = CARTESIAN_POINT('',(-1.680085640382,2.260171280765,1.75));
#7698 = B_SPLINE_SURFACE_WITH_KNOTS('',1,1,(
    (#7699,#7700)
    ,(#7701,#7702
    )),.UNSPECIFIED.,.F.,.F.,.F.,(2,2),(2,2),(0.,3.475),(0.,1.),
  .PIECEWISE_BEZIER_KNOTS.);
#7699 = CARTESIAN_POINT('',(-1.7375,2.375,1.025));
#7700 = CARTESIAN_POINT('',(-1.680085640382,2.260171280765,1.75));
#7701 = CARTESIAN_POINT('',(1.7375,2.375,1.025));
#7702 = CARTESIAN_POINT('',(1.680085640382,2.260171280765,1.75));
#7703 = ADVANCED_FACE('',(#7704),#7721,.F.);
#7704 = FACE_BOUND('',#7705,.F.);
#7705 = EDGE_LOOP('',(#7706,#7714,#7715,#7716));
#7706 = ORIENTED_EDGE('',*,*,#7707,.T.);
#7707 = EDGE_CURVE('',#7708,#7671,#7710,.T.);
#7708 = VERTEX_POINT('',#7709);
#7709 = CARTESIAN_POINT('',(-1.875,2.2375,1.025));
#7710 = LINE('',#7711,#7712);
#7711 = CARTESIAN_POINT('',(-1.875,2.2375,1.025));
#7712 = VECTOR('',#7713,1.);
#7713 = DIRECTION('',(0.707106781187,0.707106781187,0.));
#7714 = ORIENTED_EDGE('',*,*,#7694,.T.);
#7715 = ORIENTED_EDGE('',*,*,#6820,.F.);
#7716 = ORIENTED_EDGE('',*,*,#7717,.F.);
#7717 = EDGE_CURVE('',#7708,#6813,#7718,.T.);
#7718 = B_SPLINE_CURVE_WITH_KNOTS('',1,(#7719,#7720),.UNSPECIFIED.,.F.,
  .F.,(2,2),(0.,1.),.PIECEWISE_BEZIER_KNOTS.);
#7719 = CARTESIAN_POINT('',(-1.875,2.2375,1.025));
#7720 = CARTESIAN_POINT('',(-1.760171280765,2.180085640382,1.75));
#7721 = B_SPLINE_SURFACE_WITH_KNOTS('',1,1,(
    (#7722,#7723)
    ,(#7724,#7725
    )),.UNSPECIFIED.,.F.,.F.,.F.,(2,2),(2,2),(0.,0.194454364826),(0.,1.)
  ,.PIECEWISE_BEZIER_KNOTS.);
#7722 = CARTESIAN_POINT('',(-1.875,2.2375,1.025));
#7723 = CARTESIAN_POINT('',(-1.760171280765,2.180085640382,1.75));
#7724 = CARTESIAN_POINT('',(-1.7375,2.375,1.025));
#7725 = CARTESIAN_POINT('',(-1.680085640382,2.260171280765,1.75));
#7726 = ADVANCED_FACE('',(#7727),#7808,.F.);
#7727 = FACE_BOUND('',#7728,.F.);
#7728 = EDGE_LOOP('',(#7729,#7739,#7747,#7755,#7763,#7771,#7779,#7787,
    #7795,#7801,#7802,#7803));
#7729 = ORIENTED_EDGE('',*,*,#7730,.T.);
#7730 = EDGE_CURVE('',#7731,#7733,#7735,.T.);
#7731 = VERTEX_POINT('',#7732);
#7732 = CARTESIAN_POINT('',(-1.875,-2.2375,1.025));
#7733 = VERTEX_POINT('',#7734);
#7734 = CARTESIAN_POINT('',(-1.875,-2.11,1.025));
#7735 = LINE('',#7736,#7737);
#7736 = CARTESIAN_POINT('',(-1.875,-2.2375,1.025));
#7737 = VECTOR('',#7738,1.);
#7738 = DIRECTION('',(-2.22044604925E-16,1.,0.));
#7739 = ORIENTED_EDGE('',*,*,#7740,.T.);
#7740 = EDGE_CURVE('',#7733,#7741,#7743,.T.);
#7741 = VERTEX_POINT('',#7742);
#7742 = CARTESIAN_POINT('',(-1.875,-1.7,1.025));
#7743 = LINE('',#7744,#7745);
#7744 = CARTESIAN_POINT('',(-1.875,-2.2375,1.025));
#7745 = VECTOR('',#7746,1.);
#7746 = DIRECTION('',(-2.22044604925E-16,1.,0.));
#7747 = ORIENTED_EDGE('',*,*,#7748,.T.);
#7748 = EDGE_CURVE('',#7741,#7749,#7751,.T.);
#7749 = VERTEX_POINT('',#7750);
#7750 = CARTESIAN_POINT('',(-1.875,-0.84,1.025));
#7751 = LINE('',#7752,#7753);
#7752 = CARTESIAN_POINT('',(-1.875,-2.2375,1.025));
#7753 = VECTOR('',#7754,1.);
#7754 = DIRECTION('',(-2.22044604925E-16,1.,0.));
#7755 = ORIENTED_EDGE('',*,*,#7756,.T.);
#7756 = EDGE_CURVE('',#7749,#7757,#7759,.T.);
#7757 = VERTEX_POINT('',#7758);
#7758 = CARTESIAN_POINT('',(-1.875,-0.43,1.025));
#7759 = LINE('',#7760,#7761);
#7760 = CARTESIAN_POINT('',(-1.875,-2.2375,1.025));
#7761 = VECTOR('',#7762,1.);
#7762 = DIRECTION('',(-2.22044604925E-16,1.,0.));
#7763 = ORIENTED_EDGE('',*,*,#7764,.T.);
#7764 = EDGE_CURVE('',#7757,#7765,#7767,.T.);
#7765 = VERTEX_POINT('',#7766);
#7766 = CARTESIAN_POINT('',(-1.875,0.43,1.025));
#7767 = LINE('',#7768,#7769);
#7768 = CARTESIAN_POINT('',(-1.875,-2.2375,1.025));
#7769 = VECTOR('',#7770,1.);
#7770 = DIRECTION('',(-2.22044604925E-16,1.,0.));
#7771 = ORIENTED_EDGE('',*,*,#7772,.T.);
#7772 = EDGE_CURVE('',#7765,#7773,#7775,.T.);
#7773 = VERTEX_POINT('',#7774);
#7774 = CARTESIAN_POINT('',(-1.875,0.84,1.025));
#7775 = LINE('',#7776,#7777);
#7776 = CARTESIAN_POINT('',(-1.875,-2.2375,1.025));
#7777 = VECTOR('',#7778,1.);
#7778 = DIRECTION('',(-2.22044604925E-16,1.,0.));
#7779 = ORIENTED_EDGE('',*,*,#7780,.T.);
#7780 = EDGE_CURVE('',#7773,#7781,#7783,.T.);
#7781 = VERTEX_POINT('',#7782);
#7782 = CARTESIAN_POINT('',(-1.875,1.7,1.025));
#7783 = LINE('',#7784,#7785);
#7784 = CARTESIAN_POINT('',(-1.875,-2.2375,1.025));
#7785 = VECTOR('',#7786,1.);
#7786 = DIRECTION('',(-2.22044604925E-16,1.,0.));
#7787 = ORIENTED_EDGE('',*,*,#7788,.T.);
#7788 = EDGE_CURVE('',#7781,#7789,#7791,.T.);
#7789 = VERTEX_POINT('',#7790);
#7790 = CARTESIAN_POINT('',(-1.875,2.11,1.025));
#7791 = LINE('',#7792,#7793);
#7792 = CARTESIAN_POINT('',(-1.875,-2.2375,1.025));
#7793 = VECTOR('',#7794,1.);
#7794 = DIRECTION('',(-2.22044604925E-16,1.,0.));
#7795 = ORIENTED_EDGE('',*,*,#7796,.T.);
#7796 = EDGE_CURVE('',#7789,#7708,#7797,.T.);
#7797 = LINE('',#7798,#7799);
#7798 = CARTESIAN_POINT('',(-1.875,-2.2375,1.025));
#7799 = VECTOR('',#7800,1.);
#7800 = DIRECTION('',(-2.22044604925E-16,1.,0.));
#7801 = ORIENTED_EDGE('',*,*,#7717,.T.);
#7802 = ORIENTED_EDGE('',*,*,#6812,.F.);
#7803 = ORIENTED_EDGE('',*,*,#7804,.F.);
#7804 = EDGE_CURVE('',#7731,#6805,#7805,.T.);
#7805 = B_SPLINE_CURVE_WITH_KNOTS('',1,(#7806,#7807),.UNSPECIFIED.,.F.,
  .F.,(2,2),(0.,1.),.PIECEWISE_BEZIER_KNOTS.);
#7806 = CARTESIAN_POINT('',(-1.875,-2.2375,1.025));
#7807 = CARTESIAN_POINT('',(-1.760171280765,-2.180085640382,1.75));
#7808 = B_SPLINE_SURFACE_WITH_KNOTS('',1,1,(
    (#7809,#7810)
    ,(#7811,#7812
    )),.UNSPECIFIED.,.F.,.F.,.F.,(2,2),(2,2),(0.,4.475),(0.,1.),
  .PIECEWISE_BEZIER_KNOTS.);
#7809 = CARTESIAN_POINT('',(-1.875,-2.2375,1.025));
#7810 = CARTESIAN_POINT('',(-1.760171280765,-2.180085640382,1.75));
#7811 = CARTESIAN_POINT('',(-1.875,2.2375,1.025));
#7812 = CARTESIAN_POINT('',(-1.760171280765,2.180085640382,1.75));
#7813 = ADVANCED_FACE('',(#7814),#7831,.F.);
#7814 = FACE_BOUND('',#7815,.F.);
#7815 = EDGE_LOOP('',(#7816,#7824,#7825,#7826));
#7816 = ORIENTED_EDGE('',*,*,#7817,.T.);
#7817 = EDGE_CURVE('',#7818,#7731,#7820,.T.);
#7818 = VERTEX_POINT('',#7819);
#7819 = CARTESIAN_POINT('',(-1.7375,-2.375,1.025));
#7820 = LINE('',#7821,#7822);
#7821 = CARTESIAN_POINT('',(-1.7375,-2.375,1.025));
#7822 = VECTOR('',#7823,1.);
#7823 = DIRECTION('',(-0.707106781187,0.707106781187,0.));
#7824 = ORIENTED_EDGE('',*,*,#7804,.T.);
#7825 = ORIENTED_EDGE('',*,*,#6804,.F.);
#7826 = ORIENTED_EDGE('',*,*,#7827,.F.);
#7827 = EDGE_CURVE('',#7818,#6797,#7828,.T.);
#7828 = B_SPLINE_CURVE_WITH_KNOTS('',1,(#7829,#7830),.UNSPECIFIED.,.F.,
  .F.,(2,2),(0.,1.),.PIECEWISE_BEZIER_KNOTS.);
#7829 = CARTESIAN_POINT('',(-1.7375,-2.375,1.025));
#7830 = CARTESIAN_POINT('',(-1.680085640382,-2.260171280765,1.75));
#7831 = B_SPLINE_SURFACE_WITH_KNOTS('',1,1,(
    (#7832,#7833)
    ,(#7834,#7835
    )),.UNSPECIFIED.,.F.,.F.,.F.,(2,2),(2,2),(0.,0.194454364826),(0.,1.)
  ,.PIECEWISE_BEZIER_KNOTS.);
#7832 = CARTESIAN_POINT('',(-1.7375,-2.375,1.025));
#7833 = CARTESIAN_POINT('',(-1.680085640382,-2.260171280765,1.75));
#7834 = CARTESIAN_POINT('',(-1.875,-2.2375,1.025));
#7835 = CARTESIAN_POINT('',(-1.760171280765,-2.180085640382,1.75));
#7836 = ADVANCED_FACE('',(#7837),#7848,.F.);
#7837 = FACE_BOUND('',#7838,.F.);
#7838 = EDGE_LOOP('',(#7839,#7845,#7846,#7847));
#7839 = ORIENTED_EDGE('',*,*,#7840,.T.);
#7840 = EDGE_CURVE('',#6846,#7818,#7841,.T.);
#7841 = LINE('',#7842,#7843);
#7842 = CARTESIAN_POINT('',(1.7375,-2.375,1.025));
#7843 = VECTOR('',#7844,1.);
#7844 = DIRECTION('',(-1.,-2.22044604925E-16,0.));
#7845 = ORIENTED_EDGE('',*,*,#7827,.T.);
#7846 = ORIENTED_EDGE('',*,*,#6796,.F.);
#7847 = ORIENTED_EDGE('',*,*,#6853,.F.);
#7848 = B_SPLINE_SURFACE_WITH_KNOTS('',1,1,(
    (#7849,#7850)
    ,(#7851,#7852
    )),.UNSPECIFIED.,.F.,.F.,.F.,(2,2),(2,2),(0.,3.475),(0.,1.),
  .PIECEWISE_BEZIER_KNOTS.);
#7849 = CARTESIAN_POINT('',(1.7375,-2.375,1.025));
#7850 = CARTESIAN_POINT('',(1.680085640382,-2.260171280765,1.75));
#7851 = CARTESIAN_POINT('',(-1.7375,-2.375,1.025));
#7852 = CARTESIAN_POINT('',(-1.680085640382,-2.260171280765,1.75));
#7853 = ADVANCED_FACE('',(#7854),#7873,.F.);
#7854 = FACE_BOUND('',#7855,.F.);
#7855 = EDGE_LOOP('',(#7856,#7865,#7871,#7872));
#7856 = ORIENTED_EDGE('',*,*,#7857,.T.);
#7857 = EDGE_CURVE('',#7858,#7858,#7860,.T.);
#7858 = VERTEX_POINT('',#7859);
#7859 = CARTESIAN_POINT('',(-1.110171280765,1.310171280765,1.7));
#7860 = CIRCLE('',#7861,0.3);
#7861 = AXIS2_PLACEMENT_3D('',#7862,#7863,#7864);
#7862 = CARTESIAN_POINT('',(-1.110171280765,1.610171280765,1.7));
#7863 = DIRECTION('',(-0.,0.,1.));
#7864 = DIRECTION('',(2.22044604925E-16,-1.,0.));
#7865 = ORIENTED_EDGE('',*,*,#7866,.F.);
#7866 = EDGE_CURVE('',#6829,#7858,#7867,.T.);
#7867 = LINE('',#7868,#7869);
#7868 = CARTESIAN_POINT('',(-1.110171280765,1.310171280765,1.75));
#7869 = VECTOR('',#7870,1.);
#7870 = DIRECTION('',(0.,-0.,-1.));
#7871 = ORIENTED_EDGE('',*,*,#6828,.F.);
#7872 = ORIENTED_EDGE('',*,*,#7866,.T.);
#7873 = CYLINDRICAL_SURFACE('',#7874,0.3);
#7874 = AXIS2_PLACEMENT_3D('',#7875,#7876,#7877);
#7875 = CARTESIAN_POINT('',(-1.110171280765,1.610171280765,1.75));
#7876 = DIRECTION('',(-0.,0.,-1.));
#7877 = DIRECTION('',(2.22044604925E-16,-1.,-0.));
#7878 = ADVANCED_FACE('',(#7879),#7889,.F.);
#7879 = FACE_BOUND('',#7880,.F.);
#7880 = EDGE_LOOP('',(#7881,#7882,#7887,#7888));
#7881 = ORIENTED_EDGE('',*,*,#7064,.T.);
#7882 = ORIENTED_EDGE('',*,*,#7883,.T.);
#7883 = EDGE_CURVE('',#7058,#7818,#7884,.T.);
#7884 = B_SPLINE_CURVE_WITH_KNOTS('',1,(#7885,#7886),.UNSPECIFIED.,.F.,
  .F.,(2,2),(0.,1.),.PIECEWISE_BEZIER_KNOTS.);
#7885 = CARTESIAN_POINT('',(-1.775,-2.45,1.025));
#7886 = CARTESIAN_POINT('',(-1.7375,-2.375,1.025));
#7887 = ORIENTED_EDGE('',*,*,#7840,.F.);
#7888 = ORIENTED_EDGE('',*,*,#7391,.F.);
#7889 = B_SPLINE_SURFACE_WITH_KNOTS('',1,1,(
    (#7890,#7891)
    ,(#7892,#7893
    )),.UNSPECIFIED.,.F.,.F.,.F.,(2,2),(2,2),(0.,3.55),(0.,1.),
  .PIECEWISE_BEZIER_KNOTS.);
#7890 = CARTESIAN_POINT('',(1.775,-2.45,1.025));
#7891 = CARTESIAN_POINT('',(1.7375,-2.375,1.025));
#7892 = CARTESIAN_POINT('',(-1.775,-2.45,1.025));
#7893 = CARTESIAN_POINT('',(-1.7375,-2.375,1.025));
#7894 = ADVANCED_FACE('',(#7895),#7905,.F.);
#7895 = FACE_BOUND('',#7896,.F.);
#7896 = EDGE_LOOP('',(#7897,#7898,#7903,#7904));
#7897 = ORIENTED_EDGE('',*,*,#7087,.T.);
#7898 = ORIENTED_EDGE('',*,*,#7899,.T.);
#7899 = EDGE_CURVE('',#7081,#7731,#7900,.T.);
#7900 = B_SPLINE_CURVE_WITH_KNOTS('',1,(#7901,#7902),.UNSPECIFIED.,.F.,
  .F.,(2,2),(0.,1.),.PIECEWISE_BEZIER_KNOTS.);
#7901 = CARTESIAN_POINT('',(-1.95,-2.275,1.025));
#7902 = CARTESIAN_POINT('',(-1.875,-2.2375,1.025));
#7903 = ORIENTED_EDGE('',*,*,#7817,.F.);
#7904 = ORIENTED_EDGE('',*,*,#7883,.F.);
#7905 = B_SPLINE_SURFACE_WITH_KNOTS('',1,1,(
    (#7906,#7907)
    ,(#7908,#7909
    )),.UNSPECIFIED.,.F.,.F.,.F.,(2,2),(2,2),(0.,0.247487373415),(0.,1.)
  ,.PIECEWISE_BEZIER_KNOTS.);
#7906 = CARTESIAN_POINT('',(-1.775,-2.45,1.025));
#7907 = CARTESIAN_POINT('',(-1.7375,-2.375,1.025));
#7908 = CARTESIAN_POINT('',(-1.95,-2.275,1.025));
#7909 = CARTESIAN_POINT('',(-1.875,-2.2375,1.025));
#7910 = ADVANCED_FACE('',(#7911),#7922,.F.);
#7911 = FACE_BOUND('',#7912,.F.);
#7912 = EDGE_LOOP('',(#7913,#7914,#7915,#7921));
#7913 = ORIENTED_EDGE('',*,*,#7899,.F.);
#7914 = ORIENTED_EDGE('',*,*,#7112,.T.);
#7915 = ORIENTED_EDGE('',*,*,#7916,.T.);
#7916 = EDGE_CURVE('',#7105,#7733,#7917,.T.);
#7917 = LINE('',#7918,#7919);
#7918 = CARTESIAN_POINT('',(-2.25,-2.11,1.025));
#7919 = VECTOR('',#7920,1.);
#7920 = DIRECTION('',(1.,9.95799250103E-17,0.));
#7921 = ORIENTED_EDGE('',*,*,#7730,.F.);
#7922 = B_SPLINE_SURFACE_WITH_KNOTS('',1,1,(
    (#7923,#7924)
    ,(#7925,#7926
    )),.UNSPECIFIED.,.F.,.F.,.F.,(2,2),(2,2),(0.,4.55),(0.,1.),
  .PIECEWISE_BEZIER_KNOTS.);
#7923 = CARTESIAN_POINT('',(-1.95,-2.275,1.025));
#7924 = CARTESIAN_POINT('',(-1.875,-2.2375,1.025));
#7925 = CARTESIAN_POINT('',(-1.95,2.275,1.025));
#7926 = CARTESIAN_POINT('',(-1.875,2.2375,1.025));
#7927 = ADVANCED_FACE('',(#7928),#8014,.F.);
#7928 = FACE_BOUND('',#7929,.F.);
#7929 = EDGE_LOOP('',(#7930,#7931,#7932,#7941,#7949,#7958,#7966,#7974,
    #7982,#7991,#7999,#8008));
#7930 = ORIENTED_EDGE('',*,*,#7104,.F.);
#7931 = ORIENTED_EDGE('',*,*,#7156,.T.);
#7932 = ORIENTED_EDGE('',*,*,#7933,.T.);
#7933 = EDGE_CURVE('',#7157,#7934,#7936,.T.);
#7934 = VERTEX_POINT('',#7935);
#7935 = CARTESIAN_POINT('',(-2.35,-2.11,0.725));
#7936 = CIRCLE('',#7937,0.1);
#7937 = AXIS2_PLACEMENT_3D('',#7938,#7939,#7940);
#7938 = CARTESIAN_POINT('',(-2.25,-2.11,0.725));
#7939 = DIRECTION('',(9.95799250103E-17,-1.,0.));
#7940 = DIRECTION('',(-4.440892098501E-15,-4.422237021476E-31,1.));
#7941 = ORIENTED_EDGE('',*,*,#7942,.T.);
#7942 = EDGE_CURVE('',#7934,#7943,#7945,.T.);
#7943 = VERTEX_POINT('',#7944);
#7944 = CARTESIAN_POINT('',(-2.35,-2.11,0.3));
#7945 = LINE('',#7946,#7947);
#7946 = CARTESIAN_POINT('',(-2.35,-2.11,0.725));
#7947 = VECTOR('',#7948,1.);
#7948 = DIRECTION('',(-1.044915787883E-15,-1.040526357994E-31,-1.));
#7949 = ORIENTED_EDGE('',*,*,#7950,.T.);
#7950 = EDGE_CURVE('',#7943,#7951,#7953,.T.);
#7951 = VERTEX_POINT('',#7952);
#7952 = CARTESIAN_POINT('',(-2.65,-2.11,5.551115123126E-17));
#7953 = CIRCLE('',#7954,0.3);
#7954 = AXIS2_PLACEMENT_3D('',#7955,#7956,#7957);
#7955 = CARTESIAN_POINT('',(-2.65,-2.11,0.3));
#7956 = DIRECTION('',(-9.95799250103E-17,1.,0.));
#7957 = DIRECTION('',(1.,9.95799250103E-17,3.515706244646E-15));
#7958 = ORIENTED_EDGE('',*,*,#7959,.T.);
#7959 = EDGE_CURVE('',#7951,#7960,#7962,.T.);
#7960 = VERTEX_POINT('',#7961);
#7961 = CARTESIAN_POINT('',(-3.,-2.11,5.551115123126E-17));
#7962 = LINE('',#7963,#7964);
#7963 = CARTESIAN_POINT('',(-2.65,-2.11,5.551115123126E-17));
#7964 = VECTOR('',#7965,1.);
#7965 = DIRECTION('',(-1.,-9.95799250103E-17,0.));
#7966 = ORIENTED_EDGE('',*,*,#7967,.T.);
#7967 = EDGE_CURVE('',#7960,#7968,#7970,.T.);
#7968 = VERTEX_POINT('',#7969);
#7969 = CARTESIAN_POINT('',(-3.,-2.11,0.2));
#7970 = LINE('',#7971,#7972);
#7971 = CARTESIAN_POINT('',(-3.,-2.11,5.551115123126E-17));
#7972 = VECTOR('',#7973,1.);
#7973 = DIRECTION('',(0.,0.,1.));
#7974 = ORIENTED_EDGE('',*,*,#7975,.T.);
#7975 = EDGE_CURVE('',#7968,#7976,#7978,.T.);
#7976 = VERTEX_POINT('',#7977);
#7977 = CARTESIAN_POINT('',(-2.65,-2.11,0.2));
#7978 = LINE('',#7979,#7980);
#7979 = CARTESIAN_POINT('',(-3.,-2.11,0.2));
#7980 = VECTOR('',#7981,1.);
#7981 = DIRECTION('',(1.,9.95799250103E-17,0.));
#7982 = ORIENTED_EDGE('',*,*,#7983,.T.);
#7983 = EDGE_CURVE('',#7976,#7984,#7986,.T.);
#7984 = VERTEX_POINT('',#7985);
#7985 = CARTESIAN_POINT('',(-2.55,-2.11,0.3));
#7986 = CIRCLE('',#7987,0.1);
#7987 = AXIS2_PLACEMENT_3D('',#7988,#7989,#7990);
#7988 = CARTESIAN_POINT('',(-2.65,-2.11,0.3));
#7989 = DIRECTION('',(9.95799250103E-17,-1.,-0.));
#7990 = DIRECTION('',(-0.,0.,-1.));
#7991 = ORIENTED_EDGE('',*,*,#7992,.T.);
#7992 = EDGE_CURVE('',#7984,#7993,#7995,.T.);
#7993 = VERTEX_POINT('',#7994);
#7994 = CARTESIAN_POINT('',(-2.55,-2.11,0.725));
#7995 = LINE('',#7996,#7997);
#7996 = CARTESIAN_POINT('',(-2.55,-2.11,0.3));
#7997 = VECTOR('',#7998,1.);
#7998 = DIRECTION('',(0.,0.,1.));
#7999 = ORIENTED_EDGE('',*,*,#8000,.T.);
#8000 = EDGE_CURVE('',#7993,#8001,#8003,.T.);
#8001 = VERTEX_POINT('',#8002);
#8002 = CARTESIAN_POINT('',(-2.25,-2.11,1.025));
#8003 = CIRCLE('',#8004,0.3);
#8004 = AXIS2_PLACEMENT_3D('',#8005,#8006,#8007);
#8005 = CARTESIAN_POINT('',(-2.25,-2.11,0.725));
#8006 = DIRECTION('',(-9.95799250103E-17,1.,0.));
#8007 = DIRECTION('',(-1.,-9.95799250103E-17,3.700743415417E-16));
#8008 = ORIENTED_EDGE('',*,*,#8009,.T.);
#8009 = EDGE_CURVE('',#8001,#7105,#8010,.T.);
#8010 = LINE('',#8011,#8012);
#8011 = CARTESIAN_POINT('',(-2.25,-2.11,1.025));
#8012 = VECTOR('',#8013,1.);
#8013 = DIRECTION('',(1.,9.95799250103E-17,0.));
#8014 = PLANE('',#8015);
#8015 = AXIS2_PLACEMENT_3D('',#8016,#8017,#8018);
#8016 = CARTESIAN_POINT('',(-2.41578967201,-2.11,0.532659657565));
#8017 = DIRECTION('',(-9.95799250103E-17,1.,0.));
#8018 = DIRECTION('',(0.,0.,1.));
#8019 = ADVANCED_FACE('',(#8020),#8106,.T.);
#8020 = FACE_BOUND('',#8021,.T.);
#8021 = EDGE_LOOP('',(#8022,#8023,#8024,#8033,#8041,#8050,#8058,#8066,
    #8074,#8083,#8091,#8100));
#8022 = ORIENTED_EDGE('',*,*,#7126,.F.);
#8023 = ORIENTED_EDGE('',*,*,#7196,.T.);
#8024 = ORIENTED_EDGE('',*,*,#8025,.T.);
#8025 = EDGE_CURVE('',#7197,#8026,#8028,.T.);
#8026 = VERTEX_POINT('',#8027);
#8027 = CARTESIAN_POINT('',(-2.35,2.11,0.725));
#8028 = CIRCLE('',#8029,0.1);
#8029 = AXIS2_PLACEMENT_3D('',#8030,#8031,#8032);
#8030 = CARTESIAN_POINT('',(-2.25,2.11,0.725));
#8031 = DIRECTION('',(9.95799250103E-17,-1.,0.));
#8032 = DIRECTION('',(-4.440892098501E-15,-4.422237021476E-31,1.));
#8033 = ORIENTED_EDGE('',*,*,#8034,.T.);
#8034 = EDGE_CURVE('',#8026,#8035,#8037,.T.);
#8035 = VERTEX_POINT('',#8036);
#8036 = CARTESIAN_POINT('',(-2.35,2.11,0.3));
#8037 = LINE('',#8038,#8039);
#8038 = CARTESIAN_POINT('',(-2.35,2.11,0.725));
#8039 = VECTOR('',#8040,1.);
#8040 = DIRECTION('',(-1.044915787883E-15,-1.040526357994E-31,-1.));
#8041 = ORIENTED_EDGE('',*,*,#8042,.T.);
#8042 = EDGE_CURVE('',#8035,#8043,#8045,.T.);
#8043 = VERTEX_POINT('',#8044);
#8044 = CARTESIAN_POINT('',(-2.65,2.11,5.551115123126E-17));
#8045 = CIRCLE('',#8046,0.3);
#8046 = AXIS2_PLACEMENT_3D('',#8047,#8048,#8049);
#8047 = CARTESIAN_POINT('',(-2.65,2.11,0.3));
#8048 = DIRECTION('',(-9.95799250103E-17,1.,0.));
#8049 = DIRECTION('',(1.,9.95799250103E-17,3.515706244646E-15));
#8050 = ORIENTED_EDGE('',*,*,#8051,.T.);
#8051 = EDGE_CURVE('',#8043,#8052,#8054,.T.);
#8052 = VERTEX_POINT('',#8053);
#8053 = CARTESIAN_POINT('',(-3.,2.11,5.551115123126E-17));
#8054 = LINE('',#8055,#8056);
#8055 = CARTESIAN_POINT('',(-2.65,2.11,5.551115123126E-17));
#8056 = VECTOR('',#8057,1.);
#8057 = DIRECTION('',(-1.,-9.95799250103E-17,0.));
#8058 = ORIENTED_EDGE('',*,*,#8059,.T.);
#8059 = EDGE_CURVE('',#8052,#8060,#8062,.T.);
#8060 = VERTEX_POINT('',#8061);
#8061 = CARTESIAN_POINT('',(-3.,2.11,0.2));
#8062 = LINE('',#8063,#8064);
#8063 = CARTESIAN_POINT('',(-3.,2.11,5.551115123126E-17));
#8064 = VECTOR('',#8065,1.);
#8065 = DIRECTION('',(0.,0.,1.));
#8066 = ORIENTED_EDGE('',*,*,#8067,.T.);
#8067 = EDGE_CURVE('',#8060,#8068,#8070,.T.);
#8068 = VERTEX_POINT('',#8069);
#8069 = CARTESIAN_POINT('',(-2.65,2.11,0.2));
#8070 = LINE('',#8071,#8072);
#8071 = CARTESIAN_POINT('',(-3.,2.11,0.2));
#8072 = VECTOR('',#8073,1.);
#8073 = DIRECTION('',(1.,9.95799250103E-17,0.));
#8074 = ORIENTED_EDGE('',*,*,#8075,.T.);
#8075 = EDGE_CURVE('',#8068,#8076,#8078,.T.);
#8076 = VERTEX_POINT('',#8077);
#8077 = CARTESIAN_POINT('',(-2.55,2.11,0.3));
#8078 = CIRCLE('',#8079,0.1);
#8079 = AXIS2_PLACEMENT_3D('',#8080,#8081,#8082);
#8080 = CARTESIAN_POINT('',(-2.65,2.11,0.3));
#8081 = DIRECTION('',(9.95799250103E-17,-1.,-0.));
#8082 = DIRECTION('',(-0.,0.,-1.));
#8083 = ORIENTED_EDGE('',*,*,#8084,.T.);
#8084 = EDGE_CURVE('',#8076,#8085,#8087,.T.);
#8085 = VERTEX_POINT('',#8086);
#8086 = CARTESIAN_POINT('',(-2.55,2.11,0.725));
#8087 = LINE('',#8088,#8089);
#8088 = CARTESIAN_POINT('',(-2.55,2.11,0.3));
#8089 = VECTOR('',#8090,1.);
#8090 = DIRECTION('',(0.,0.,1.));
#8091 = ORIENTED_EDGE('',*,*,#8092,.T.);
#8092 = EDGE_CURVE('',#8085,#8093,#8095,.T.);
#8093 = VERTEX_POINT('',#8094);
#8094 = CARTESIAN_POINT('',(-2.25,2.11,1.025));
#8095 = CIRCLE('',#8096,0.3);
#8096 = AXIS2_PLACEMENT_3D('',#8097,#8098,#8099);
#8097 = CARTESIAN_POINT('',(-2.25,2.11,0.725));
#8098 = DIRECTION('',(-9.95799250103E-17,1.,0.));
#8099 = DIRECTION('',(-1.,-9.95799250103E-17,3.700743415417E-16));
#8100 = ORIENTED_EDGE('',*,*,#8101,.T.);
#8101 = EDGE_CURVE('',#8093,#7127,#8102,.T.);
#8102 = LINE('',#8103,#8104);
#8103 = CARTESIAN_POINT('',(-2.25,2.11,1.025));
#8104 = VECTOR('',#8105,1.);
#8105 = DIRECTION('',(1.,9.95799250103E-17,0.));
#8106 = PLANE('',#8107);
#8107 = AXIS2_PLACEMENT_3D('',#8108,#8109,#8110);
#8108 = CARTESIAN_POINT('',(-2.41578967201,2.11,0.532659657565));
#8109 = DIRECTION('',(-9.95799250103E-17,1.,0.));
#8110 = DIRECTION('',(0.,0.,1.));
#8111 = ADVANCED_FACE('',(#8112),#8127,.F.);
#8112 = FACE_BOUND('',#8113,.F.);
#8113 = EDGE_LOOP('',(#8114,#8120,#8121,#8126));
#8114 = ORIENTED_EDGE('',*,*,#8115,.F.);
#8115 = EDGE_CURVE('',#7127,#7789,#8116,.T.);
#8116 = LINE('',#8117,#8118);
#8117 = CARTESIAN_POINT('',(-2.25,2.11,1.025));
#8118 = VECTOR('',#8119,1.);
#8119 = DIRECTION('',(1.,9.95799250103E-17,0.));
#8120 = ORIENTED_EDGE('',*,*,#7142,.T.);
#8121 = ORIENTED_EDGE('',*,*,#8122,.T.);
#8122 = EDGE_CURVE('',#7136,#7708,#8123,.T.);
#8123 = B_SPLINE_CURVE_WITH_KNOTS('',1,(#8124,#8125),.UNSPECIFIED.,.F.,
  .F.,(2,2),(0.,1.),.PIECEWISE_BEZIER_KNOTS.);
#8124 = CARTESIAN_POINT('',(-1.95,2.275,1.025));
#8125 = CARTESIAN_POINT('',(-1.875,2.2375,1.025));
#8126 = ORIENTED_EDGE('',*,*,#7796,.F.);
#8127 = B_SPLINE_SURFACE_WITH_KNOTS('',1,1,(
    (#8128,#8129)
    ,(#8130,#8131
    )),.UNSPECIFIED.,.F.,.F.,.F.,(2,2),(2,2),(0.,4.55),(0.,1.),
  .PIECEWISE_BEZIER_KNOTS.);
#8128 = CARTESIAN_POINT('',(-1.95,-2.275,1.025));
#8129 = CARTESIAN_POINT('',(-1.875,-2.2375,1.025));
#8130 = CARTESIAN_POINT('',(-1.95,2.275,1.025));
#8131 = CARTESIAN_POINT('',(-1.875,2.2375,1.025));
#8132 = ADVANCED_FACE('',(#8133),#8152,.F.);
#8133 = FACE_BOUND('',#8134,.F.);
#8134 = EDGE_LOOP('',(#8135,#8136,#8145,#8151));
#8135 = ORIENTED_EDGE('',*,*,#7173,.T.);
#8136 = ORIENTED_EDGE('',*,*,#8137,.T.);
#8137 = EDGE_CURVE('',#7166,#8138,#8140,.T.);
#8138 = VERTEX_POINT('',#8139);
#8139 = CARTESIAN_POINT('',(-2.35,-1.7,0.725));
#8140 = CIRCLE('',#8141,0.1);
#8141 = AXIS2_PLACEMENT_3D('',#8142,#8143,#8144);
#8142 = CARTESIAN_POINT('',(-2.25,-1.7,0.725));
#8143 = DIRECTION('',(9.95799250103E-17,-1.,0.));
#8144 = DIRECTION('',(-4.440892098501E-15,-4.422237021476E-31,1.));
#8145 = ORIENTED_EDGE('',*,*,#8146,.F.);
#8146 = EDGE_CURVE('',#7934,#8138,#8147,.T.);
#8147 = LINE('',#8148,#8149);
#8148 = CARTESIAN_POINT('',(-2.35,-2.11,0.725));
#8149 = VECTOR('',#8150,1.);
#8150 = DIRECTION('',(-9.95799250103E-17,1.,0.));
#8151 = ORIENTED_EDGE('',*,*,#7933,.F.);
#8152 = CYLINDRICAL_SURFACE('',#8153,0.1);
#8153 = AXIS2_PLACEMENT_3D('',#8154,#8155,#8156);
#8154 = CARTESIAN_POINT('',(-2.25,-2.11,0.725));
#8155 = DIRECTION('',(9.95799250103E-17,-1.,0.));
#8156 = DIRECTION('',(-4.440892098501E-15,-4.422237021476E-31,1.));
#8157 = ADVANCED_FACE('',(#8158),#8236,.T.);
#8158 = FACE_BOUND('',#8159,.T.);
#8159 = EDGE_LOOP('',(#8160,#8161,#8162,#8163,#8171,#8180,#8188,#8196,
    #8204,#8213,#8221,#8230));
#8160 = ORIENTED_EDGE('',*,*,#7218,.F.);
#8161 = ORIENTED_EDGE('',*,*,#7165,.T.);
#8162 = ORIENTED_EDGE('',*,*,#8137,.T.);
#8163 = ORIENTED_EDGE('',*,*,#8164,.T.);
#8164 = EDGE_CURVE('',#8138,#8165,#8167,.T.);
#8165 = VERTEX_POINT('',#8166);
#8166 = CARTESIAN_POINT('',(-2.35,-1.7,0.3));
#8167 = LINE('',#8168,#8169);
#8168 = CARTESIAN_POINT('',(-2.35,-1.7,0.725));
#8169 = VECTOR('',#8170,1.);
#8170 = DIRECTION('',(-1.044915787883E-15,-1.040526357994E-31,-1.));
#8171 = ORIENTED_EDGE('',*,*,#8172,.T.);
#8172 = EDGE_CURVE('',#8165,#8173,#8175,.T.);
#8173 = VERTEX_POINT('',#8174);
#8174 = CARTESIAN_POINT('',(-2.65,-1.7,5.551115123126E-17));
#8175 = CIRCLE('',#8176,0.3);
#8176 = AXIS2_PLACEMENT_3D('',#8177,#8178,#8179);
#8177 = CARTESIAN_POINT('',(-2.65,-1.7,0.3));
#8178 = DIRECTION('',(-9.95799250103E-17,1.,0.));
#8179 = DIRECTION('',(1.,9.95799250103E-17,3.515706244646E-15));
#8180 = ORIENTED_EDGE('',*,*,#8181,.T.);
#8181 = EDGE_CURVE('',#8173,#8182,#8184,.T.);
#8182 = VERTEX_POINT('',#8183);
#8183 = CARTESIAN_POINT('',(-3.,-1.7,5.551115123126E-17));
#8184 = LINE('',#8185,#8186);
#8185 = CARTESIAN_POINT('',(-2.65,-1.7,5.551115123126E-17));
#8186 = VECTOR('',#8187,1.);
#8187 = DIRECTION('',(-1.,-9.95799250103E-17,0.));
#8188 = ORIENTED_EDGE('',*,*,#8189,.T.);
#8189 = EDGE_CURVE('',#8182,#8190,#8192,.T.);
#8190 = VERTEX_POINT('',#8191);
#8191 = CARTESIAN_POINT('',(-3.,-1.7,0.2));
#8192 = LINE('',#8193,#8194);
#8193 = CARTESIAN_POINT('',(-3.,-1.7,5.551115123126E-17));
#8194 = VECTOR('',#8195,1.);
#8195 = DIRECTION('',(0.,0.,1.));
#8196 = ORIENTED_EDGE('',*,*,#8197,.T.);
#8197 = EDGE_CURVE('',#8190,#8198,#8200,.T.);
#8198 = VERTEX_POINT('',#8199);
#8199 = CARTESIAN_POINT('',(-2.65,-1.7,0.2));
#8200 = LINE('',#8201,#8202);
#8201 = CARTESIAN_POINT('',(-3.,-1.7,0.2));
#8202 = VECTOR('',#8203,1.);
#8203 = DIRECTION('',(1.,9.95799250103E-17,0.));
#8204 = ORIENTED_EDGE('',*,*,#8205,.T.);
#8205 = EDGE_CURVE('',#8198,#8206,#8208,.T.);
#8206 = VERTEX_POINT('',#8207);
#8207 = CARTESIAN_POINT('',(-2.55,-1.7,0.3));
#8208 = CIRCLE('',#8209,0.1);
#8209 = AXIS2_PLACEMENT_3D('',#8210,#8211,#8212);
#8210 = CARTESIAN_POINT('',(-2.65,-1.7,0.3));
#8211 = DIRECTION('',(9.95799250103E-17,-1.,-0.));
#8212 = DIRECTION('',(-0.,0.,-1.));
#8213 = ORIENTED_EDGE('',*,*,#8214,.T.);
#8214 = EDGE_CURVE('',#8206,#8215,#8217,.T.);
#8215 = VERTEX_POINT('',#8216);
#8216 = CARTESIAN_POINT('',(-2.55,-1.7,0.725));
#8217 = LINE('',#8218,#8219);
#8218 = CARTESIAN_POINT('',(-2.55,-1.7,0.3));
#8219 = VECTOR('',#8220,1.);
#8220 = DIRECTION('',(0.,0.,1.));
#8221 = ORIENTED_EDGE('',*,*,#8222,.T.);
#8222 = EDGE_CURVE('',#8215,#8223,#8225,.T.);
#8223 = VERTEX_POINT('',#8224);
#8224 = CARTESIAN_POINT('',(-2.25,-1.7,1.025));
#8225 = CIRCLE('',#8226,0.3);
#8226 = AXIS2_PLACEMENT_3D('',#8227,#8228,#8229);
#8227 = CARTESIAN_POINT('',(-2.25,-1.7,0.725));
#8228 = DIRECTION('',(-9.95799250103E-17,1.,0.));
#8229 = DIRECTION('',(-1.,-9.95799250103E-17,3.700743415417E-16));
#8230 = ORIENTED_EDGE('',*,*,#8231,.T.);
#8231 = EDGE_CURVE('',#8223,#7219,#8232,.T.);
#8232 = LINE('',#8233,#8234);
#8233 = CARTESIAN_POINT('',(-2.25,-1.7,1.025));
#8234 = VECTOR('',#8235,1.);
#8235 = DIRECTION('',(1.,9.95799250103E-17,0.));
#8236 = PLANE('',#8237);
#8237 = AXIS2_PLACEMENT_3D('',#8238,#8239,#8240);
#8238 = CARTESIAN_POINT('',(-2.41578967201,-1.7,0.532659657565));
#8239 = DIRECTION('',(-9.95799250103E-17,1.,0.));
#8240 = DIRECTION('',(0.,0.,1.));
#8241 = ADVANCED_FACE('',(#8242),#8328,.F.);
#8242 = FACE_BOUND('',#8243,.F.);
#8243 = EDGE_LOOP('',(#8244,#8245,#8246,#8255,#8263,#8272,#8280,#8288,
    #8296,#8305,#8313,#8322));
#8244 = ORIENTED_EDGE('',*,*,#7258,.F.);
#8245 = ORIENTED_EDGE('',*,*,#7187,.T.);
#8246 = ORIENTED_EDGE('',*,*,#8247,.T.);
#8247 = EDGE_CURVE('',#7188,#8248,#8250,.T.);
#8248 = VERTEX_POINT('',#8249);
#8249 = CARTESIAN_POINT('',(-2.35,1.7,0.725));
#8250 = CIRCLE('',#8251,0.1);
#8251 = AXIS2_PLACEMENT_3D('',#8252,#8253,#8254);
#8252 = CARTESIAN_POINT('',(-2.25,1.7,0.725));
#8253 = DIRECTION('',(9.95799250103E-17,-1.,0.));
#8254 = DIRECTION('',(-4.440892098501E-15,-4.422237021476E-31,1.));
#8255 = ORIENTED_EDGE('',*,*,#8256,.T.);
#8256 = EDGE_CURVE('',#8248,#8257,#8259,.T.);
#8257 = VERTEX_POINT('',#8258);
#8258 = CARTESIAN_POINT('',(-2.35,1.7,0.3));
#8259 = LINE('',#8260,#8261);
#8260 = CARTESIAN_POINT('',(-2.35,1.7,0.725));
#8261 = VECTOR('',#8262,1.);
#8262 = DIRECTION('',(-1.044915787883E-15,-1.040526357994E-31,-1.));
#8263 = ORIENTED_EDGE('',*,*,#8264,.T.);
#8264 = EDGE_CURVE('',#8257,#8265,#8267,.T.);
#8265 = VERTEX_POINT('',#8266);
#8266 = CARTESIAN_POINT('',(-2.65,1.7,5.551115123126E-17));
#8267 = CIRCLE('',#8268,0.3);
#8268 = AXIS2_PLACEMENT_3D('',#8269,#8270,#8271);
#8269 = CARTESIAN_POINT('',(-2.65,1.7,0.3));
#8270 = DIRECTION('',(-9.95799250103E-17,1.,0.));
#8271 = DIRECTION('',(1.,9.95799250103E-17,3.515706244646E-15));
#8272 = ORIENTED_EDGE('',*,*,#8273,.T.);
#8273 = EDGE_CURVE('',#8265,#8274,#8276,.T.);
#8274 = VERTEX_POINT('',#8275);
#8275 = CARTESIAN_POINT('',(-3.,1.7,5.551115123126E-17));
#8276 = LINE('',#8277,#8278);
#8277 = CARTESIAN_POINT('',(-2.65,1.7,5.551115123126E-17));
#8278 = VECTOR('',#8279,1.);
#8279 = DIRECTION('',(-1.,-9.95799250103E-17,0.));
#8280 = ORIENTED_EDGE('',*,*,#8281,.T.);
#8281 = EDGE_CURVE('',#8274,#8282,#8284,.T.);
#8282 = VERTEX_POINT('',#8283);
#8283 = CARTESIAN_POINT('',(-3.,1.7,0.2));
#8284 = LINE('',#8285,#8286);
#8285 = CARTESIAN_POINT('',(-3.,1.7,5.551115123126E-17));
#8286 = VECTOR('',#8287,1.);
#8287 = DIRECTION('',(0.,0.,1.));
#8288 = ORIENTED_EDGE('',*,*,#8289,.T.);
#8289 = EDGE_CURVE('',#8282,#8290,#8292,.T.);
#8290 = VERTEX_POINT('',#8291);
#8291 = CARTESIAN_POINT('',(-2.65,1.7,0.2));
#8292 = LINE('',#8293,#8294);
#8293 = CARTESIAN_POINT('',(-3.,1.7,0.2));
#8294 = VECTOR('',#8295,1.);
#8295 = DIRECTION('',(1.,9.95799250103E-17,0.));
#8296 = ORIENTED_EDGE('',*,*,#8297,.T.);
#8297 = EDGE_CURVE('',#8290,#8298,#8300,.T.);
#8298 = VERTEX_POINT('',#8299);
#8299 = CARTESIAN_POINT('',(-2.55,1.7,0.3));
#8300 = CIRCLE('',#8301,0.1);
#8301 = AXIS2_PLACEMENT_3D('',#8302,#8303,#8304);
#8302 = CARTESIAN_POINT('',(-2.65,1.7,0.3));
#8303 = DIRECTION('',(9.95799250103E-17,-1.,-0.));
#8304 = DIRECTION('',(-0.,0.,-1.));
#8305 = ORIENTED_EDGE('',*,*,#8306,.T.);
#8306 = EDGE_CURVE('',#8298,#8307,#8309,.T.);
#8307 = VERTEX_POINT('',#8308);
#8308 = CARTESIAN_POINT('',(-2.55,1.7,0.725));
#8309 = LINE('',#8310,#8311);
#8310 = CARTESIAN_POINT('',(-2.55,1.7,0.3));
#8311 = VECTOR('',#8312,1.);
#8312 = DIRECTION('',(0.,0.,1.));
#8313 = ORIENTED_EDGE('',*,*,#8314,.T.);
#8314 = EDGE_CURVE('',#8307,#8315,#8317,.T.);
#8315 = VERTEX_POINT('',#8316);
#8316 = CARTESIAN_POINT('',(-2.25,1.7,1.025));
#8317 = CIRCLE('',#8318,0.3);
#8318 = AXIS2_PLACEMENT_3D('',#8319,#8320,#8321);
#8319 = CARTESIAN_POINT('',(-2.25,1.7,0.725));
#8320 = DIRECTION('',(-9.95799250103E-17,1.,0.));
#8321 = DIRECTION('',(-1.,-9.95799250103E-17,3.700743415417E-16));
#8322 = ORIENTED_EDGE('',*,*,#8323,.T.);
#8323 = EDGE_CURVE('',#8315,#7259,#8324,.T.);
#8324 = LINE('',#8325,#8326);
#8325 = CARTESIAN_POINT('',(-2.25,1.7,1.025));
#8326 = VECTOR('',#8327,1.);
#8327 = DIRECTION('',(1.,9.95799250103E-17,0.));
#8328 = PLANE('',#8329);
#8329 = AXIS2_PLACEMENT_3D('',#8330,#8331,#8332);
#8330 = CARTESIAN_POINT('',(-2.41578967201,1.7,0.532659657565));
#8331 = DIRECTION('',(-9.95799250103E-17,1.,0.));
#8332 = DIRECTION('',(0.,0.,1.));
#8333 = ADVANCED_FACE('',(#8334),#8345,.F.);
#8334 = FACE_BOUND('',#8335,.F.);
#8335 = EDGE_LOOP('',(#8336,#8337,#8338,#8344));
#8336 = ORIENTED_EDGE('',*,*,#7204,.T.);
#8337 = ORIENTED_EDGE('',*,*,#8025,.T.);
#8338 = ORIENTED_EDGE('',*,*,#8339,.F.);
#8339 = EDGE_CURVE('',#8248,#8026,#8340,.T.);
#8340 = LINE('',#8341,#8342);
#8341 = CARTESIAN_POINT('',(-2.35,1.7,0.725));
#8342 = VECTOR('',#8343,1.);
#8343 = DIRECTION('',(-9.95799250103E-17,1.,0.));
#8344 = ORIENTED_EDGE('',*,*,#8247,.F.);
#8345 = CYLINDRICAL_SURFACE('',#8346,0.1);
#8346 = AXIS2_PLACEMENT_3D('',#8347,#8348,#8349);
#8347 = CARTESIAN_POINT('',(-2.25,1.7,0.725));
#8348 = DIRECTION('',(9.95799250103E-17,-1.,0.));
#8349 = DIRECTION('',(-4.440892098501E-15,-4.422237021476E-31,1.));
#8350 = ADVANCED_FACE('',(#8351),#8367,.F.);
#8351 = FACE_BOUND('',#8352,.F.);
#8352 = EDGE_LOOP('',(#8353,#8359,#8360,#8366));
#8353 = ORIENTED_EDGE('',*,*,#8354,.F.);
#8354 = EDGE_CURVE('',#7219,#7741,#8355,.T.);
#8355 = LINE('',#8356,#8357);
#8356 = CARTESIAN_POINT('',(-2.25,-1.7,1.025));
#8357 = VECTOR('',#8358,1.);
#8358 = DIRECTION('',(1.,9.95799250103E-17,0.));
#8359 = ORIENTED_EDGE('',*,*,#7235,.T.);
#8360 = ORIENTED_EDGE('',*,*,#8361,.T.);
#8361 = EDGE_CURVE('',#7228,#7749,#8362,.T.);
#8362 = LINE('',#8363,#8364);
#8363 = CARTESIAN_POINT('',(-2.25,-0.84,1.025));
#8364 = VECTOR('',#8365,1.);
#8365 = DIRECTION('',(1.,9.95799250103E-17,0.));
#8366 = ORIENTED_EDGE('',*,*,#7748,.F.);
#8367 = B_SPLINE_SURFACE_WITH_KNOTS('',1,1,(
    (#8368,#8369)
    ,(#8370,#8371
    )),.UNSPECIFIED.,.F.,.F.,.F.,(2,2),(2,2),(0.,4.55),(0.,1.),
  .PIECEWISE_BEZIER_KNOTS.);
#8368 = CARTESIAN_POINT('',(-1.95,-2.275,1.025));
#8369 = CARTESIAN_POINT('',(-1.875,-2.2375,1.025));
#8370 = CARTESIAN_POINT('',(-1.95,2.275,1.025));
#8371 = CARTESIAN_POINT('',(-1.875,2.2375,1.025));
#8372 = ADVANCED_FACE('',(#8373),#8459,.F.);
#8373 = FACE_BOUND('',#8374,.F.);
#8374 = EDGE_LOOP('',(#8375,#8376,#8377,#8386,#8394,#8403,#8411,#8419,
    #8427,#8436,#8444,#8453));
#8375 = ORIENTED_EDGE('',*,*,#7227,.F.);
#8376 = ORIENTED_EDGE('',*,*,#7280,.T.);
#8377 = ORIENTED_EDGE('',*,*,#8378,.T.);
#8378 = EDGE_CURVE('',#7281,#8379,#8381,.T.);
#8379 = VERTEX_POINT('',#8380);
#8380 = CARTESIAN_POINT('',(-2.35,-0.84,0.725));
#8381 = CIRCLE('',#8382,0.1);
#8382 = AXIS2_PLACEMENT_3D('',#8383,#8384,#8385);
#8383 = CARTESIAN_POINT('',(-2.25,-0.84,0.725));
#8384 = DIRECTION('',(9.95799250103E-17,-1.,0.));
#8385 = DIRECTION('',(-4.440892098501E-15,-4.422237021476E-31,1.));
#8386 = ORIENTED_EDGE('',*,*,#8387,.T.);
#8387 = EDGE_CURVE('',#8379,#8388,#8390,.T.);
#8388 = VERTEX_POINT('',#8389);
#8389 = CARTESIAN_POINT('',(-2.35,-0.84,0.3));
#8390 = LINE('',#8391,#8392);
#8391 = CARTESIAN_POINT('',(-2.35,-0.84,0.725));
#8392 = VECTOR('',#8393,1.);
#8393 = DIRECTION('',(-1.044915787883E-15,-1.040526357994E-31,-1.));
#8394 = ORIENTED_EDGE('',*,*,#8395,.T.);
#8395 = EDGE_CURVE('',#8388,#8396,#8398,.T.);
#8396 = VERTEX_POINT('',#8397);
#8397 = CARTESIAN_POINT('',(-2.65,-0.84,5.551115123126E-17));
#8398 = CIRCLE('',#8399,0.3);
#8399 = AXIS2_PLACEMENT_3D('',#8400,#8401,#8402);
#8400 = CARTESIAN_POINT('',(-2.65,-0.84,0.3));
#8401 = DIRECTION('',(-9.95799250103E-17,1.,0.));
#8402 = DIRECTION('',(1.,9.95799250103E-17,3.515706244646E-15));
#8403 = ORIENTED_EDGE('',*,*,#8404,.T.);
#8404 = EDGE_CURVE('',#8396,#8405,#8407,.T.);
#8405 = VERTEX_POINT('',#8406);
#8406 = CARTESIAN_POINT('',(-3.,-0.84,5.551115123126E-17));
#8407 = LINE('',#8408,#8409);
#8408 = CARTESIAN_POINT('',(-2.65,-0.84,5.551115123126E-17));
#8409 = VECTOR('',#8410,1.);
#8410 = DIRECTION('',(-1.,-9.95799250103E-17,0.));
#8411 = ORIENTED_EDGE('',*,*,#8412,.T.);
#8412 = EDGE_CURVE('',#8405,#8413,#8415,.T.);
#8413 = VERTEX_POINT('',#8414);
#8414 = CARTESIAN_POINT('',(-3.,-0.84,0.2));
#8415 = LINE('',#8416,#8417);
#8416 = CARTESIAN_POINT('',(-3.,-0.84,5.551115123126E-17));
#8417 = VECTOR('',#8418,1.);
#8418 = DIRECTION('',(0.,0.,1.));
#8419 = ORIENTED_EDGE('',*,*,#8420,.T.);
#8420 = EDGE_CURVE('',#8413,#8421,#8423,.T.);
#8421 = VERTEX_POINT('',#8422);
#8422 = CARTESIAN_POINT('',(-2.65,-0.84,0.2));
#8423 = LINE('',#8424,#8425);
#8424 = CARTESIAN_POINT('',(-3.,-0.84,0.2));
#8425 = VECTOR('',#8426,1.);
#8426 = DIRECTION('',(1.,9.95799250103E-17,0.));
#8427 = ORIENTED_EDGE('',*,*,#8428,.T.);
#8428 = EDGE_CURVE('',#8421,#8429,#8431,.T.);
#8429 = VERTEX_POINT('',#8430);
#8430 = CARTESIAN_POINT('',(-2.55,-0.84,0.3));
#8431 = CIRCLE('',#8432,0.1);
#8432 = AXIS2_PLACEMENT_3D('',#8433,#8434,#8435);
#8433 = CARTESIAN_POINT('',(-2.65,-0.84,0.3));
#8434 = DIRECTION('',(9.95799250103E-17,-1.,-0.));
#8435 = DIRECTION('',(-0.,0.,-1.));
#8436 = ORIENTED_EDGE('',*,*,#8437,.T.);
#8437 = EDGE_CURVE('',#8429,#8438,#8440,.T.);
#8438 = VERTEX_POINT('',#8439);
#8439 = CARTESIAN_POINT('',(-2.55,-0.84,0.725));
#8440 = LINE('',#8441,#8442);
#8441 = CARTESIAN_POINT('',(-2.55,-0.84,0.3));
#8442 = VECTOR('',#8443,1.);
#8443 = DIRECTION('',(0.,0.,1.));
#8444 = ORIENTED_EDGE('',*,*,#8445,.T.);
#8445 = EDGE_CURVE('',#8438,#8446,#8448,.T.);
#8446 = VERTEX_POINT('',#8447);
#8447 = CARTESIAN_POINT('',(-2.25,-0.84,1.025));
#8448 = CIRCLE('',#8449,0.3);
#8449 = AXIS2_PLACEMENT_3D('',#8450,#8451,#8452);
#8450 = CARTESIAN_POINT('',(-2.25,-0.84,0.725));
#8451 = DIRECTION('',(-9.95799250103E-17,1.,0.));
#8452 = DIRECTION('',(-1.,-9.95799250103E-17,3.700743415417E-16));
#8453 = ORIENTED_EDGE('',*,*,#8454,.T.);
#8454 = EDGE_CURVE('',#8446,#7228,#8455,.T.);
#8455 = LINE('',#8456,#8457);
#8456 = CARTESIAN_POINT('',(-2.25,-0.84,1.025));
#8457 = VECTOR('',#8458,1.);
#8458 = DIRECTION('',(1.,9.95799250103E-17,0.));
#8459 = PLANE('',#8460);
#8460 = AXIS2_PLACEMENT_3D('',#8461,#8462,#8463);
#8461 = CARTESIAN_POINT('',(-2.41578967201,-0.84,0.532659657565));
#8462 = DIRECTION('',(-9.95799250103E-17,1.,0.));
#8463 = DIRECTION('',(0.,0.,1.));
#8464 = ADVANCED_FACE('',(#8465),#8551,.T.);
#8465 = FACE_BOUND('',#8466,.T.);
#8466 = EDGE_LOOP('',(#8467,#8468,#8469,#8478,#8486,#8495,#8503,#8511,
    #8519,#8528,#8536,#8545));
#8467 = ORIENTED_EDGE('',*,*,#7249,.F.);
#8468 = ORIENTED_EDGE('',*,*,#7320,.T.);
#8469 = ORIENTED_EDGE('',*,*,#8470,.T.);
#8470 = EDGE_CURVE('',#7321,#8471,#8473,.T.);
#8471 = VERTEX_POINT('',#8472);
#8472 = CARTESIAN_POINT('',(-2.35,0.84,0.725));
#8473 = CIRCLE('',#8474,0.1);
#8474 = AXIS2_PLACEMENT_3D('',#8475,#8476,#8477);
#8475 = CARTESIAN_POINT('',(-2.25,0.84,0.725));
#8476 = DIRECTION('',(9.95799250103E-17,-1.,0.));
#8477 = DIRECTION('',(-4.440892098501E-15,-4.422237021476E-31,1.));
#8478 = ORIENTED_EDGE('',*,*,#8479,.T.);
#8479 = EDGE_CURVE('',#8471,#8480,#8482,.T.);
#8480 = VERTEX_POINT('',#8481);
#8481 = CARTESIAN_POINT('',(-2.35,0.84,0.3));
#8482 = LINE('',#8483,#8484);
#8483 = CARTESIAN_POINT('',(-2.35,0.84,0.725));
#8484 = VECTOR('',#8485,1.);
#8485 = DIRECTION('',(-1.044915787883E-15,-1.040526357994E-31,-1.));
#8486 = ORIENTED_EDGE('',*,*,#8487,.T.);
#8487 = EDGE_CURVE('',#8480,#8488,#8490,.T.);
#8488 = VERTEX_POINT('',#8489);
#8489 = CARTESIAN_POINT('',(-2.65,0.84,5.551115123126E-17));
#8490 = CIRCLE('',#8491,0.3);
#8491 = AXIS2_PLACEMENT_3D('',#8492,#8493,#8494);
#8492 = CARTESIAN_POINT('',(-2.65,0.84,0.3));
#8493 = DIRECTION('',(-9.95799250103E-17,1.,0.));
#8494 = DIRECTION('',(1.,9.95799250103E-17,3.515706244646E-15));
#8495 = ORIENTED_EDGE('',*,*,#8496,.T.);
#8496 = EDGE_CURVE('',#8488,#8497,#8499,.T.);
#8497 = VERTEX_POINT('',#8498);
#8498 = CARTESIAN_POINT('',(-3.,0.84,5.551115123126E-17));
#8499 = LINE('',#8500,#8501);
#8500 = CARTESIAN_POINT('',(-2.65,0.84,5.551115123126E-17));
#8501 = VECTOR('',#8502,1.);
#8502 = DIRECTION('',(-1.,-9.95799250103E-17,0.));
#8503 = ORIENTED_EDGE('',*,*,#8504,.T.);
#8504 = EDGE_CURVE('',#8497,#8505,#8507,.T.);
#8505 = VERTEX_POINT('',#8506);
#8506 = CARTESIAN_POINT('',(-3.,0.84,0.2));
#8507 = LINE('',#8508,#8509);
#8508 = CARTESIAN_POINT('',(-3.,0.84,5.551115123126E-17));
#8509 = VECTOR('',#8510,1.);
#8510 = DIRECTION('',(0.,0.,1.));
#8511 = ORIENTED_EDGE('',*,*,#8512,.T.);
#8512 = EDGE_CURVE('',#8505,#8513,#8515,.T.);
#8513 = VERTEX_POINT('',#8514);
#8514 = CARTESIAN_POINT('',(-2.65,0.84,0.2));
#8515 = LINE('',#8516,#8517);
#8516 = CARTESIAN_POINT('',(-3.,0.84,0.2));
#8517 = VECTOR('',#8518,1.);
#8518 = DIRECTION('',(1.,9.95799250103E-17,0.));
#8519 = ORIENTED_EDGE('',*,*,#8520,.T.);
#8520 = EDGE_CURVE('',#8513,#8521,#8523,.T.);
#8521 = VERTEX_POINT('',#8522);
#8522 = CARTESIAN_POINT('',(-2.55,0.84,0.3));
#8523 = CIRCLE('',#8524,0.1);
#8524 = AXIS2_PLACEMENT_3D('',#8525,#8526,#8527);
#8525 = CARTESIAN_POINT('',(-2.65,0.84,0.3));
#8526 = DIRECTION('',(9.95799250103E-17,-1.,-0.));
#8527 = DIRECTION('',(-0.,0.,-1.));
#8528 = ORIENTED_EDGE('',*,*,#8529,.T.);
#8529 = EDGE_CURVE('',#8521,#8530,#8532,.T.);
#8530 = VERTEX_POINT('',#8531);
#8531 = CARTESIAN_POINT('',(-2.55,0.84,0.725));
#8532 = LINE('',#8533,#8534);
#8533 = CARTESIAN_POINT('',(-2.55,0.84,0.3));
#8534 = VECTOR('',#8535,1.);
#8535 = DIRECTION('',(0.,0.,1.));
#8536 = ORIENTED_EDGE('',*,*,#8537,.T.);
#8537 = EDGE_CURVE('',#8530,#8538,#8540,.T.);
#8538 = VERTEX_POINT('',#8539);
#8539 = CARTESIAN_POINT('',(-2.25,0.84,1.025));
#8540 = CIRCLE('',#8541,0.3);
#8541 = AXIS2_PLACEMENT_3D('',#8542,#8543,#8544);
#8542 = CARTESIAN_POINT('',(-2.25,0.84,0.725));
#8543 = DIRECTION('',(-9.95799250103E-17,1.,0.));
#8544 = DIRECTION('',(-1.,-9.95799250103E-17,3.700743415417E-16));
#8545 = ORIENTED_EDGE('',*,*,#8546,.T.);
#8546 = EDGE_CURVE('',#8538,#7250,#8547,.T.);
#8547 = LINE('',#8548,#8549);
#8548 = CARTESIAN_POINT('',(-2.25,0.84,1.025));
#8549 = VECTOR('',#8550,1.);
#8550 = DIRECTION('',(1.,9.95799250103E-17,0.));
#8551 = PLANE('',#8552);
#8552 = AXIS2_PLACEMENT_3D('',#8553,#8554,#8555);
#8553 = CARTESIAN_POINT('',(-2.41578967201,0.84,0.532659657565));
#8554 = DIRECTION('',(-9.95799250103E-17,1.,0.));
#8555 = DIRECTION('',(0.,0.,1.));
#8556 = ADVANCED_FACE('',(#8557),#8573,.F.);
#8557 = FACE_BOUND('',#8558,.F.);
#8558 = EDGE_LOOP('',(#8559,#8565,#8566,#8572));
#8559 = ORIENTED_EDGE('',*,*,#8560,.F.);
#8560 = EDGE_CURVE('',#7250,#7773,#8561,.T.);
#8561 = LINE('',#8562,#8563);
#8562 = CARTESIAN_POINT('',(-2.25,0.84,1.025));
#8563 = VECTOR('',#8564,1.);
#8564 = DIRECTION('',(1.,9.95799250103E-17,0.));
#8565 = ORIENTED_EDGE('',*,*,#7266,.T.);
#8566 = ORIENTED_EDGE('',*,*,#8567,.T.);
#8567 = EDGE_CURVE('',#7259,#7781,#8568,.T.);
#8568 = LINE('',#8569,#8570);
#8569 = CARTESIAN_POINT('',(-2.25,1.7,1.025));
#8570 = VECTOR('',#8571,1.);
#8571 = DIRECTION('',(1.,9.95799250103E-17,0.));
#8572 = ORIENTED_EDGE('',*,*,#7780,.F.);
#8573 = B_SPLINE_SURFACE_WITH_KNOTS('',1,1,(
    (#8574,#8575)
    ,(#8576,#8577
    )),.UNSPECIFIED.,.F.,.F.,.F.,(2,2),(2,2),(0.,4.55),(0.,1.),
  .PIECEWISE_BEZIER_KNOTS.);
#8574 = CARTESIAN_POINT('',(-1.95,-2.275,1.025));
#8575 = CARTESIAN_POINT('',(-1.875,-2.2375,1.025));
#8576 = CARTESIAN_POINT('',(-1.95,2.275,1.025));
#8577 = CARTESIAN_POINT('',(-1.875,2.2375,1.025));
#8578 = ADVANCED_FACE('',(#8579),#8598,.F.);
#8579 = FACE_BOUND('',#8580,.F.);
#8580 = EDGE_LOOP('',(#8581,#8582,#8591,#8597));
#8581 = ORIENTED_EDGE('',*,*,#7297,.T.);
#8582 = ORIENTED_EDGE('',*,*,#8583,.T.);
#8583 = EDGE_CURVE('',#7290,#8584,#8586,.T.);
#8584 = VERTEX_POINT('',#8585);
#8585 = CARTESIAN_POINT('',(-2.35,-0.43,0.725));
#8586 = CIRCLE('',#8587,0.1);
#8587 = AXIS2_PLACEMENT_3D('',#8588,#8589,#8590);
#8588 = CARTESIAN_POINT('',(-2.25,-0.43,0.725));
#8589 = DIRECTION('',(9.95799250103E-17,-1.,0.));
#8590 = DIRECTION('',(-4.440892098501E-15,-4.422237021476E-31,1.));
#8591 = ORIENTED_EDGE('',*,*,#8592,.F.);
#8592 = EDGE_CURVE('',#8379,#8584,#8593,.T.);
#8593 = LINE('',#8594,#8595);
#8594 = CARTESIAN_POINT('',(-2.35,-0.84,0.725));
#8595 = VECTOR('',#8596,1.);
#8596 = DIRECTION('',(-9.95799250103E-17,1.,0.));
#8597 = ORIENTED_EDGE('',*,*,#8378,.F.);
#8598 = CYLINDRICAL_SURFACE('',#8599,0.1);
#8599 = AXIS2_PLACEMENT_3D('',#8600,#8601,#8602);
#8600 = CARTESIAN_POINT('',(-2.25,-0.84,0.725));
#8601 = DIRECTION('',(9.95799250103E-17,-1.,0.));
#8602 = DIRECTION('',(-4.440892098501E-15,-4.422237021476E-31,1.));
#8603 = ADVANCED_FACE('',(#8604),#8682,.T.);
#8604 = FACE_BOUND('',#8605,.T.);
#8605 = EDGE_LOOP('',(#8606,#8607,#8608,#8609,#8617,#8626,#8634,#8642,
    #8650,#8659,#8667,#8676));
#8606 = ORIENTED_EDGE('',*,*,#7342,.F.);
#8607 = ORIENTED_EDGE('',*,*,#7289,.T.);
#8608 = ORIENTED_EDGE('',*,*,#8583,.T.);
#8609 = ORIENTED_EDGE('',*,*,#8610,.T.);
#8610 = EDGE_CURVE('',#8584,#8611,#8613,.T.);
#8611 = VERTEX_POINT('',#8612);
#8612 = CARTESIAN_POINT('',(-2.35,-0.43,0.3));
#8613 = LINE('',#8614,#8615);
#8614 = CARTESIAN_POINT('',(-2.35,-0.43,0.725));
#8615 = VECTOR('',#8616,1.);
#8616 = DIRECTION('',(-1.044915787883E-15,-1.040526357994E-31,-1.));
#8617 = ORIENTED_EDGE('',*,*,#8618,.T.);
#8618 = EDGE_CURVE('',#8611,#8619,#8621,.T.);
#8619 = VERTEX_POINT('',#8620);
#8620 = CARTESIAN_POINT('',(-2.65,-0.43,5.551115123126E-17));
#8621 = CIRCLE('',#8622,0.3);
#8622 = AXIS2_PLACEMENT_3D('',#8623,#8624,#8625);
#8623 = CARTESIAN_POINT('',(-2.65,-0.43,0.3));
#8624 = DIRECTION('',(-9.95799250103E-17,1.,0.));
#8625 = DIRECTION('',(1.,9.95799250103E-17,3.515706244646E-15));
#8626 = ORIENTED_EDGE('',*,*,#8627,.T.);
#8627 = EDGE_CURVE('',#8619,#8628,#8630,.T.);
#8628 = VERTEX_POINT('',#8629);
#8629 = CARTESIAN_POINT('',(-3.,-0.43,5.551115123126E-17));
#8630 = LINE('',#8631,#8632);
#8631 = CARTESIAN_POINT('',(-2.65,-0.43,5.551115123126E-17));
#8632 = VECTOR('',#8633,1.);
#8633 = DIRECTION('',(-1.,-9.95799250103E-17,0.));
#8634 = ORIENTED_EDGE('',*,*,#8635,.T.);
#8635 = EDGE_CURVE('',#8628,#8636,#8638,.T.);
#8636 = VERTEX_POINT('',#8637);
#8637 = CARTESIAN_POINT('',(-3.,-0.43,0.2));
#8638 = LINE('',#8639,#8640);
#8639 = CARTESIAN_POINT('',(-3.,-0.43,5.551115123126E-17));
#8640 = VECTOR('',#8641,1.);
#8641 = DIRECTION('',(0.,0.,1.));
#8642 = ORIENTED_EDGE('',*,*,#8643,.T.);
#8643 = EDGE_CURVE('',#8636,#8644,#8646,.T.);
#8644 = VERTEX_POINT('',#8645);
#8645 = CARTESIAN_POINT('',(-2.65,-0.43,0.2));
#8646 = LINE('',#8647,#8648);
#8647 = CARTESIAN_POINT('',(-3.,-0.43,0.2));
#8648 = VECTOR('',#8649,1.);
#8649 = DIRECTION('',(1.,9.95799250103E-17,0.));
#8650 = ORIENTED_EDGE('',*,*,#8651,.T.);
#8651 = EDGE_CURVE('',#8644,#8652,#8654,.T.);
#8652 = VERTEX_POINT('',#8653);
#8653 = CARTESIAN_POINT('',(-2.55,-0.43,0.3));
#8654 = CIRCLE('',#8655,0.1);
#8655 = AXIS2_PLACEMENT_3D('',#8656,#8657,#8658);
#8656 = CARTESIAN_POINT('',(-2.65,-0.43,0.3));
#8657 = DIRECTION('',(9.95799250103E-17,-1.,-0.));
#8658 = DIRECTION('',(-0.,0.,-1.));
#8659 = ORIENTED_EDGE('',*,*,#8660,.T.);
#8660 = EDGE_CURVE('',#8652,#8661,#8663,.T.);
#8661 = VERTEX_POINT('',#8662);
#8662 = CARTESIAN_POINT('',(-2.55,-0.43,0.725));
#8663 = LINE('',#8664,#8665);
#8664 = CARTESIAN_POINT('',(-2.55,-0.43,0.3));
#8665 = VECTOR('',#8666,1.);
#8666 = DIRECTION('',(0.,0.,1.));
#8667 = ORIENTED_EDGE('',*,*,#8668,.T.);
#8668 = EDGE_CURVE('',#8661,#8669,#8671,.T.);
#8669 = VERTEX_POINT('',#8670);
#8670 = CARTESIAN_POINT('',(-2.25,-0.43,1.025));
#8671 = CIRCLE('',#8672,0.3);
#8672 = AXIS2_PLACEMENT_3D('',#8673,#8674,#8675);
#8673 = CARTESIAN_POINT('',(-2.25,-0.43,0.725));
#8674 = DIRECTION('',(-9.95799250103E-17,1.,0.));
#8675 = DIRECTION('',(-1.,-9.95799250103E-17,3.700743415417E-16));
#8676 = ORIENTED_EDGE('',*,*,#8677,.T.);
#8677 = EDGE_CURVE('',#8669,#7343,#8678,.T.);
#8678 = LINE('',#8679,#8680);
#8679 = CARTESIAN_POINT('',(-2.25,-0.43,1.025));
#8680 = VECTOR('',#8681,1.);
#8681 = DIRECTION('',(1.,9.95799250103E-17,0.));
#8682 = PLANE('',#8683);
#8683 = AXIS2_PLACEMENT_3D('',#8684,#8685,#8686);
#8684 = CARTESIAN_POINT('',(-2.41578967201,-0.43,0.532659657565));
#8685 = DIRECTION('',(-9.95799250103E-17,1.,0.));
#8686 = DIRECTION('',(0.,0.,1.));
#8687 = ADVANCED_FACE('',(#8688),#8774,.F.);
#8688 = FACE_BOUND('',#8689,.F.);
#8689 = EDGE_LOOP('',(#8690,#8691,#8692,#8701,#8709,#8718,#8726,#8734,
    #8742,#8751,#8759,#8768));
#8690 = ORIENTED_EDGE('',*,*,#7351,.F.);
#8691 = ORIENTED_EDGE('',*,*,#7311,.T.);
#8692 = ORIENTED_EDGE('',*,*,#8693,.T.);
#8693 = EDGE_CURVE('',#7312,#8694,#8696,.T.);
#8694 = VERTEX_POINT('',#8695);
#8695 = CARTESIAN_POINT('',(-2.35,0.43,0.725));
#8696 = CIRCLE('',#8697,0.1);
#8697 = AXIS2_PLACEMENT_3D('',#8698,#8699,#8700);
#8698 = CARTESIAN_POINT('',(-2.25,0.43,0.725));
#8699 = DIRECTION('',(9.95799250103E-17,-1.,0.));
#8700 = DIRECTION('',(-4.440892098501E-15,-4.422237021476E-31,1.));
#8701 = ORIENTED_EDGE('',*,*,#8702,.T.);
#8702 = EDGE_CURVE('',#8694,#8703,#8705,.T.);
#8703 = VERTEX_POINT('',#8704);
#8704 = CARTESIAN_POINT('',(-2.35,0.43,0.3));
#8705 = LINE('',#8706,#8707);
#8706 = CARTESIAN_POINT('',(-2.35,0.43,0.725));
#8707 = VECTOR('',#8708,1.);
#8708 = DIRECTION('',(-1.044915787883E-15,-1.040526357994E-31,-1.));
#8709 = ORIENTED_EDGE('',*,*,#8710,.T.);
#8710 = EDGE_CURVE('',#8703,#8711,#8713,.T.);
#8711 = VERTEX_POINT('',#8712);
#8712 = CARTESIAN_POINT('',(-2.65,0.43,5.551115123126E-17));
#8713 = CIRCLE('',#8714,0.3);
#8714 = AXIS2_PLACEMENT_3D('',#8715,#8716,#8717);
#8715 = CARTESIAN_POINT('',(-2.65,0.43,0.3));
#8716 = DIRECTION('',(-9.95799250103E-17,1.,0.));
#8717 = DIRECTION('',(1.,9.95799250103E-17,3.515706244646E-15));
#8718 = ORIENTED_EDGE('',*,*,#8719,.T.);
#8719 = EDGE_CURVE('',#8711,#8720,#8722,.T.);
#8720 = VERTEX_POINT('',#8721);
#8721 = CARTESIAN_POINT('',(-3.,0.43,5.551115123126E-17));
#8722 = LINE('',#8723,#8724);
#8723 = CARTESIAN_POINT('',(-2.65,0.43,5.551115123126E-17));
#8724 = VECTOR('',#8725,1.);
#8725 = DIRECTION('',(-1.,-9.95799250103E-17,0.));
#8726 = ORIENTED_EDGE('',*,*,#8727,.T.);
#8727 = EDGE_CURVE('',#8720,#8728,#8730,.T.);
#8728 = VERTEX_POINT('',#8729);
#8729 = CARTESIAN_POINT('',(-3.,0.43,0.2));
#8730 = LINE('',#8731,#8732);
#8731 = CARTESIAN_POINT('',(-3.,0.43,5.551115123126E-17));
#8732 = VECTOR('',#8733,1.);
#8733 = DIRECTION('',(0.,0.,1.));
#8734 = ORIENTED_EDGE('',*,*,#8735,.T.);
#8735 = EDGE_CURVE('',#8728,#8736,#8738,.T.);
#8736 = VERTEX_POINT('',#8737);
#8737 = CARTESIAN_POINT('',(-2.65,0.43,0.2));
#8738 = LINE('',#8739,#8740);
#8739 = CARTESIAN_POINT('',(-3.,0.43,0.2));
#8740 = VECTOR('',#8741,1.);
#8741 = DIRECTION('',(1.,9.95799250103E-17,0.));
#8742 = ORIENTED_EDGE('',*,*,#8743,.T.);
#8743 = EDGE_CURVE('',#8736,#8744,#8746,.T.);
#8744 = VERTEX_POINT('',#8745);
#8745 = CARTESIAN_POINT('',(-2.55,0.43,0.3));
#8746 = CIRCLE('',#8747,0.1);
#8747 = AXIS2_PLACEMENT_3D('',#8748,#8749,#8750);
#8748 = CARTESIAN_POINT('',(-2.65,0.43,0.3));
#8749 = DIRECTION('',(9.95799250103E-17,-1.,-0.));
#8750 = DIRECTION('',(-0.,0.,-1.));
#8751 = ORIENTED_EDGE('',*,*,#8752,.T.);
#8752 = EDGE_CURVE('',#8744,#8753,#8755,.T.);
#8753 = VERTEX_POINT('',#8754);
#8754 = CARTESIAN_POINT('',(-2.55,0.43,0.725));
#8755 = LINE('',#8756,#8757);
#8756 = CARTESIAN_POINT('',(-2.55,0.43,0.3));
#8757 = VECTOR('',#8758,1.);
#8758 = DIRECTION('',(0.,0.,1.));
#8759 = ORIENTED_EDGE('',*,*,#8760,.T.);
#8760 = EDGE_CURVE('',#8753,#8761,#8763,.T.);
#8761 = VERTEX_POINT('',#8762);
#8762 = CARTESIAN_POINT('',(-2.25,0.43,1.025));
#8763 = CIRCLE('',#8764,0.3);
#8764 = AXIS2_PLACEMENT_3D('',#8765,#8766,#8767);
#8765 = CARTESIAN_POINT('',(-2.25,0.43,0.725));
#8766 = DIRECTION('',(-9.95799250103E-17,1.,0.));
#8767 = DIRECTION('',(-1.,-9.95799250103E-17,3.700743415417E-16));
#8768 = ORIENTED_EDGE('',*,*,#8769,.T.);
#8769 = EDGE_CURVE('',#8761,#7352,#8770,.T.);
#8770 = LINE('',#8771,#8772);
#8771 = CARTESIAN_POINT('',(-2.25,0.43,1.025));
#8772 = VECTOR('',#8773,1.);
#8773 = DIRECTION('',(1.,9.95799250103E-17,0.));
#8774 = PLANE('',#8775);
#8775 = AXIS2_PLACEMENT_3D('',#8776,#8777,#8778);
#8776 = CARTESIAN_POINT('',(-2.41578967201,0.43,0.532659657565));
#8777 = DIRECTION('',(-9.95799250103E-17,1.,0.));
#8778 = DIRECTION('',(0.,0.,1.));
#8779 = ADVANCED_FACE('',(#8780),#8791,.F.);
#8780 = FACE_BOUND('',#8781,.F.);
#8781 = EDGE_LOOP('',(#8782,#8783,#8784,#8790));
#8782 = ORIENTED_EDGE('',*,*,#7328,.T.);
#8783 = ORIENTED_EDGE('',*,*,#8470,.T.);
#8784 = ORIENTED_EDGE('',*,*,#8785,.F.);
#8785 = EDGE_CURVE('',#8694,#8471,#8786,.T.);
#8786 = LINE('',#8787,#8788);
#8787 = CARTESIAN_POINT('',(-2.35,0.43,0.725));
#8788 = VECTOR('',#8789,1.);
#8789 = DIRECTION('',(-9.95799250103E-17,1.,0.));
#8790 = ORIENTED_EDGE('',*,*,#8693,.F.);
#8791 = CYLINDRICAL_SURFACE('',#8792,0.1);
#8792 = AXIS2_PLACEMENT_3D('',#8793,#8794,#8795);
#8793 = CARTESIAN_POINT('',(-2.25,0.43,0.725));
#8794 = DIRECTION('',(9.95799250103E-17,-1.,0.));
#8795 = DIRECTION('',(-4.440892098501E-15,-4.422237021476E-31,1.));
#8796 = ADVANCED_FACE('',(#8797),#8813,.F.);
#8797 = FACE_BOUND('',#8798,.F.);
#8798 = EDGE_LOOP('',(#8799,#8805,#8806,#8812));
#8799 = ORIENTED_EDGE('',*,*,#8800,.F.);
#8800 = EDGE_CURVE('',#7343,#7757,#8801,.T.);
#8801 = LINE('',#8802,#8803);
#8802 = CARTESIAN_POINT('',(-2.25,-0.43,1.025));
#8803 = VECTOR('',#8804,1.);
#8804 = DIRECTION('',(1.,9.95799250103E-17,0.));
#8805 = ORIENTED_EDGE('',*,*,#7359,.T.);
#8806 = ORIENTED_EDGE('',*,*,#8807,.T.);
#8807 = EDGE_CURVE('',#7352,#7765,#8808,.T.);
#8808 = LINE('',#8809,#8810);
#8809 = CARTESIAN_POINT('',(-2.25,0.43,1.025));
#8810 = VECTOR('',#8811,1.);
#8811 = DIRECTION('',(1.,9.95799250103E-17,0.));
#8812 = ORIENTED_EDGE('',*,*,#7764,.F.);
#8813 = B_SPLINE_SURFACE_WITH_KNOTS('',1,1,(
    (#8814,#8815)
    ,(#8816,#8817
    )),.UNSPECIFIED.,.F.,.F.,.F.,(2,2),(2,2),(0.,4.55),(0.,1.),
  .PIECEWISE_BEZIER_KNOTS.);
#8814 = CARTESIAN_POINT('',(-1.95,-2.275,1.025));
#8815 = CARTESIAN_POINT('',(-1.875,-2.2375,1.025));
#8816 = CARTESIAN_POINT('',(-1.95,2.275,1.025));
#8817 = CARTESIAN_POINT('',(-1.875,2.2375,1.025));
#8818 = ADVANCED_FACE('',(#8819),#8825,.F.);
#8819 = FACE_BOUND('',#8820,.F.);
#8820 = EDGE_LOOP('',(#8821,#8822,#8823,#8824));
#8821 = ORIENTED_EDGE('',*,*,#7375,.T.);
#8822 = ORIENTED_EDGE('',*,*,#7678,.T.);
#8823 = ORIENTED_EDGE('',*,*,#7707,.F.);
#8824 = ORIENTED_EDGE('',*,*,#8122,.F.);
#8825 = B_SPLINE_SURFACE_WITH_KNOTS('',1,1,(
    (#8826,#8827)
    ,(#8828,#8829
    )),.UNSPECIFIED.,.F.,.F.,.F.,(2,2),(2,2),(0.,0.247487373415),(0.,1.)
  ,.PIECEWISE_BEZIER_KNOTS.);
#8826 = CARTESIAN_POINT('',(-1.95,2.275,1.025));
#8827 = CARTESIAN_POINT('',(-1.875,2.2375,1.025));
#8828 = CARTESIAN_POINT('',(-1.775,2.45,1.025));
#8829 = CARTESIAN_POINT('',(-1.7375,2.375,1.025));
#8830 = ADVANCED_FACE('',(#8831),#8844,.F.);
#8831 = FACE_BOUND('',#8832,.F.);
#8832 = EDGE_LOOP('',(#8833,#8834,#8840,#8841,#8842,#8843));
#8833 = ORIENTED_EDGE('',*,*,#8009,.F.);
#8834 = ORIENTED_EDGE('',*,*,#8835,.T.);
#8835 = EDGE_CURVE('',#8001,#8223,#8836,.T.);
#8836 = LINE('',#8837,#8838);
#8837 = CARTESIAN_POINT('',(-2.25,-2.11,1.025));
#8838 = VECTOR('',#8839,1.);
#8839 = DIRECTION('',(-9.95799250103E-17,1.,0.));
#8840 = ORIENTED_EDGE('',*,*,#8231,.T.);
#8841 = ORIENTED_EDGE('',*,*,#8354,.T.);
#8842 = ORIENTED_EDGE('',*,*,#7740,.F.);
#8843 = ORIENTED_EDGE('',*,*,#7916,.F.);
#8844 = PLANE('',#8845);
#8845 = AXIS2_PLACEMENT_3D('',#8846,#8847,#8848);
#8846 = CARTESIAN_POINT('',(-2.25,-2.11,1.025));
#8847 = DIRECTION('',(-0.,0.,-1.));
#8848 = DIRECTION('',(1.,9.95799250103E-17,0.));
#8849 = ADVANCED_FACE('',(#8850),#8863,.F.);
#8850 = FACE_BOUND('',#8851,.F.);
#8851 = EDGE_LOOP('',(#8852,#8853,#8859,#8860,#8861,#8862));
#8852 = ORIENTED_EDGE('',*,*,#8454,.F.);
#8853 = ORIENTED_EDGE('',*,*,#8854,.T.);
#8854 = EDGE_CURVE('',#8446,#8669,#8855,.T.);
#8855 = LINE('',#8856,#8857);
#8856 = CARTESIAN_POINT('',(-2.25,-0.84,1.025));
#8857 = VECTOR('',#8858,1.);
#8858 = DIRECTION('',(-9.95799250103E-17,1.,0.));
#8859 = ORIENTED_EDGE('',*,*,#8677,.T.);
#8860 = ORIENTED_EDGE('',*,*,#8800,.T.);
#8861 = ORIENTED_EDGE('',*,*,#7756,.F.);
#8862 = ORIENTED_EDGE('',*,*,#8361,.F.);
#8863 = PLANE('',#8864);
#8864 = AXIS2_PLACEMENT_3D('',#8865,#8866,#8867);
#8865 = CARTESIAN_POINT('',(-2.25,-0.84,1.025));
#8866 = DIRECTION('',(-0.,0.,-1.));
#8867 = DIRECTION('',(1.,9.95799250103E-17,0.));
#8868 = ADVANCED_FACE('',(#8869),#8882,.F.);
#8869 = FACE_BOUND('',#8870,.F.);
#8870 = EDGE_LOOP('',(#8871,#8872,#8878,#8879,#8880,#8881));
#8871 = ORIENTED_EDGE('',*,*,#8323,.F.);
#8872 = ORIENTED_EDGE('',*,*,#8873,.T.);
#8873 = EDGE_CURVE('',#8315,#8093,#8874,.T.);
#8874 = LINE('',#8875,#8876);
#8875 = CARTESIAN_POINT('',(-2.25,1.7,1.025));
#8876 = VECTOR('',#8877,1.);
#8877 = DIRECTION('',(-9.95799250103E-17,1.,0.));
#8878 = ORIENTED_EDGE('',*,*,#8101,.T.);
#8879 = ORIENTED_EDGE('',*,*,#8115,.T.);
#8880 = ORIENTED_EDGE('',*,*,#7788,.F.);
#8881 = ORIENTED_EDGE('',*,*,#8567,.F.);
#8882 = PLANE('',#8883);
#8883 = AXIS2_PLACEMENT_3D('',#8884,#8885,#8886);
#8884 = CARTESIAN_POINT('',(-2.25,1.7,1.025));
#8885 = DIRECTION('',(-0.,0.,-1.));
#8886 = DIRECTION('',(1.,9.95799250103E-17,0.));
#8887 = ADVANCED_FACE('',(#8888),#8901,.F.);
#8888 = FACE_BOUND('',#8889,.F.);
#8889 = EDGE_LOOP('',(#8890,#8891,#8897,#8898,#8899,#8900));
#8890 = ORIENTED_EDGE('',*,*,#8769,.F.);
#8891 = ORIENTED_EDGE('',*,*,#8892,.T.);
#8892 = EDGE_CURVE('',#8761,#8538,#8893,.T.);
#8893 = LINE('',#8894,#8895);
#8894 = CARTESIAN_POINT('',(-2.25,0.43,1.025));
#8895 = VECTOR('',#8896,1.);
#8896 = DIRECTION('',(-9.95799250103E-17,1.,0.));
#8897 = ORIENTED_EDGE('',*,*,#8546,.T.);
#8898 = ORIENTED_EDGE('',*,*,#8560,.T.);
#8899 = ORIENTED_EDGE('',*,*,#7772,.F.);
#8900 = ORIENTED_EDGE('',*,*,#8807,.F.);
#8901 = PLANE('',#8902);
#8902 = AXIS2_PLACEMENT_3D('',#8903,#8904,#8905);
#8903 = CARTESIAN_POINT('',(-2.25,0.43,1.025));
#8904 = DIRECTION('',(-0.,0.,-1.));
#8905 = DIRECTION('',(1.,9.95799250103E-17,0.));
#8906 = ADVANCED_FACE('',(#8907),#8910,.T.);
#8907 = FACE_BOUND('',#8908,.T.);
#8908 = EDGE_LOOP('',(#8909));
#8909 = ORIENTED_EDGE('',*,*,#7857,.T.);
#8910 = PLANE('',#8911);
#8911 = AXIS2_PLACEMENT_3D('',#8912,#8913,#8914);
#8912 = CARTESIAN_POINT('',(-1.110171280765,1.610171280765,1.7));
#8913 = DIRECTION('',(0.,0.,1.));
#8914 = DIRECTION('',(2.22044604925E-16,-1.,0.));
#8915 = ADVANCED_FACE('',(#8916),#8927,.T.);
#8916 = FACE_BOUND('',#8917,.T.);
#8917 = EDGE_LOOP('',(#8918,#8919,#8920,#8921));
#8918 = ORIENTED_EDGE('',*,*,#8000,.T.);
#8919 = ORIENTED_EDGE('',*,*,#8835,.T.);
#8920 = ORIENTED_EDGE('',*,*,#8222,.F.);
#8921 = ORIENTED_EDGE('',*,*,#8922,.F.);
#8922 = EDGE_CURVE('',#7993,#8215,#8923,.T.);
#8923 = LINE('',#8924,#8925);
#8924 = CARTESIAN_POINT('',(-2.55,-2.11,0.725));
#8925 = VECTOR('',#8926,1.);
#8926 = DIRECTION('',(-9.95799250103E-17,1.,0.));
#8927 = CYLINDRICAL_SURFACE('',#8928,0.3);
#8928 = AXIS2_PLACEMENT_3D('',#8929,#8930,#8931);
#8929 = CARTESIAN_POINT('',(-2.25,-2.11,0.725));
#8930 = DIRECTION('',(9.95799250103E-17,-1.,-0.));
#8931 = DIRECTION('',(-1.,-9.95799250103E-17,3.700743415417E-16));
#8932 = ADVANCED_FACE('',(#8933),#8944,.F.);
#8933 = FACE_BOUND('',#8934,.F.);
#8934 = EDGE_LOOP('',(#8935,#8941,#8942,#8943));
#8935 = ORIENTED_EDGE('',*,*,#8936,.T.);
#8936 = EDGE_CURVE('',#7984,#8206,#8937,.T.);
#8937 = LINE('',#8938,#8939);
#8938 = CARTESIAN_POINT('',(-2.55,-2.11,0.3));
#8939 = VECTOR('',#8940,1.);
#8940 = DIRECTION('',(-9.95799250103E-17,1.,0.));
#8941 = ORIENTED_EDGE('',*,*,#8214,.T.);
#8942 = ORIENTED_EDGE('',*,*,#8922,.F.);
#8943 = ORIENTED_EDGE('',*,*,#7992,.F.);
#8944 = PLANE('',#8945);
#8945 = AXIS2_PLACEMENT_3D('',#8946,#8947,#8948);
#8946 = CARTESIAN_POINT('',(-2.55,-2.11,0.3));
#8947 = DIRECTION('',(1.,9.95799250103E-17,0.));
#8948 = DIRECTION('',(0.,-0.,1.));
#8949 = ADVANCED_FACE('',(#8950),#8961,.F.);
#8950 = FACE_BOUND('',#8951,.F.);
#8951 = EDGE_LOOP('',(#8952,#8958,#8959,#8960));
#8952 = ORIENTED_EDGE('',*,*,#8953,.T.);
#8953 = EDGE_CURVE('',#7976,#8198,#8954,.T.);
#8954 = LINE('',#8955,#8956);
#8955 = CARTESIAN_POINT('',(-2.65,-2.11,0.2));
#8956 = VECTOR('',#8957,1.);
#8957 = DIRECTION('',(-9.95799250103E-17,1.,0.));
#8958 = ORIENTED_EDGE('',*,*,#8205,.T.);
#8959 = ORIENTED_EDGE('',*,*,#8936,.F.);
#8960 = ORIENTED_EDGE('',*,*,#7983,.F.);
#8961 = CYLINDRICAL_SURFACE('',#8962,0.1);
#8962 = AXIS2_PLACEMENT_3D('',#8963,#8964,#8965);
#8963 = CARTESIAN_POINT('',(-2.65,-2.11,0.3));
#8964 = DIRECTION('',(9.95799250103E-17,-1.,0.));
#8965 = DIRECTION('',(0.,-0.,-1.));
#8966 = ADVANCED_FACE('',(#8967),#8978,.F.);
#8967 = FACE_BOUND('',#8968,.F.);
#8968 = EDGE_LOOP('',(#8969,#8975,#8976,#8977));
#8969 = ORIENTED_EDGE('',*,*,#8970,.T.);
#8970 = EDGE_CURVE('',#7968,#8190,#8971,.T.);
#8971 = LINE('',#8972,#8973);
#8972 = CARTESIAN_POINT('',(-3.,-2.11,0.2));
#8973 = VECTOR('',#8974,1.);
#8974 = DIRECTION('',(-9.95799250103E-17,1.,0.));
#8975 = ORIENTED_EDGE('',*,*,#8197,.T.);
#8976 = ORIENTED_EDGE('',*,*,#8953,.F.);
#8977 = ORIENTED_EDGE('',*,*,#7975,.F.);
#8978 = PLANE('',#8979);
#8979 = AXIS2_PLACEMENT_3D('',#8980,#8981,#8982);
#8980 = CARTESIAN_POINT('',(-3.,-2.11,0.2));
#8981 = DIRECTION('',(-0.,0.,-1.));
#8982 = DIRECTION('',(1.,9.95799250103E-17,0.));
#8983 = ADVANCED_FACE('',(#8984),#8995,.F.);
#8984 = FACE_BOUND('',#8985,.F.);
#8985 = EDGE_LOOP('',(#8986,#8992,#8993,#8994));
#8986 = ORIENTED_EDGE('',*,*,#8987,.T.);
#8987 = EDGE_CURVE('',#7960,#8182,#8988,.T.);
#8988 = LINE('',#8989,#8990);
#8989 = CARTESIAN_POINT('',(-3.,-2.11,5.551115123126E-17));
#8990 = VECTOR('',#8991,1.);
#8991 = DIRECTION('',(-9.95799250103E-17,1.,0.));
#8992 = ORIENTED_EDGE('',*,*,#8189,.T.);
#8993 = ORIENTED_EDGE('',*,*,#8970,.F.);
#8994 = ORIENTED_EDGE('',*,*,#7967,.F.);
#8995 = PLANE('',#8996);
#8996 = AXIS2_PLACEMENT_3D('',#8997,#8998,#8999);
#8997 = CARTESIAN_POINT('',(-3.,-2.11,5.551115123126E-17));
#8998 = DIRECTION('',(1.,9.95799250103E-17,0.));
#8999 = DIRECTION('',(0.,-0.,1.));
#9000 = ADVANCED_FACE('',(#9001),#9012,.F.);
#9001 = FACE_BOUND('',#9002,.F.);
#9002 = EDGE_LOOP('',(#9003,#9009,#9010,#9011));
#9003 = ORIENTED_EDGE('',*,*,#9004,.T.);
#9004 = EDGE_CURVE('',#7951,#8173,#9005,.T.);
#9005 = LINE('',#9006,#9007);
#9006 = CARTESIAN_POINT('',(-2.65,-2.11,5.551115123126E-17));
#9007 = VECTOR('',#9008,1.);
#9008 = DIRECTION('',(-9.95799250103E-17,1.,0.));
#9009 = ORIENTED_EDGE('',*,*,#8181,.T.);
#9010 = ORIENTED_EDGE('',*,*,#8987,.F.);
#9011 = ORIENTED_EDGE('',*,*,#7959,.F.);
#9012 = PLANE('',#9013);
#9013 = AXIS2_PLACEMENT_3D('',#9014,#9015,#9016);
#9014 = CARTESIAN_POINT('',(-2.65,-2.11,5.551115123126E-17));
#9015 = DIRECTION('',(0.,0.,1.));
#9016 = DIRECTION('',(-1.,-9.95799250103E-17,0.));
#9017 = ADVANCED_FACE('',(#9018),#9029,.T.);
#9018 = FACE_BOUND('',#9019,.T.);
#9019 = EDGE_LOOP('',(#9020,#9021,#9022,#9023));
#9020 = ORIENTED_EDGE('',*,*,#7950,.T.);
#9021 = ORIENTED_EDGE('',*,*,#9004,.T.);
#9022 = ORIENTED_EDGE('',*,*,#8172,.F.);
#9023 = ORIENTED_EDGE('',*,*,#9024,.F.);
#9024 = EDGE_CURVE('',#7943,#8165,#9025,.T.);
#9025 = LINE('',#9026,#9027);
#9026 = CARTESIAN_POINT('',(-2.35,-2.11,0.3));
#9027 = VECTOR('',#9028,1.);
#9028 = DIRECTION('',(-9.95799250103E-17,1.,0.));
#9029 = CYLINDRICAL_SURFACE('',#9030,0.3);
#9030 = AXIS2_PLACEMENT_3D('',#9031,#9032,#9033);
#9031 = CARTESIAN_POINT('',(-2.65,-2.11,0.3));
#9032 = DIRECTION('',(9.95799250103E-17,-1.,-0.));
#9033 = DIRECTION('',(1.,9.95799250103E-17,3.515706244646E-15));
#9034 = ADVANCED_FACE('',(#9035),#9041,.F.);
#9035 = FACE_BOUND('',#9036,.F.);
#9036 = EDGE_LOOP('',(#9037,#9038,#9039,#9040));
#9037 = ORIENTED_EDGE('',*,*,#8146,.T.);
#9038 = ORIENTED_EDGE('',*,*,#8164,.T.);
#9039 = ORIENTED_EDGE('',*,*,#9024,.F.);
#9040 = ORIENTED_EDGE('',*,*,#7942,.F.);
#9041 = PLANE('',#9042);
#9042 = AXIS2_PLACEMENT_3D('',#9043,#9044,#9045);
#9043 = CARTESIAN_POINT('',(-2.35,-2.11,0.725));
#9044 = DIRECTION('',(-1.,-9.95799250103E-17,1.044915787883E-15));
#9045 = DIRECTION('',(-1.044915787883E-15,-1.040526357994E-31,-1.));
#9046 = ADVANCED_FACE('',(#9047),#9058,.T.);
#9047 = FACE_BOUND('',#9048,.T.);
#9048 = EDGE_LOOP('',(#9049,#9050,#9051,#9052));
#9049 = ORIENTED_EDGE('',*,*,#8314,.T.);
#9050 = ORIENTED_EDGE('',*,*,#8873,.T.);
#9051 = ORIENTED_EDGE('',*,*,#8092,.F.);
#9052 = ORIENTED_EDGE('',*,*,#9053,.F.);
#9053 = EDGE_CURVE('',#8307,#8085,#9054,.T.);
#9054 = LINE('',#9055,#9056);
#9055 = CARTESIAN_POINT('',(-2.55,1.7,0.725));
#9056 = VECTOR('',#9057,1.);
#9057 = DIRECTION('',(-9.95799250103E-17,1.,0.));
#9058 = CYLINDRICAL_SURFACE('',#9059,0.3);
#9059 = AXIS2_PLACEMENT_3D('',#9060,#9061,#9062);
#9060 = CARTESIAN_POINT('',(-2.25,1.7,0.725));
#9061 = DIRECTION('',(9.95799250103E-17,-1.,-0.));
#9062 = DIRECTION('',(-1.,-9.95799250103E-17,3.700743415417E-16));
#9063 = ADVANCED_FACE('',(#9064),#9075,.F.);
#9064 = FACE_BOUND('',#9065,.F.);
#9065 = EDGE_LOOP('',(#9066,#9072,#9073,#9074));
#9066 = ORIENTED_EDGE('',*,*,#9067,.T.);
#9067 = EDGE_CURVE('',#8298,#8076,#9068,.T.);
#9068 = LINE('',#9069,#9070);
#9069 = CARTESIAN_POINT('',(-2.55,1.7,0.3));
#9070 = VECTOR('',#9071,1.);
#9071 = DIRECTION('',(-9.95799250103E-17,1.,0.));
#9072 = ORIENTED_EDGE('',*,*,#8084,.T.);
#9073 = ORIENTED_EDGE('',*,*,#9053,.F.);
#9074 = ORIENTED_EDGE('',*,*,#8306,.F.);
#9075 = PLANE('',#9076);
#9076 = AXIS2_PLACEMENT_3D('',#9077,#9078,#9079);
#9077 = CARTESIAN_POINT('',(-2.55,1.7,0.3));
#9078 = DIRECTION('',(1.,9.95799250103E-17,0.));
#9079 = DIRECTION('',(0.,-0.,1.));
#9080 = ADVANCED_FACE('',(#9081),#9092,.F.);
#9081 = FACE_BOUND('',#9082,.F.);
#9082 = EDGE_LOOP('',(#9083,#9089,#9090,#9091));
#9083 = ORIENTED_EDGE('',*,*,#9084,.T.);
#9084 = EDGE_CURVE('',#8290,#8068,#9085,.T.);
#9085 = LINE('',#9086,#9087);
#9086 = CARTESIAN_POINT('',(-2.65,1.7,0.2));
#9087 = VECTOR('',#9088,1.);
#9088 = DIRECTION('',(-9.95799250103E-17,1.,0.));
#9089 = ORIENTED_EDGE('',*,*,#8075,.T.);
#9090 = ORIENTED_EDGE('',*,*,#9067,.F.);
#9091 = ORIENTED_EDGE('',*,*,#8297,.F.);
#9092 = CYLINDRICAL_SURFACE('',#9093,0.1);
#9093 = AXIS2_PLACEMENT_3D('',#9094,#9095,#9096);
#9094 = CARTESIAN_POINT('',(-2.65,1.7,0.3));
#9095 = DIRECTION('',(9.95799250103E-17,-1.,0.));
#9096 = DIRECTION('',(0.,-0.,-1.));
#9097 = ADVANCED_FACE('',(#9098),#9109,.F.);
#9098 = FACE_BOUND('',#9099,.F.);
#9099 = EDGE_LOOP('',(#9100,#9106,#9107,#9108));
#9100 = ORIENTED_EDGE('',*,*,#9101,.T.);
#9101 = EDGE_CURVE('',#8282,#8060,#9102,.T.);
#9102 = LINE('',#9103,#9104);
#9103 = CARTESIAN_POINT('',(-3.,1.7,0.2));
#9104 = VECTOR('',#9105,1.);
#9105 = DIRECTION('',(-9.95799250103E-17,1.,0.));
#9106 = ORIENTED_EDGE('',*,*,#8067,.T.);
#9107 = ORIENTED_EDGE('',*,*,#9084,.F.);
#9108 = ORIENTED_EDGE('',*,*,#8289,.F.);
#9109 = PLANE('',#9110);
#9110 = AXIS2_PLACEMENT_3D('',#9111,#9112,#9113);
#9111 = CARTESIAN_POINT('',(-3.,1.7,0.2));
#9112 = DIRECTION('',(-0.,0.,-1.));
#9113 = DIRECTION('',(1.,9.95799250103E-17,0.));
#9114 = ADVANCED_FACE('',(#9115),#9126,.F.);
#9115 = FACE_BOUND('',#9116,.F.);
#9116 = EDGE_LOOP('',(#9117,#9123,#9124,#9125));
#9117 = ORIENTED_EDGE('',*,*,#9118,.T.);
#9118 = EDGE_CURVE('',#8274,#8052,#9119,.T.);
#9119 = LINE('',#9120,#9121);
#9120 = CARTESIAN_POINT('',(-3.,1.7,5.551115123126E-17));
#9121 = VECTOR('',#9122,1.);
#9122 = DIRECTION('',(-9.95799250103E-17,1.,0.));
#9123 = ORIENTED_EDGE('',*,*,#8059,.T.);
#9124 = ORIENTED_EDGE('',*,*,#9101,.F.);
#9125 = ORIENTED_EDGE('',*,*,#8281,.F.);
#9126 = PLANE('',#9127);
#9127 = AXIS2_PLACEMENT_3D('',#9128,#9129,#9130);
#9128 = CARTESIAN_POINT('',(-3.,1.7,5.551115123126E-17));
#9129 = DIRECTION('',(1.,9.95799250103E-17,0.));
#9130 = DIRECTION('',(0.,-0.,1.));
#9131 = ADVANCED_FACE('',(#9132),#9143,.F.);
#9132 = FACE_BOUND('',#9133,.F.);
#9133 = EDGE_LOOP('',(#9134,#9140,#9141,#9142));
#9134 = ORIENTED_EDGE('',*,*,#9135,.T.);
#9135 = EDGE_CURVE('',#8265,#8043,#9136,.T.);
#9136 = LINE('',#9137,#9138);
#9137 = CARTESIAN_POINT('',(-2.65,1.7,5.551115123126E-17));
#9138 = VECTOR('',#9139,1.);
#9139 = DIRECTION('',(-9.95799250103E-17,1.,0.));
#9140 = ORIENTED_EDGE('',*,*,#8051,.T.);
#9141 = ORIENTED_EDGE('',*,*,#9118,.F.);
#9142 = ORIENTED_EDGE('',*,*,#8273,.F.);
#9143 = PLANE('',#9144);
#9144 = AXIS2_PLACEMENT_3D('',#9145,#9146,#9147);
#9145 = CARTESIAN_POINT('',(-2.65,1.7,5.551115123126E-17));
#9146 = DIRECTION('',(0.,0.,1.));
#9147 = DIRECTION('',(-1.,-9.95799250103E-17,0.));
#9148 = ADVANCED_FACE('',(#9149),#9160,.T.);
#9149 = FACE_BOUND('',#9150,.T.);
#9150 = EDGE_LOOP('',(#9151,#9152,#9153,#9154));
#9151 = ORIENTED_EDGE('',*,*,#8264,.T.);
#9152 = ORIENTED_EDGE('',*,*,#9135,.T.);
#9153 = ORIENTED_EDGE('',*,*,#8042,.F.);
#9154 = ORIENTED_EDGE('',*,*,#9155,.F.);
#9155 = EDGE_CURVE('',#8257,#8035,#9156,.T.);
#9156 = LINE('',#9157,#9158);
#9157 = CARTESIAN_POINT('',(-2.35,1.7,0.3));
#9158 = VECTOR('',#9159,1.);
#9159 = DIRECTION('',(-9.95799250103E-17,1.,0.));
#9160 = CYLINDRICAL_SURFACE('',#9161,0.3);
#9161 = AXIS2_PLACEMENT_3D('',#9162,#9163,#9164);
#9162 = CARTESIAN_POINT('',(-2.65,1.7,0.3));
#9163 = DIRECTION('',(9.95799250103E-17,-1.,-0.));
#9164 = DIRECTION('',(1.,9.95799250103E-17,3.515706244646E-15));
#9165 = ADVANCED_FACE('',(#9166),#9172,.F.);
#9166 = FACE_BOUND('',#9167,.F.);
#9167 = EDGE_LOOP('',(#9168,#9169,#9170,#9171));
#9168 = ORIENTED_EDGE('',*,*,#8339,.T.);
#9169 = ORIENTED_EDGE('',*,*,#8034,.T.);
#9170 = ORIENTED_EDGE('',*,*,#9155,.F.);
#9171 = ORIENTED_EDGE('',*,*,#8256,.F.);
#9172 = PLANE('',#9173);
#9173 = AXIS2_PLACEMENT_3D('',#9174,#9175,#9176);
#9174 = CARTESIAN_POINT('',(-2.35,1.7,0.725));
#9175 = DIRECTION('',(-1.,-9.95799250103E-17,1.044915787883E-15));
#9176 = DIRECTION('',(-1.044915787883E-15,-1.040526357994E-31,-1.));
#9177 = ADVANCED_FACE('',(#9178),#9189,.T.);
#9178 = FACE_BOUND('',#9179,.T.);
#9179 = EDGE_LOOP('',(#9180,#9181,#9182,#9183));
#9180 = ORIENTED_EDGE('',*,*,#8445,.T.);
#9181 = ORIENTED_EDGE('',*,*,#8854,.T.);
#9182 = ORIENTED_EDGE('',*,*,#8668,.F.);
#9183 = ORIENTED_EDGE('',*,*,#9184,.F.);
#9184 = EDGE_CURVE('',#8438,#8661,#9185,.T.);
#9185 = LINE('',#9186,#9187);
#9186 = CARTESIAN_POINT('',(-2.55,-0.84,0.725));
#9187 = VECTOR('',#9188,1.);
#9188 = DIRECTION('',(-9.95799250103E-17,1.,0.));
#9189 = CYLINDRICAL_SURFACE('',#9190,0.3);
#9190 = AXIS2_PLACEMENT_3D('',#9191,#9192,#9193);
#9191 = CARTESIAN_POINT('',(-2.25,-0.84,0.725));
#9192 = DIRECTION('',(9.95799250103E-17,-1.,-0.));
#9193 = DIRECTION('',(-1.,-9.95799250103E-17,3.700743415417E-16));
#9194 = ADVANCED_FACE('',(#9195),#9206,.F.);
#9195 = FACE_BOUND('',#9196,.F.);
#9196 = EDGE_LOOP('',(#9197,#9203,#9204,#9205));
#9197 = ORIENTED_EDGE('',*,*,#9198,.T.);
#9198 = EDGE_CURVE('',#8429,#8652,#9199,.T.);
#9199 = LINE('',#9200,#9201);
#9200 = CARTESIAN_POINT('',(-2.55,-0.84,0.3));
#9201 = VECTOR('',#9202,1.);
#9202 = DIRECTION('',(-9.95799250103E-17,1.,0.));
#9203 = ORIENTED_EDGE('',*,*,#8660,.T.);
#9204 = ORIENTED_EDGE('',*,*,#9184,.F.);
#9205 = ORIENTED_EDGE('',*,*,#8437,.F.);
#9206 = PLANE('',#9207);
#9207 = AXIS2_PLACEMENT_3D('',#9208,#9209,#9210);
#9208 = CARTESIAN_POINT('',(-2.55,-0.84,0.3));
#9209 = DIRECTION('',(1.,9.95799250103E-17,0.));
#9210 = DIRECTION('',(0.,-0.,1.));
#9211 = ADVANCED_FACE('',(#9212),#9223,.F.);
#9212 = FACE_BOUND('',#9213,.F.);
#9213 = EDGE_LOOP('',(#9214,#9220,#9221,#9222));
#9214 = ORIENTED_EDGE('',*,*,#9215,.T.);
#9215 = EDGE_CURVE('',#8421,#8644,#9216,.T.);
#9216 = LINE('',#9217,#9218);
#9217 = CARTESIAN_POINT('',(-2.65,-0.84,0.2));
#9218 = VECTOR('',#9219,1.);
#9219 = DIRECTION('',(-9.95799250103E-17,1.,0.));
#9220 = ORIENTED_EDGE('',*,*,#8651,.T.);
#9221 = ORIENTED_EDGE('',*,*,#9198,.F.);
#9222 = ORIENTED_EDGE('',*,*,#8428,.F.);
#9223 = CYLINDRICAL_SURFACE('',#9224,0.1);
#9224 = AXIS2_PLACEMENT_3D('',#9225,#9226,#9227);
#9225 = CARTESIAN_POINT('',(-2.65,-0.84,0.3));
#9226 = DIRECTION('',(9.95799250103E-17,-1.,0.));
#9227 = DIRECTION('',(0.,-0.,-1.));
#9228 = ADVANCED_FACE('',(#9229),#9240,.F.);
#9229 = FACE_BOUND('',#9230,.F.);
#9230 = EDGE_LOOP('',(#9231,#9237,#9238,#9239));
#9231 = ORIENTED_EDGE('',*,*,#9232,.T.);
#9232 = EDGE_CURVE('',#8413,#8636,#9233,.T.);
#9233 = LINE('',#9234,#9235);
#9234 = CARTESIAN_POINT('',(-3.,-0.84,0.2));
#9235 = VECTOR('',#9236,1.);
#9236 = DIRECTION('',(-9.95799250103E-17,1.,0.));
#9237 = ORIENTED_EDGE('',*,*,#8643,.T.);
#9238 = ORIENTED_EDGE('',*,*,#9215,.F.);
#9239 = ORIENTED_EDGE('',*,*,#8420,.F.);
#9240 = PLANE('',#9241);
#9241 = AXIS2_PLACEMENT_3D('',#9242,#9243,#9244);
#9242 = CARTESIAN_POINT('',(-3.,-0.84,0.2));
#9243 = DIRECTION('',(-0.,0.,-1.));
#9244 = DIRECTION('',(1.,9.95799250103E-17,0.));
#9245 = ADVANCED_FACE('',(#9246),#9257,.F.);
#9246 = FACE_BOUND('',#9247,.F.);
#9247 = EDGE_LOOP('',(#9248,#9254,#9255,#9256));
#9248 = ORIENTED_EDGE('',*,*,#9249,.T.);
#9249 = EDGE_CURVE('',#8405,#8628,#9250,.T.);
#9250 = LINE('',#9251,#9252);
#9251 = CARTESIAN_POINT('',(-3.,-0.84,5.551115123126E-17));
#9252 = VECTOR('',#9253,1.);
#9253 = DIRECTION('',(-9.95799250103E-17,1.,0.));
#9254 = ORIENTED_EDGE('',*,*,#8635,.T.);
#9255 = ORIENTED_EDGE('',*,*,#9232,.F.);
#9256 = ORIENTED_EDGE('',*,*,#8412,.F.);
#9257 = PLANE('',#9258);
#9258 = AXIS2_PLACEMENT_3D('',#9259,#9260,#9261);
#9259 = CARTESIAN_POINT('',(-3.,-0.84,5.551115123126E-17));
#9260 = DIRECTION('',(1.,9.95799250103E-17,0.));
#9261 = DIRECTION('',(0.,-0.,1.));
#9262 = ADVANCED_FACE('',(#9263),#9274,.F.);
#9263 = FACE_BOUND('',#9264,.F.);
#9264 = EDGE_LOOP('',(#9265,#9271,#9272,#9273));
#9265 = ORIENTED_EDGE('',*,*,#9266,.T.);
#9266 = EDGE_CURVE('',#8396,#8619,#9267,.T.);
#9267 = LINE('',#9268,#9269);
#9268 = CARTESIAN_POINT('',(-2.65,-0.84,5.551115123126E-17));
#9269 = VECTOR('',#9270,1.);
#9270 = DIRECTION('',(-9.95799250103E-17,1.,0.));
#9271 = ORIENTED_EDGE('',*,*,#8627,.T.);
#9272 = ORIENTED_EDGE('',*,*,#9249,.F.);
#9273 = ORIENTED_EDGE('',*,*,#8404,.F.);
#9274 = PLANE('',#9275);
#9275 = AXIS2_PLACEMENT_3D('',#9276,#9277,#9278);
#9276 = CARTESIAN_POINT('',(-2.65,-0.84,5.551115123126E-17));
#9277 = DIRECTION('',(0.,0.,1.));
#9278 = DIRECTION('',(-1.,-9.95799250103E-17,0.));
#9279 = ADVANCED_FACE('',(#9280),#9291,.T.);
#9280 = FACE_BOUND('',#9281,.T.);
#9281 = EDGE_LOOP('',(#9282,#9283,#9284,#9285));
#9282 = ORIENTED_EDGE('',*,*,#8395,.T.);
#9283 = ORIENTED_EDGE('',*,*,#9266,.T.);
#9284 = ORIENTED_EDGE('',*,*,#8618,.F.);
#9285 = ORIENTED_EDGE('',*,*,#9286,.F.);
#9286 = EDGE_CURVE('',#8388,#8611,#9287,.T.);
#9287 = LINE('',#9288,#9289);
#9288 = CARTESIAN_POINT('',(-2.35,-0.84,0.3));
#9289 = VECTOR('',#9290,1.);
#9290 = DIRECTION('',(-9.95799250103E-17,1.,0.));
#9291 = CYLINDRICAL_SURFACE('',#9292,0.3);
#9292 = AXIS2_PLACEMENT_3D('',#9293,#9294,#9295);
#9293 = CARTESIAN_POINT('',(-2.65,-0.84,0.3));
#9294 = DIRECTION('',(9.95799250103E-17,-1.,-0.));
#9295 = DIRECTION('',(1.,9.95799250103E-17,3.515706244646E-15));
#9296 = ADVANCED_FACE('',(#9297),#9303,.F.);
#9297 = FACE_BOUND('',#9298,.F.);
#9298 = EDGE_LOOP('',(#9299,#9300,#9301,#9302));
#9299 = ORIENTED_EDGE('',*,*,#8592,.T.);
#9300 = ORIENTED_EDGE('',*,*,#8610,.T.);
#9301 = ORIENTED_EDGE('',*,*,#9286,.F.);
#9302 = ORIENTED_EDGE('',*,*,#8387,.F.);
#9303 = PLANE('',#9304);
#9304 = AXIS2_PLACEMENT_3D('',#9305,#9306,#9307);
#9305 = CARTESIAN_POINT('',(-2.35,-0.84,0.725));
#9306 = DIRECTION('',(-1.,-9.95799250103E-17,1.044915787883E-15));
#9307 = DIRECTION('',(-1.044915787883E-15,-1.040526357994E-31,-1.));
#9308 = ADVANCED_FACE('',(#9309),#9320,.T.);
#9309 = FACE_BOUND('',#9310,.T.);
#9310 = EDGE_LOOP('',(#9311,#9312,#9313,#9314));
#9311 = ORIENTED_EDGE('',*,*,#8760,.T.);
#9312 = ORIENTED_EDGE('',*,*,#8892,.T.);
#9313 = ORIENTED_EDGE('',*,*,#8537,.F.);
#9314 = ORIENTED_EDGE('',*,*,#9315,.F.);
#9315 = EDGE_CURVE('',#8753,#8530,#9316,.T.);
#9316 = LINE('',#9317,#9318);
#9317 = CARTESIAN_POINT('',(-2.55,0.43,0.725));
#9318 = VECTOR('',#9319,1.);
#9319 = DIRECTION('',(-9.95799250103E-17,1.,0.));
#9320 = CYLINDRICAL_SURFACE('',#9321,0.3);
#9321 = AXIS2_PLACEMENT_3D('',#9322,#9323,#9324);
#9322 = CARTESIAN_POINT('',(-2.25,0.43,0.725));
#9323 = DIRECTION('',(9.95799250103E-17,-1.,-0.));
#9324 = DIRECTION('',(-1.,-9.95799250103E-17,3.700743415417E-16));
#9325 = ADVANCED_FACE('',(#9326),#9337,.F.);
#9326 = FACE_BOUND('',#9327,.F.);
#9327 = EDGE_LOOP('',(#9328,#9334,#9335,#9336));
#9328 = ORIENTED_EDGE('',*,*,#9329,.T.);
#9329 = EDGE_CURVE('',#8744,#8521,#9330,.T.);
#9330 = LINE('',#9331,#9332);
#9331 = CARTESIAN_POINT('',(-2.55,0.43,0.3));
#9332 = VECTOR('',#9333,1.);
#9333 = DIRECTION('',(-9.95799250103E-17,1.,0.));
#9334 = ORIENTED_EDGE('',*,*,#8529,.T.);
#9335 = ORIENTED_EDGE('',*,*,#9315,.F.);
#9336 = ORIENTED_EDGE('',*,*,#8752,.F.);
#9337 = PLANE('',#9338);
#9338 = AXIS2_PLACEMENT_3D('',#9339,#9340,#9341);
#9339 = CARTESIAN_POINT('',(-2.55,0.43,0.3));
#9340 = DIRECTION('',(1.,9.95799250103E-17,0.));
#9341 = DIRECTION('',(0.,-0.,1.));
#9342 = ADVANCED_FACE('',(#9343),#9354,.F.);
#9343 = FACE_BOUND('',#9344,.F.);
#9344 = EDGE_LOOP('',(#9345,#9351,#9352,#9353));
#9345 = ORIENTED_EDGE('',*,*,#9346,.T.);
#9346 = EDGE_CURVE('',#8736,#8513,#9347,.T.);
#9347 = LINE('',#9348,#9349);
#9348 = CARTESIAN_POINT('',(-2.65,0.43,0.2));
#9349 = VECTOR('',#9350,1.);
#9350 = DIRECTION('',(-9.95799250103E-17,1.,0.));
#9351 = ORIENTED_EDGE('',*,*,#8520,.T.);
#9352 = ORIENTED_EDGE('',*,*,#9329,.F.);
#9353 = ORIENTED_EDGE('',*,*,#8743,.F.);
#9354 = CYLINDRICAL_SURFACE('',#9355,0.1);
#9355 = AXIS2_PLACEMENT_3D('',#9356,#9357,#9358);
#9356 = CARTESIAN_POINT('',(-2.65,0.43,0.3));
#9357 = DIRECTION('',(9.95799250103E-17,-1.,0.));
#9358 = DIRECTION('',(0.,-0.,-1.));
#9359 = ADVANCED_FACE('',(#9360),#9371,.F.);
#9360 = FACE_BOUND('',#9361,.F.);
#9361 = EDGE_LOOP('',(#9362,#9368,#9369,#9370));
#9362 = ORIENTED_EDGE('',*,*,#9363,.T.);
#9363 = EDGE_CURVE('',#8728,#8505,#9364,.T.);
#9364 = LINE('',#9365,#9366);
#9365 = CARTESIAN_POINT('',(-3.,0.43,0.2));
#9366 = VECTOR('',#9367,1.);
#9367 = DIRECTION('',(-9.95799250103E-17,1.,0.));
#9368 = ORIENTED_EDGE('',*,*,#8512,.T.);
#9369 = ORIENTED_EDGE('',*,*,#9346,.F.);
#9370 = ORIENTED_EDGE('',*,*,#8735,.F.);
#9371 = PLANE('',#9372);
#9372 = AXIS2_PLACEMENT_3D('',#9373,#9374,#9375);
#9373 = CARTESIAN_POINT('',(-3.,0.43,0.2));
#9374 = DIRECTION('',(-0.,0.,-1.));
#9375 = DIRECTION('',(1.,9.95799250103E-17,0.));
#9376 = ADVANCED_FACE('',(#9377),#9388,.F.);
#9377 = FACE_BOUND('',#9378,.F.);
#9378 = EDGE_LOOP('',(#9379,#9385,#9386,#9387));
#9379 = ORIENTED_EDGE('',*,*,#9380,.T.);
#9380 = EDGE_CURVE('',#8720,#8497,#9381,.T.);
#9381 = LINE('',#9382,#9383);
#9382 = CARTESIAN_POINT('',(-3.,0.43,5.551115123126E-17));
#9383 = VECTOR('',#9384,1.);
#9384 = DIRECTION('',(-9.95799250103E-17,1.,0.));
#9385 = ORIENTED_EDGE('',*,*,#8504,.T.);
#9386 = ORIENTED_EDGE('',*,*,#9363,.F.);
#9387 = ORIENTED_EDGE('',*,*,#8727,.F.);
#9388 = PLANE('',#9389);
#9389 = AXIS2_PLACEMENT_3D('',#9390,#9391,#9392);
#9390 = CARTESIAN_POINT('',(-3.,0.43,5.551115123126E-17));
#9391 = DIRECTION('',(1.,9.95799250103E-17,0.));
#9392 = DIRECTION('',(0.,-0.,1.));
#9393 = ADVANCED_FACE('',(#9394),#9405,.F.);
#9394 = FACE_BOUND('',#9395,.F.);
#9395 = EDGE_LOOP('',(#9396,#9402,#9403,#9404));
#9396 = ORIENTED_EDGE('',*,*,#9397,.T.);
#9397 = EDGE_CURVE('',#8711,#8488,#9398,.T.);
#9398 = LINE('',#9399,#9400);
#9399 = CARTESIAN_POINT('',(-2.65,0.43,5.551115123126E-17));
#9400 = VECTOR('',#9401,1.);
#9401 = DIRECTION('',(-9.95799250103E-17,1.,0.));
#9402 = ORIENTED_EDGE('',*,*,#8496,.T.);
#9403 = ORIENTED_EDGE('',*,*,#9380,.F.);
#9404 = ORIENTED_EDGE('',*,*,#8719,.F.);
#9405 = PLANE('',#9406);
#9406 = AXIS2_PLACEMENT_3D('',#9407,#9408,#9409);
#9407 = CARTESIAN_POINT('',(-2.65,0.43,5.551115123126E-17));
#9408 = DIRECTION('',(0.,0.,1.));
#9409 = DIRECTION('',(-1.,-9.95799250103E-17,0.));
#9410 = ADVANCED_FACE('',(#9411),#9422,.T.);
#9411 = FACE_BOUND('',#9412,.T.);
#9412 = EDGE_LOOP('',(#9413,#9414,#9415,#9416));
#9413 = ORIENTED_EDGE('',*,*,#8710,.T.);
#9414 = ORIENTED_EDGE('',*,*,#9397,.T.);
#9415 = ORIENTED_EDGE('',*,*,#8487,.F.);
#9416 = ORIENTED_EDGE('',*,*,#9417,.F.);
#9417 = EDGE_CURVE('',#8703,#8480,#9418,.T.);
#9418 = LINE('',#9419,#9420);
#9419 = CARTESIAN_POINT('',(-2.35,0.43,0.3));
#9420 = VECTOR('',#9421,1.);
#9421 = DIRECTION('',(-9.95799250103E-17,1.,0.));
#9422 = CYLINDRICAL_SURFACE('',#9423,0.3);
#9423 = AXIS2_PLACEMENT_3D('',#9424,#9425,#9426);
#9424 = CARTESIAN_POINT('',(-2.65,0.43,0.3));
#9425 = DIRECTION('',(9.95799250103E-17,-1.,-0.));
#9426 = DIRECTION('',(1.,9.95799250103E-17,3.515706244646E-15));
#9427 = ADVANCED_FACE('',(#9428),#9434,.F.);
#9428 = FACE_BOUND('',#9429,.F.);
#9429 = EDGE_LOOP('',(#9430,#9431,#9432,#9433));
#9430 = ORIENTED_EDGE('',*,*,#8785,.T.);
#9431 = ORIENTED_EDGE('',*,*,#8479,.T.);
#9432 = ORIENTED_EDGE('',*,*,#9417,.F.);
#9433 = ORIENTED_EDGE('',*,*,#8702,.F.);
#9434 = PLANE('',#9435);
#9435 = AXIS2_PLACEMENT_3D('',#9436,#9437,#9438);
#9436 = CARTESIAN_POINT('',(-2.35,0.43,0.725));
#9437 = DIRECTION('',(-1.,-9.95799250103E-17,1.044915787883E-15));
#9438 = DIRECTION('',(-1.044915787883E-15,-1.040526357994E-31,-1.));
#9439 = ( GEOMETRIC_REPRESENTATION_CONTEXT(3) 
GLOBAL_UNCERTAINTY_ASSIGNED_CONTEXT((#9443)) 
GLOBAL_UNIT_ASSIGNED_CONTEXT((#9440,#9441,#9442)) REPRESENTATION_CONTEXT
('Context #1','3D Context with UNIT and UNCERTAINTY') );
#9440 = ( LENGTH_UNIT() NAMED_UNIT(*) SI_UNIT(.MILLI.,.METRE.) );
#9441 = ( NAMED_UNIT(*) PLANE_ANGLE_UNIT() SI_UNIT($,.RADIAN.) );
#9442 = ( NAMED_UNIT(*) SI_UNIT($,.STERADIAN.) SOLID_ANGLE_UNIT() );
#9443 = UNCERTAINTY_MEASURE_WITH_UNIT(LENGTH_MEASURE(2.E-06),#9440,
  'distance_accuracy_value','confusion accuracy');
#9444 = CONTEXT_DEPENDENT_SHAPE_REPRESENTATION(#9445,#9447);
#9445 = ( REPRESENTATION_RELATIONSHIP('','',#4831,#4808) 
REPRESENTATION_RELATIONSHIP_WITH_TRANSFORMATION(#9446) 
SHAPE_REPRESENTATION_RELATIONSHIP() );
#9446 = ITEM_DEFINED_TRANSFORMATION('','',#11,#4809);
#9447 = PRODUCT_DEFINITION_SHAPE('Placement','Placement of an item',
  #9448);
#9448 = NEXT_ASSEMBLY_USAGE_OCCURRENCE('9','=>[0:1:1:11]','',#4803,#4826
  ,$);
#9449 = PRODUCT_RELATED_PRODUCT_CATEGORY('part',$,(#4828));
#9450 = SHAPE_DEFINITION_REPRESENTATION(#9451,#9457);
#9451 = PRODUCT_DEFINITION_SHAPE('','',#9452);
#9452 = PRODUCT_DEFINITION('design','',#9453,#9456);
#9453 = PRODUCT_DEFINITION_FORMATION('','',#9454);
#9454 = PRODUCT('C_0402_1005Metric','C_0402_1005Metric','',(#9455));
#9455 = PRODUCT_CONTEXT('',#2,'mechanical');
#9456 = PRODUCT_DEFINITION_CONTEXT('part definition',#2,'design');
#9457 = SHAPE_REPRESENTATION('',(#11,#9458),#9462);
#9458 = AXIS2_PLACEMENT_3D('',#9459,#9460,#9461);
#9459 = CARTESIAN_POINT('',(0.,0.,0.));
#9460 = DIRECTION('',(0.,0.,1.));
#9461 = DIRECTION('',(1.,0.,-0.));
#9462 = ( GEOMETRIC_REPRESENTATION_CONTEXT(3) 
GLOBAL_UNCERTAINTY_ASSIGNED_CONTEXT((#9466)) 
GLOBAL_UNIT_ASSIGNED_CONTEXT((#9463,#9464,#9465)) REPRESENTATION_CONTEXT
('Context #1','3D Context with UNIT and UNCERTAINTY') );
#9463 = ( LENGTH_UNIT() NAMED_UNIT(*) SI_UNIT(.MILLI.,.METRE.) );
#9464 = ( NAMED_UNIT(*) PLANE_ANGLE_UNIT() SI_UNIT($,.RADIAN.) );
#9465 = ( NAMED_UNIT(*) SI_UNIT($,.STERADIAN.) SOLID_ANGLE_UNIT() );
#9466 = UNCERTAINTY_MEASURE_WITH_UNIT(LENGTH_MEASURE(1.E-07),#9463,
  'distance_accuracy_value','confusion accuracy');
#9467 = CONTEXT_DEPENDENT_SHAPE_REPRESENTATION(#9468,#9470);
#9468 = ( REPRESENTATION_RELATIONSHIP('','',#9457,#10) 
REPRESENTATION_RELATIONSHIP_WITH_TRANSFORMATION(#9469) 
SHAPE_REPRESENTATION_RELATIONSHIP() );
#9469 = ITEM_DEFINED_TRANSFORMATION('','',#11,#35);
#9470 = PRODUCT_DEFINITION_SHAPE('Placement','Placement of an item',
  #9471);
#9471 = NEXT_ASSEMBLY_USAGE_OCCURRENCE('12','C1','',#5,#9452,$);
#9472 = PRODUCT_RELATED_PRODUCT_CATEGORY('part',$,(#9454));
#9473 = SHAPE_DEFINITION_REPRESENTATION(#9474,#9480);
#9474 = PRODUCT_DEFINITION_SHAPE('','',#9475);
#9475 = PRODUCT_DEFINITION('design','',#9476,#9479);
#9476 = PRODUCT_DEFINITION_FORMATION('','',#9477);
#9477 = PRODUCT('C_0402_1005Metric','C_0402_1005Metric','',(#9478));
#9478 = PRODUCT_CONTEXT('',#2,'mechanical');
#9479 = PRODUCT_DEFINITION_CONTEXT('part definition',#2,'design');
#9480 = ADVANCED_BREP_SHAPE_REPRESENTATION('',(#11,#9481),#10335);
#9481 = MANIFOLD_SOLID_BREP('',#9482);
#9482 = CLOSED_SHELL('',(#9483,#9559,#9590,#9615,#9640,#9664,#9688,#9713
    ,#9738,#9755,#9841,#9873,#9897,#9922,#9946,#9971,#9995,#10020,#10037
    ,#10123,#10154,#10179,#10204,#10228,#10252,#10277,#10302,#10319));
#9483 = ADVANCED_FACE('',(#9484),#9554,.F.);
#9484 = FACE_BOUND('',#9485,.F.);
#9485 = EDGE_LOOP('',(#9486,#9496,#9505,#9513,#9522,#9530,#9539,#9547));
#9486 = ORIENTED_EDGE('',*,*,#9487,.F.);
#9487 = EDGE_CURVE('',#9488,#9490,#9492,.T.);
#9488 = VERTEX_POINT('',#9489);
#9489 = CARTESIAN_POINT('',(-0.5,-0.25,2.E-02));
#9490 = VERTEX_POINT('',#9491);
#9491 = CARTESIAN_POINT('',(-0.5,-0.25,0.48));
#9492 = LINE('',#9493,#9494);
#9493 = CARTESIAN_POINT('',(-0.5,-0.25,0.));
#9494 = VECTOR('',#9495,1.);
#9495 = DIRECTION('',(0.,0.,1.));
#9496 = ORIENTED_EDGE('',*,*,#9497,.T.);
#9497 = EDGE_CURVE('',#9488,#9498,#9500,.T.);
#9498 = VERTEX_POINT('',#9499);
#9499 = CARTESIAN_POINT('',(-0.5,-0.23,0.));
#9500 = CIRCLE('',#9501,2.E-02);
#9501 = AXIS2_PLACEMENT_3D('',#9502,#9503,#9504);
#9502 = CARTESIAN_POINT('',(-0.5,-0.23,2.E-02));
#9503 = DIRECTION('',(1.,0.,-0.));
#9504 = DIRECTION('',(0.,0.,1.));
#9505 = ORIENTED_EDGE('',*,*,#9506,.T.);
#9506 = EDGE_CURVE('',#9498,#9507,#9509,.T.);
#9507 = VERTEX_POINT('',#9508);
#9508 = CARTESIAN_POINT('',(-0.5,0.23,0.));
#9509 = LINE('',#9510,#9511);
#9510 = CARTESIAN_POINT('',(-0.5,-0.25,0.));
#9511 = VECTOR('',#9512,1.);
#9512 = DIRECTION('',(0.,1.,0.));
#9513 = ORIENTED_EDGE('',*,*,#9514,.F.);
#9514 = EDGE_CURVE('',#9515,#9507,#9517,.T.);
#9515 = VERTEX_POINT('',#9516);
#9516 = CARTESIAN_POINT('',(-0.5,0.25,2.E-02));
#9517 = CIRCLE('',#9518,2.E-02);
#9518 = AXIS2_PLACEMENT_3D('',#9519,#9520,#9521);
#9519 = CARTESIAN_POINT('',(-0.5,0.23,2.E-02));
#9520 = DIRECTION('',(-1.,0.,0.));
#9521 = DIRECTION('',(0.,0.,1.));
#9522 = ORIENTED_EDGE('',*,*,#9523,.T.);
#9523 = EDGE_CURVE('',#9515,#9524,#9526,.T.);
#9524 = VERTEX_POINT('',#9525);
#9525 = CARTESIAN_POINT('',(-0.5,0.25,0.48));
#9526 = LINE('',#9527,#9528);
#9527 = CARTESIAN_POINT('',(-0.5,0.25,0.));
#9528 = VECTOR('',#9529,1.);
#9529 = DIRECTION('',(0.,0.,1.));
#9530 = ORIENTED_EDGE('',*,*,#9531,.T.);
#9531 = EDGE_CURVE('',#9524,#9532,#9534,.T.);
#9532 = VERTEX_POINT('',#9533);
#9533 = CARTESIAN_POINT('',(-0.5,0.23,0.5));
#9534 = CIRCLE('',#9535,2.E-02);
#9535 = AXIS2_PLACEMENT_3D('',#9536,#9537,#9538);
#9536 = CARTESIAN_POINT('',(-0.5,0.23,0.48));
#9537 = DIRECTION('',(1.,0.,-0.));
#9538 = DIRECTION('',(0.,0.,1.));
#9539 = ORIENTED_EDGE('',*,*,#9540,.F.);
#9540 = EDGE_CURVE('',#9541,#9532,#9543,.T.);
#9541 = VERTEX_POINT('',#9542);
#9542 = CARTESIAN_POINT('',(-0.5,-0.23,0.5));
#9543 = LINE('',#9544,#9545);
#9544 = CARTESIAN_POINT('',(-0.5,-0.25,0.5));
#9545 = VECTOR('',#9546,1.);
#9546 = DIRECTION('',(0.,1.,0.));
#9547 = ORIENTED_EDGE('',*,*,#9548,.F.);
#9548 = EDGE_CURVE('',#9490,#9541,#9549,.T.);
#9549 = CIRCLE('',#9550,2.E-02);
#9550 = AXIS2_PLACEMENT_3D('',#9551,#9552,#9553);
#9551 = CARTESIAN_POINT('',(-0.5,-0.23,0.48));
#9552 = DIRECTION('',(-1.,0.,0.));
#9553 = DIRECTION('',(0.,0.,1.));
#9554 = PLANE('',#9555);
#9555 = AXIS2_PLACEMENT_3D('',#9556,#9557,#9558);
#9556 = CARTESIAN_POINT('',(-0.5,-0.25,0.));
#9557 = DIRECTION('',(1.,0.,0.));
#9558 = DIRECTION('',(0.,0.,1.));
#9559 = ADVANCED_FACE('',(#9560),#9585,.F.);
#9560 = FACE_BOUND('',#9561,.F.);
#9561 = EDGE_LOOP('',(#9562,#9572,#9578,#9579));
#9562 = ORIENTED_EDGE('',*,*,#9563,.F.);
#9563 = EDGE_CURVE('',#9564,#9566,#9568,.T.);
#9564 = VERTEX_POINT('',#9565);
#9565 = CARTESIAN_POINT('',(-0.3,-0.25,2.E-02));
#9566 = VERTEX_POINT('',#9567);
#9567 = CARTESIAN_POINT('',(-0.3,-0.25,0.48));
#9568 = LINE('',#9569,#9570);
#9569 = CARTESIAN_POINT('',(-0.3,-0.25,0.));
#9570 = VECTOR('',#9571,1.);
#9571 = DIRECTION('',(0.,0.,1.));
#9572 = ORIENTED_EDGE('',*,*,#9573,.F.);
#9573 = EDGE_CURVE('',#9488,#9564,#9574,.T.);
#9574 = LINE('',#9575,#9576);
#9575 = CARTESIAN_POINT('',(-0.5,-0.25,2.E-02));
#9576 = VECTOR('',#9577,1.);
#9577 = DIRECTION('',(1.,0.,0.));
#9578 = ORIENTED_EDGE('',*,*,#9487,.T.);
#9579 = ORIENTED_EDGE('',*,*,#9580,.T.);
#9580 = EDGE_CURVE('',#9490,#9566,#9581,.T.);
#9581 = LINE('',#9582,#9583);
#9582 = CARTESIAN_POINT('',(-0.5,-0.25,0.48));
#9583 = VECTOR('',#9584,1.);
#9584 = DIRECTION('',(1.,0.,0.));
#9585 = PLANE('',#9586);
#9586 = AXIS2_PLACEMENT_3D('',#9587,#9588,#9589);
#9587 = CARTESIAN_POINT('',(-0.5,-0.25,0.));
#9588 = DIRECTION('',(0.,1.,0.));
#9589 = DIRECTION('',(0.,-0.,1.));
#9590 = ADVANCED_FACE('',(#9591),#9610,.T.);
#9591 = FACE_BOUND('',#9592,.T.);
#9592 = EDGE_LOOP('',(#9593,#9594,#9602,#9609));
#9593 = ORIENTED_EDGE('',*,*,#9497,.T.);
#9594 = ORIENTED_EDGE('',*,*,#9595,.T.);
#9595 = EDGE_CURVE('',#9498,#9596,#9598,.T.);
#9596 = VERTEX_POINT('',#9597);
#9597 = CARTESIAN_POINT('',(-0.3,-0.23,0.));
#9598 = LINE('',#9599,#9600);
#9599 = CARTESIAN_POINT('',(-0.5,-0.23,0.));
#9600 = VECTOR('',#9601,1.);
#9601 = DIRECTION('',(1.,0.,0.));
#9602 = ORIENTED_EDGE('',*,*,#9603,.F.);
#9603 = EDGE_CURVE('',#9564,#9596,#9604,.T.);
#9604 = CIRCLE('',#9605,2.E-02);
#9605 = AXIS2_PLACEMENT_3D('',#9606,#9607,#9608);
#9606 = CARTESIAN_POINT('',(-0.3,-0.23,2.E-02));
#9607 = DIRECTION('',(1.,0.,-0.));
#9608 = DIRECTION('',(0.,0.,1.));
#9609 = ORIENTED_EDGE('',*,*,#9573,.F.);
#9610 = CYLINDRICAL_SURFACE('',#9611,2.E-02);
#9611 = AXIS2_PLACEMENT_3D('',#9612,#9613,#9614);
#9612 = CARTESIAN_POINT('',(-0.5,-0.23,2.E-02));
#9613 = DIRECTION('',(1.,0.,0.));
#9614 = DIRECTION('',(0.,-1.,0.));
#9615 = ADVANCED_FACE('',(#9616),#9635,.T.);
#9616 = FACE_BOUND('',#9617,.T.);
#9617 = EDGE_LOOP('',(#9618,#9619,#9628,#9634));
#9618 = ORIENTED_EDGE('',*,*,#9580,.T.);
#9619 = ORIENTED_EDGE('',*,*,#9620,.T.);
#9620 = EDGE_CURVE('',#9566,#9621,#9623,.T.);
#9621 = VERTEX_POINT('',#9622);
#9622 = CARTESIAN_POINT('',(-0.3,-0.23,0.5));
#9623 = CIRCLE('',#9624,2.E-02);
#9624 = AXIS2_PLACEMENT_3D('',#9625,#9626,#9627);
#9625 = CARTESIAN_POINT('',(-0.3,-0.23,0.48));
#9626 = DIRECTION('',(-1.,0.,0.));
#9627 = DIRECTION('',(0.,0.,1.));
#9628 = ORIENTED_EDGE('',*,*,#9629,.F.);
#9629 = EDGE_CURVE('',#9541,#9621,#9630,.T.);
#9630 = LINE('',#9631,#9632);
#9631 = CARTESIAN_POINT('',(-0.5,-0.23,0.5));
#9632 = VECTOR('',#9633,1.);
#9633 = DIRECTION('',(1.,0.,0.));
#9634 = ORIENTED_EDGE('',*,*,#9548,.F.);
#9635 = CYLINDRICAL_SURFACE('',#9636,2.E-02);
#9636 = AXIS2_PLACEMENT_3D('',#9637,#9638,#9639);
#9637 = CARTESIAN_POINT('',(-0.5,-0.23,0.48));
#9638 = DIRECTION('',(1.,0.,0.));
#9639 = DIRECTION('',(0.,-1.,0.));
#9640 = ADVANCED_FACE('',(#9641),#9659,.F.);
#9641 = FACE_BOUND('',#9642,.F.);
#9642 = EDGE_LOOP('',(#9643,#9644,#9645,#9653));
#9643 = ORIENTED_EDGE('',*,*,#9506,.F.);
#9644 = ORIENTED_EDGE('',*,*,#9595,.T.);
#9645 = ORIENTED_EDGE('',*,*,#9646,.T.);
#9646 = EDGE_CURVE('',#9596,#9647,#9649,.T.);
#9647 = VERTEX_POINT('',#9648);
#9648 = CARTESIAN_POINT('',(-0.3,0.23,0.));
#9649 = LINE('',#9650,#9651);
#9650 = CARTESIAN_POINT('',(-0.3,-0.25,0.));
#9651 = VECTOR('',#9652,1.);
#9652 = DIRECTION('',(0.,1.,0.));
#9653 = ORIENTED_EDGE('',*,*,#9654,.F.);
#9654 = EDGE_CURVE('',#9507,#9647,#9655,.T.);
#9655 = LINE('',#9656,#9657);
#9656 = CARTESIAN_POINT('',(-0.5,0.23,0.));
#9657 = VECTOR('',#9658,1.);
#9658 = DIRECTION('',(1.,0.,0.));
#9659 = PLANE('',#9660);
#9660 = AXIS2_PLACEMENT_3D('',#9661,#9662,#9663);
#9661 = CARTESIAN_POINT('',(-0.5,-0.25,0.));
#9662 = DIRECTION('',(0.,0.,1.));
#9663 = DIRECTION('',(1.,0.,-0.));
#9664 = ADVANCED_FACE('',(#9665),#9683,.T.);
#9665 = FACE_BOUND('',#9666,.T.);
#9666 = EDGE_LOOP('',(#9667,#9668,#9669,#9677));
#9667 = ORIENTED_EDGE('',*,*,#9540,.F.);
#9668 = ORIENTED_EDGE('',*,*,#9629,.T.);
#9669 = ORIENTED_EDGE('',*,*,#9670,.T.);
#9670 = EDGE_CURVE('',#9621,#9671,#9673,.T.);
#9671 = VERTEX_POINT('',#9672);
#9672 = CARTESIAN_POINT('',(-0.3,0.23,0.5));
#9673 = LINE('',#9674,#9675);
#9674 = CARTESIAN_POINT('',(-0.3,-0.25,0.5));
#9675 = VECTOR('',#9676,1.);
#9676 = DIRECTION('',(0.,1.,0.));
#9677 = ORIENTED_EDGE('',*,*,#9678,.F.);
#9678 = EDGE_CURVE('',#9532,#9671,#9679,.T.);
#9679 = LINE('',#9680,#9681);
#9680 = CARTESIAN_POINT('',(-0.5,0.23,0.5));
#9681 = VECTOR('',#9682,1.);
#9682 = DIRECTION('',(1.,0.,0.));
#9683 = PLANE('',#9684);
#9684 = AXIS2_PLACEMENT_3D('',#9685,#9686,#9687);
#9685 = CARTESIAN_POINT('',(-0.5,-0.25,0.5));
#9686 = DIRECTION('',(0.,0.,1.));
#9687 = DIRECTION('',(1.,0.,-0.));
#9688 = ADVANCED_FACE('',(#9689),#9708,.T.);
#9689 = FACE_BOUND('',#9690,.T.);
#9690 = EDGE_LOOP('',(#9691,#9699,#9706,#9707));
#9691 = ORIENTED_EDGE('',*,*,#9692,.T.);
#9692 = EDGE_CURVE('',#9515,#9693,#9695,.T.);
#9693 = VERTEX_POINT('',#9694);
#9694 = CARTESIAN_POINT('',(-0.3,0.25,2.E-02));
#9695 = LINE('',#9696,#9697);
#9696 = CARTESIAN_POINT('',(-0.5,0.25,2.E-02));
#9697 = VECTOR('',#9698,1.);
#9698 = DIRECTION('',(1.,0.,0.));
#9699 = ORIENTED_EDGE('',*,*,#9700,.T.);
#9700 = EDGE_CURVE('',#9693,#9647,#9701,.T.);
#9701 = CIRCLE('',#9702,2.E-02);
#9702 = AXIS2_PLACEMENT_3D('',#9703,#9704,#9705);
#9703 = CARTESIAN_POINT('',(-0.3,0.23,2.E-02));
#9704 = DIRECTION('',(-1.,0.,0.));
#9705 = DIRECTION('',(0.,0.,1.));
#9706 = ORIENTED_EDGE('',*,*,#9654,.F.);
#9707 = ORIENTED_EDGE('',*,*,#9514,.F.);
#9708 = CYLINDRICAL_SURFACE('',#9709,2.E-02);
#9709 = AXIS2_PLACEMENT_3D('',#9710,#9711,#9712);
#9710 = CARTESIAN_POINT('',(-0.5,0.23,2.E-02));
#9711 = DIRECTION('',(1.,0.,0.));
#9712 = DIRECTION('',(-0.,1.,0.));
#9713 = ADVANCED_FACE('',(#9714),#9733,.T.);
#9714 = FACE_BOUND('',#9715,.T.);
#9715 = EDGE_LOOP('',(#9716,#9717,#9718,#9727));
#9716 = ORIENTED_EDGE('',*,*,#9531,.T.);
#9717 = ORIENTED_EDGE('',*,*,#9678,.T.);
#9718 = ORIENTED_EDGE('',*,*,#9719,.F.);
#9719 = EDGE_CURVE('',#9720,#9671,#9722,.T.);
#9720 = VERTEX_POINT('',#9721);
#9721 = CARTESIAN_POINT('',(-0.3,0.25,0.48));
#9722 = CIRCLE('',#9723,2.E-02);
#9723 = AXIS2_PLACEMENT_3D('',#9724,#9725,#9726);
#9724 = CARTESIAN_POINT('',(-0.3,0.23,0.48));
#9725 = DIRECTION('',(1.,0.,-0.));
#9726 = DIRECTION('',(0.,0.,1.));
#9727 = ORIENTED_EDGE('',*,*,#9728,.F.);
#9728 = EDGE_CURVE('',#9524,#9720,#9729,.T.);
#9729 = LINE('',#9730,#9731);
#9730 = CARTESIAN_POINT('',(-0.5,0.25,0.48));
#9731 = VECTOR('',#9732,1.);
#9732 = DIRECTION('',(1.,0.,0.));
#9733 = CYLINDRICAL_SURFACE('',#9734,2.E-02);
#9734 = AXIS2_PLACEMENT_3D('',#9735,#9736,#9737);
#9735 = CARTESIAN_POINT('',(-0.5,0.23,0.48));
#9736 = DIRECTION('',(1.,0.,0.));
#9737 = DIRECTION('',(-0.,1.,0.));
#9738 = ADVANCED_FACE('',(#9739),#9750,.T.);
#9739 = FACE_BOUND('',#9740,.T.);
#9740 = EDGE_LOOP('',(#9741,#9747,#9748,#9749));
#9741 = ORIENTED_EDGE('',*,*,#9742,.F.);
#9742 = EDGE_CURVE('',#9693,#9720,#9743,.T.);
#9743 = LINE('',#9744,#9745);
#9744 = CARTESIAN_POINT('',(-0.3,0.25,0.));
#9745 = VECTOR('',#9746,1.);
#9746 = DIRECTION('',(0.,0.,1.));
#9747 = ORIENTED_EDGE('',*,*,#9692,.F.);
#9748 = ORIENTED_EDGE('',*,*,#9523,.T.);
#9749 = ORIENTED_EDGE('',*,*,#9728,.T.);
#9750 = PLANE('',#9751);
#9751 = AXIS2_PLACEMENT_3D('',#9752,#9753,#9754);
#9752 = CARTESIAN_POINT('',(-0.5,0.25,0.));
#9753 = DIRECTION('',(0.,1.,0.));
#9754 = DIRECTION('',(0.,-0.,1.));
#9755 = ADVANCED_FACE('',(#9756,#9766),#9836,.T.);
#9756 = FACE_BOUND('',#9757,.T.);
#9757 = EDGE_LOOP('',(#9758,#9759,#9760,#9761,#9762,#9763,#9764,#9765));
#9758 = ORIENTED_EDGE('',*,*,#9563,.F.);
#9759 = ORIENTED_EDGE('',*,*,#9603,.T.);
#9760 = ORIENTED_EDGE('',*,*,#9646,.T.);
#9761 = ORIENTED_EDGE('',*,*,#9700,.F.);
#9762 = ORIENTED_EDGE('',*,*,#9742,.T.);
#9763 = ORIENTED_EDGE('',*,*,#9719,.T.);
#9764 = ORIENTED_EDGE('',*,*,#9670,.F.);
#9765 = ORIENTED_EDGE('',*,*,#9620,.F.);
#9766 = FACE_BOUND('',#9767,.T.);
#9767 = EDGE_LOOP('',(#9768,#9779,#9787,#9796,#9804,#9813,#9821,#9830));
#9768 = ORIENTED_EDGE('',*,*,#9769,.F.);
#9769 = EDGE_CURVE('',#9770,#9772,#9774,.T.);
#9770 = VERTEX_POINT('',#9771);
#9771 = CARTESIAN_POINT('',(-0.3,-0.23,4.E-02));
#9772 = VERTEX_POINT('',#9773);
#9773 = CARTESIAN_POINT('',(-0.3,-0.21,2.E-02));
#9774 = CIRCLE('',#9775,2.E-02);
#9775 = AXIS2_PLACEMENT_3D('',#9776,#9777,#9778);
#9776 = CARTESIAN_POINT('',(-0.3,-0.21,4.E-02));
#9777 = DIRECTION('',(1.,0.,-0.));
#9778 = DIRECTION('',(0.,0.,1.));
#9779 = ORIENTED_EDGE('',*,*,#9780,.T.);
#9780 = EDGE_CURVE('',#9770,#9781,#9783,.T.);
#9781 = VERTEX_POINT('',#9782);
#9782 = CARTESIAN_POINT('',(-0.3,-0.23,0.46));
#9783 = LINE('',#9784,#9785);
#9784 = CARTESIAN_POINT('',(-0.3,-0.23,2.E-02));
#9785 = VECTOR('',#9786,1.);
#9786 = DIRECTION('',(0.,0.,1.));
#9787 = ORIENTED_EDGE('',*,*,#9788,.T.);
#9788 = EDGE_CURVE('',#9781,#9789,#9791,.T.);
#9789 = VERTEX_POINT('',#9790);
#9790 = CARTESIAN_POINT('',(-0.3,-0.21,0.48));
#9791 = CIRCLE('',#9792,2.E-02);
#9792 = AXIS2_PLACEMENT_3D('',#9793,#9794,#9795);
#9793 = CARTESIAN_POINT('',(-0.3,-0.21,0.46));
#9794 = DIRECTION('',(-1.,0.,0.));
#9795 = DIRECTION('',(0.,0.,1.));
#9796 = ORIENTED_EDGE('',*,*,#9797,.T.);
#9797 = EDGE_CURVE('',#9789,#9798,#9800,.T.);
#9798 = VERTEX_POINT('',#9799);
#9799 = CARTESIAN_POINT('',(-0.3,0.21,0.48));
#9800 = LINE('',#9801,#9802);
#9801 = CARTESIAN_POINT('',(-0.3,-0.23,0.48));
#9802 = VECTOR('',#9803,1.);
#9803 = DIRECTION('',(0.,1.,0.));
#9804 = ORIENTED_EDGE('',*,*,#9805,.F.);
#9805 = EDGE_CURVE('',#9806,#9798,#9808,.T.);
#9806 = VERTEX_POINT('',#9807);
#9807 = CARTESIAN_POINT('',(-0.3,0.23,0.46));
#9808 = CIRCLE('',#9809,2.E-02);
#9809 = AXIS2_PLACEMENT_3D('',#9810,#9811,#9812);
#9810 = CARTESIAN_POINT('',(-0.3,0.21,0.46));
#9811 = DIRECTION('',(1.,0.,-0.));
#9812 = DIRECTION('',(0.,0.,1.));
#9813 = ORIENTED_EDGE('',*,*,#9814,.F.);
#9814 = EDGE_CURVE('',#9815,#9806,#9817,.T.);
#9815 = VERTEX_POINT('',#9816);
#9816 = CARTESIAN_POINT('',(-0.3,0.23,4.E-02));
#9817 = LINE('',#9818,#9819);
#9818 = CARTESIAN_POINT('',(-0.3,0.23,2.E-02));
#9819 = VECTOR('',#9820,1.);
#9820 = DIRECTION('',(0.,0.,1.));
#9821 = ORIENTED_EDGE('',*,*,#9822,.T.);
#9822 = EDGE_CURVE('',#9815,#9823,#9825,.T.);
#9823 = VERTEX_POINT('',#9824);
#9824 = CARTESIAN_POINT('',(-0.3,0.21,2.E-02));
#9825 = CIRCLE('',#9826,2.E-02);
#9826 = AXIS2_PLACEMENT_3D('',#9827,#9828,#9829);
#9827 = CARTESIAN_POINT('',(-0.3,0.21,4.E-02));
#9828 = DIRECTION('',(-1.,0.,0.));
#9829 = DIRECTION('',(0.,0.,1.));
#9830 = ORIENTED_EDGE('',*,*,#9831,.F.);
#9831 = EDGE_CURVE('',#9772,#9823,#9832,.T.);
#9832 = LINE('',#9833,#9834);
#9833 = CARTESIAN_POINT('',(-0.3,-0.23,2.E-02));
#9834 = VECTOR('',#9835,1.);
#9835 = DIRECTION('',(0.,1.,0.));
#9836 = PLANE('',#9837);
#9837 = AXIS2_PLACEMENT_3D('',#9838,#9839,#9840);
#9838 = CARTESIAN_POINT('',(-0.3,-0.25,0.));
#9839 = DIRECTION('',(1.,0.,0.));
#9840 = DIRECTION('',(0.,0.,1.));
#9841 = ADVANCED_FACE('',(#9842),#9868,.T.);
#9842 = FACE_BOUND('',#9843,.T.);
#9843 = EDGE_LOOP('',(#9844,#9845,#9853,#9862));
#9844 = ORIENTED_EDGE('',*,*,#9769,.T.);
#9845 = ORIENTED_EDGE('',*,*,#9846,.T.);
#9846 = EDGE_CURVE('',#9772,#9847,#9849,.T.);
#9847 = VERTEX_POINT('',#9848);
#9848 = CARTESIAN_POINT('',(0.3,-0.21,2.E-02));
#9849 = LINE('',#9850,#9851);
#9850 = CARTESIAN_POINT('',(-0.3,-0.21,2.E-02));
#9851 = VECTOR('',#9852,1.);
#9852 = DIRECTION('',(1.,0.,0.));
#9853 = ORIENTED_EDGE('',*,*,#9854,.F.);
#9854 = EDGE_CURVE('',#9855,#9847,#9857,.T.);
#9855 = VERTEX_POINT('',#9856);
#9856 = CARTESIAN_POINT('',(0.3,-0.23,4.E-02));
#9857 = CIRCLE('',#9858,2.E-02);
#9858 = AXIS2_PLACEMENT_3D('',#9859,#9860,#9861);
#9859 = CARTESIAN_POINT('',(0.3,-0.21,4.E-02));
#9860 = DIRECTION('',(1.,0.,-0.));
#9861 = DIRECTION('',(0.,0.,1.));
#9862 = ORIENTED_EDGE('',*,*,#9863,.F.);
#9863 = EDGE_CURVE('',#9770,#9855,#9864,.T.);
#9864 = LINE('',#9865,#9866);
#9865 = CARTESIAN_POINT('',(-0.3,-0.23,4.E-02));
#9866 = VECTOR('',#9867,1.);
#9867 = DIRECTION('',(1.,0.,0.));
#9868 = CYLINDRICAL_SURFACE('',#9869,2.E-02);
#9869 = AXIS2_PLACEMENT_3D('',#9870,#9871,#9872);
#9870 = CARTESIAN_POINT('',(-0.3,-0.21,4.E-02));
#9871 = DIRECTION('',(1.,0.,0.));
#9872 = DIRECTION('',(0.,-1.,0.));
#9873 = ADVANCED_FACE('',(#9874),#9892,.F.);
#9874 = FACE_BOUND('',#9875,.F.);
#9875 = EDGE_LOOP('',(#9876,#9877,#9878,#9886));
#9876 = ORIENTED_EDGE('',*,*,#9831,.F.);
#9877 = ORIENTED_EDGE('',*,*,#9846,.T.);
#9878 = ORIENTED_EDGE('',*,*,#9879,.T.);
#9879 = EDGE_CURVE('',#9847,#9880,#9882,.T.);
#9880 = VERTEX_POINT('',#9881);
#9881 = CARTESIAN_POINT('',(0.3,0.21,2.E-02));
#9882 = LINE('',#9883,#9884);
#9883 = CARTESIAN_POINT('',(0.3,-0.23,2.E-02));
#9884 = VECTOR('',#9885,1.);
#9885 = DIRECTION('',(0.,1.,0.));
#9886 = ORIENTED_EDGE('',*,*,#9887,.F.);
#9887 = EDGE_CURVE('',#9823,#9880,#9888,.T.);
#9888 = LINE('',#9889,#9890);
#9889 = CARTESIAN_POINT('',(-0.3,0.21,2.E-02));
#9890 = VECTOR('',#9891,1.);
#9891 = DIRECTION('',(1.,0.,0.));
#9892 = PLANE('',#9893);
#9893 = AXIS2_PLACEMENT_3D('',#9894,#9895,#9896);
#9894 = CARTESIAN_POINT('',(-0.3,-0.23,2.E-02));
#9895 = DIRECTION('',(0.,0.,1.));
#9896 = DIRECTION('',(1.,0.,-0.));
#9897 = ADVANCED_FACE('',(#9898),#9917,.T.);
#9898 = FACE_BOUND('',#9899,.T.);
#9899 = EDGE_LOOP('',(#9900,#9908,#9915,#9916));
#9900 = ORIENTED_EDGE('',*,*,#9901,.T.);
#9901 = EDGE_CURVE('',#9815,#9902,#9904,.T.);
#9902 = VERTEX_POINT('',#9903);
#9903 = CARTESIAN_POINT('',(0.3,0.23,4.E-02));
#9904 = LINE('',#9905,#9906);
#9905 = CARTESIAN_POINT('',(-0.3,0.23,4.E-02));
#9906 = VECTOR('',#9907,1.);
#9907 = DIRECTION('',(1.,0.,0.));
#9908 = ORIENTED_EDGE('',*,*,#9909,.T.);
#9909 = EDGE_CURVE('',#9902,#9880,#9910,.T.);
#9910 = CIRCLE('',#9911,2.E-02);
#9911 = AXIS2_PLACEMENT_3D('',#9912,#9913,#9914);
#9912 = CARTESIAN_POINT('',(0.3,0.21,4.E-02));
#9913 = DIRECTION('',(-1.,0.,0.));
#9914 = DIRECTION('',(0.,0.,1.));
#9915 = ORIENTED_EDGE('',*,*,#9887,.F.);
#9916 = ORIENTED_EDGE('',*,*,#9822,.F.);
#9917 = CYLINDRICAL_SURFACE('',#9918,2.E-02);
#9918 = AXIS2_PLACEMENT_3D('',#9919,#9920,#9921);
#9919 = CARTESIAN_POINT('',(-0.3,0.21,4.E-02));
#9920 = DIRECTION('',(1.,0.,0.));
#9921 = DIRECTION('',(-0.,1.,0.));
#9922 = ADVANCED_FACE('',(#9923),#9941,.T.);
#9923 = FACE_BOUND('',#9924,.T.);
#9924 = EDGE_LOOP('',(#9925,#9933,#9934,#9935));
#9925 = ORIENTED_EDGE('',*,*,#9926,.F.);
#9926 = EDGE_CURVE('',#9902,#9927,#9929,.T.);
#9927 = VERTEX_POINT('',#9928);
#9928 = CARTESIAN_POINT('',(0.3,0.23,0.46));
#9929 = LINE('',#9930,#9931);
#9930 = CARTESIAN_POINT('',(0.3,0.23,2.E-02));
#9931 = VECTOR('',#9932,1.);
#9932 = DIRECTION('',(0.,0.,1.));
#9933 = ORIENTED_EDGE('',*,*,#9901,.F.);
#9934 = ORIENTED_EDGE('',*,*,#9814,.T.);
#9935 = ORIENTED_EDGE('',*,*,#9936,.T.);
#9936 = EDGE_CURVE('',#9806,#9927,#9937,.T.);
#9937 = LINE('',#9938,#9939);
#9938 = CARTESIAN_POINT('',(-0.3,0.23,0.46));
#9939 = VECTOR('',#9940,1.);
#9940 = DIRECTION('',(1.,0.,0.));
#9941 = PLANE('',#9942);
#9942 = AXIS2_PLACEMENT_3D('',#9943,#9944,#9945);
#9943 = CARTESIAN_POINT('',(-0.3,0.23,2.E-02));
#9944 = DIRECTION('',(0.,1.,0.));
#9945 = DIRECTION('',(0.,-0.,1.));
#9946 = ADVANCED_FACE('',(#9947),#9966,.T.);
#9947 = FACE_BOUND('',#9948,.T.);
#9948 = EDGE_LOOP('',(#9949,#9950,#9958,#9965));
#9949 = ORIENTED_EDGE('',*,*,#9805,.T.);
#9950 = ORIENTED_EDGE('',*,*,#9951,.T.);
#9951 = EDGE_CURVE('',#9798,#9952,#9954,.T.);
#9952 = VERTEX_POINT('',#9953);
#9953 = CARTESIAN_POINT('',(0.3,0.21,0.48));
#9954 = LINE('',#9955,#9956);
#9955 = CARTESIAN_POINT('',(-0.3,0.21,0.48));
#9956 = VECTOR('',#9957,1.);
#9957 = DIRECTION('',(1.,0.,0.));
#9958 = ORIENTED_EDGE('',*,*,#9959,.F.);
#9959 = EDGE_CURVE('',#9927,#9952,#9960,.T.);
#9960 = CIRCLE('',#9961,2.E-02);
#9961 = AXIS2_PLACEMENT_3D('',#9962,#9963,#9964);
#9962 = CARTESIAN_POINT('',(0.3,0.21,0.46));
#9963 = DIRECTION('',(1.,0.,-0.));
#9964 = DIRECTION('',(0.,0.,1.));
#9965 = ORIENTED_EDGE('',*,*,#9936,.F.);
#9966 = CYLINDRICAL_SURFACE('',#9967,2.E-02);
#9967 = AXIS2_PLACEMENT_3D('',#9968,#9969,#9970);
#9968 = CARTESIAN_POINT('',(-0.3,0.21,0.46));
#9969 = DIRECTION('',(1.,0.,0.));
#9970 = DIRECTION('',(-0.,1.,0.));
#9971 = ADVANCED_FACE('',(#9972),#9990,.T.);
#9972 = FACE_BOUND('',#9973,.T.);
#9973 = EDGE_LOOP('',(#9974,#9975,#9983,#9989));
#9974 = ORIENTED_EDGE('',*,*,#9797,.F.);
#9975 = ORIENTED_EDGE('',*,*,#9976,.T.);
#9976 = EDGE_CURVE('',#9789,#9977,#9979,.T.);
#9977 = VERTEX_POINT('',#9978);
#9978 = CARTESIAN_POINT('',(0.3,-0.21,0.48));
#9979 = LINE('',#9980,#9981);
#9980 = CARTESIAN_POINT('',(-0.3,-0.21,0.48));
#9981 = VECTOR('',#9982,1.);
#9982 = DIRECTION('',(1.,0.,0.));
#9983 = ORIENTED_EDGE('',*,*,#9984,.T.);
#9984 = EDGE_CURVE('',#9977,#9952,#9985,.T.);
#9985 = LINE('',#9986,#9987);
#9986 = CARTESIAN_POINT('',(0.3,-0.23,0.48));
#9987 = VECTOR('',#9988,1.);
#9988 = DIRECTION('',(0.,1.,0.));
#9989 = ORIENTED_EDGE('',*,*,#9951,.F.);
#9990 = PLANE('',#9991);
#9991 = AXIS2_PLACEMENT_3D('',#9992,#9993,#9994);
#9992 = CARTESIAN_POINT('',(-0.3,-0.23,0.48));
#9993 = DIRECTION('',(0.,0.,1.));
#9994 = DIRECTION('',(1.,0.,-0.));
#9995 = ADVANCED_FACE('',(#9996),#10015,.T.);
#9996 = FACE_BOUND('',#9997,.T.);
#9997 = EDGE_LOOP('',(#9998,#10006,#10013,#10014));
#9998 = ORIENTED_EDGE('',*,*,#9999,.T.);
#9999 = EDGE_CURVE('',#9781,#10000,#10002,.T.);
#10000 = VERTEX_POINT('',#10001);
#10001 = CARTESIAN_POINT('',(0.3,-0.23,0.46));
#10002 = LINE('',#10003,#10004);
#10003 = CARTESIAN_POINT('',(-0.3,-0.23,0.46));
#10004 = VECTOR('',#10005,1.);
#10005 = DIRECTION('',(1.,0.,0.));
#10006 = ORIENTED_EDGE('',*,*,#10007,.T.);
#10007 = EDGE_CURVE('',#10000,#9977,#10008,.T.);
#10008 = CIRCLE('',#10009,2.E-02);
#10009 = AXIS2_PLACEMENT_3D('',#10010,#10011,#10012);
#10010 = CARTESIAN_POINT('',(0.3,-0.21,0.46));
#10011 = DIRECTION('',(-1.,0.,0.));
#10012 = DIRECTION('',(0.,0.,1.));
#10013 = ORIENTED_EDGE('',*,*,#9976,.F.);
#10014 = ORIENTED_EDGE('',*,*,#9788,.F.);
#10015 = CYLINDRICAL_SURFACE('',#10016,2.E-02);
#10016 = AXIS2_PLACEMENT_3D('',#10017,#10018,#10019);
#10017 = CARTESIAN_POINT('',(-0.3,-0.21,0.46));
#10018 = DIRECTION('',(1.,0.,0.));
#10019 = DIRECTION('',(0.,-1.,0.));
#10020 = ADVANCED_FACE('',(#10021),#10032,.F.);
#10021 = FACE_BOUND('',#10022,.F.);
#10022 = EDGE_LOOP('',(#10023,#10029,#10030,#10031));
#10023 = ORIENTED_EDGE('',*,*,#10024,.F.);
#10024 = EDGE_CURVE('',#9855,#10000,#10025,.T.);
#10025 = LINE('',#10026,#10027);
#10026 = CARTESIAN_POINT('',(0.3,-0.23,2.E-02));
#10027 = VECTOR('',#10028,1.);
#10028 = DIRECTION('',(0.,0.,1.));
#10029 = ORIENTED_EDGE('',*,*,#9863,.F.);
#10030 = ORIENTED_EDGE('',*,*,#9780,.T.);
#10031 = ORIENTED_EDGE('',*,*,#9999,.T.);
#10032 = PLANE('',#10033);
#10033 = AXIS2_PLACEMENT_3D('',#10034,#10035,#10036);
#10034 = CARTESIAN_POINT('',(-0.3,-0.23,2.E-02));
#10035 = DIRECTION('',(0.,1.,0.));
#10036 = DIRECTION('',(0.,-0.,1.));
#10037 = ADVANCED_FACE('',(#10038,#10108),#10118,.F.);
#10038 = FACE_BOUND('',#10039,.F.);
#10039 = EDGE_LOOP('',(#10040,#10050,#10059,#10067,#10076,#10084,#10093,
    #10101));
#10040 = ORIENTED_EDGE('',*,*,#10041,.F.);
#10041 = EDGE_CURVE('',#10042,#10044,#10046,.T.);
#10042 = VERTEX_POINT('',#10043);
#10043 = CARTESIAN_POINT('',(0.3,-0.25,2.E-02));
#10044 = VERTEX_POINT('',#10045);
#10045 = CARTESIAN_POINT('',(0.3,-0.25,0.48));
#10046 = LINE('',#10047,#10048);
#10047 = CARTESIAN_POINT('',(0.3,-0.25,0.));
#10048 = VECTOR('',#10049,1.);
#10049 = DIRECTION('',(0.,0.,1.));
#10050 = ORIENTED_EDGE('',*,*,#10051,.T.);
#10051 = EDGE_CURVE('',#10042,#10052,#10054,.T.);
#10052 = VERTEX_POINT('',#10053);
#10053 = CARTESIAN_POINT('',(0.3,-0.23,0.));
#10054 = CIRCLE('',#10055,2.E-02);
#10055 = AXIS2_PLACEMENT_3D('',#10056,#10057,#10058);
#10056 = CARTESIAN_POINT('',(0.3,-0.23,2.E-02));
#10057 = DIRECTION('',(1.,0.,-0.));
#10058 = DIRECTION('',(0.,0.,1.));
#10059 = ORIENTED_EDGE('',*,*,#10060,.T.);
#10060 = EDGE_CURVE('',#10052,#10061,#10063,.T.);
#10061 = VERTEX_POINT('',#10062);
#10062 = CARTESIAN_POINT('',(0.3,0.23,0.));
#10063 = LINE('',#10064,#10065);
#10064 = CARTESIAN_POINT('',(0.3,-0.25,0.));
#10065 = VECTOR('',#10066,1.);
#10066 = DIRECTION('',(0.,1.,0.));
#10067 = ORIENTED_EDGE('',*,*,#10068,.F.);
#10068 = EDGE_CURVE('',#10069,#10061,#10071,.T.);
#10069 = VERTEX_POINT('',#10070);
#10070 = CARTESIAN_POINT('',(0.3,0.25,2.E-02));
#10071 = CIRCLE('',#10072,2.E-02);
#10072 = AXIS2_PLACEMENT_3D('',#10073,#10074,#10075);
#10073 = CARTESIAN_POINT('',(0.3,0.23,2.E-02));
#10074 = DIRECTION('',(-1.,0.,0.));
#10075 = DIRECTION('',(0.,0.,1.));
#10076 = ORIENTED_EDGE('',*,*,#10077,.T.);
#10077 = EDGE_CURVE('',#10069,#10078,#10080,.T.);
#10078 = VERTEX_POINT('',#10079);
#10079 = CARTESIAN_POINT('',(0.3,0.25,0.48));
#10080 = LINE('',#10081,#10082);
#10081 = CARTESIAN_POINT('',(0.3,0.25,0.));
#10082 = VECTOR('',#10083,1.);
#10083 = DIRECTION('',(0.,0.,1.));
#10084 = ORIENTED_EDGE('',*,*,#10085,.T.);
#10085 = EDGE_CURVE('',#10078,#10086,#10088,.T.);
#10086 = VERTEX_POINT('',#10087);
#10087 = CARTESIAN_POINT('',(0.3,0.23,0.5));
#10088 = CIRCLE('',#10089,2.E-02);
#10089 = AXIS2_PLACEMENT_3D('',#10090,#10091,#10092);
#10090 = CARTESIAN_POINT('',(0.3,0.23,0.48));
#10091 = DIRECTION('',(1.,0.,-0.));
#10092 = DIRECTION('',(0.,0.,1.));
#10093 = ORIENTED_EDGE('',*,*,#10094,.F.);
#10094 = EDGE_CURVE('',#10095,#10086,#10097,.T.);
#10095 = VERTEX_POINT('',#10096);
#10096 = CARTESIAN_POINT('',(0.3,-0.23,0.5));
#10097 = LINE('',#10098,#10099);
#10098 = CARTESIAN_POINT('',(0.3,-0.25,0.5));
#10099 = VECTOR('',#10100,1.);
#10100 = DIRECTION('',(0.,1.,0.));
#10101 = ORIENTED_EDGE('',*,*,#10102,.F.);
#10102 = EDGE_CURVE('',#10044,#10095,#10103,.T.);
#10103 = CIRCLE('',#10104,2.E-02);
#10104 = AXIS2_PLACEMENT_3D('',#10105,#10106,#10107);
#10105 = CARTESIAN_POINT('',(0.3,-0.23,0.48));
#10106 = DIRECTION('',(-1.,0.,0.));
#10107 = DIRECTION('',(0.,0.,1.));
#10108 = FACE_BOUND('',#10109,.F.);
#10109 = EDGE_LOOP('',(#10110,#10111,#10112,#10113,#10114,#10115,#10116,
    #10117));
#10110 = ORIENTED_EDGE('',*,*,#9854,.F.);
#10111 = ORIENTED_EDGE('',*,*,#10024,.T.);
#10112 = ORIENTED_EDGE('',*,*,#10007,.T.);
#10113 = ORIENTED_EDGE('',*,*,#9984,.T.);
#10114 = ORIENTED_EDGE('',*,*,#9959,.F.);
#10115 = ORIENTED_EDGE('',*,*,#9926,.F.);
#10116 = ORIENTED_EDGE('',*,*,#9909,.T.);
#10117 = ORIENTED_EDGE('',*,*,#9879,.F.);
#10118 = PLANE('',#10119);
#10119 = AXIS2_PLACEMENT_3D('',#10120,#10121,#10122);
#10120 = CARTESIAN_POINT('',(0.3,-0.25,0.));
#10121 = DIRECTION('',(1.,0.,0.));
#10122 = DIRECTION('',(0.,0.,1.));
#10123 = ADVANCED_FACE('',(#10124),#10149,.F.);
#10124 = FACE_BOUND('',#10125,.F.);
#10125 = EDGE_LOOP('',(#10126,#10136,#10142,#10143));
#10126 = ORIENTED_EDGE('',*,*,#10127,.F.);
#10127 = EDGE_CURVE('',#10128,#10130,#10132,.T.);
#10128 = VERTEX_POINT('',#10129);
#10129 = CARTESIAN_POINT('',(0.5,-0.25,2.E-02));
#10130 = VERTEX_POINT('',#10131);
#10131 = CARTESIAN_POINT('',(0.5,-0.25,0.48));
#10132 = LINE('',#10133,#10134);
#10133 = CARTESIAN_POINT('',(0.5,-0.25,0.));
#10134 = VECTOR('',#10135,1.);
#10135 = DIRECTION('',(0.,0.,1.));
#10136 = ORIENTED_EDGE('',*,*,#10137,.F.);
#10137 = EDGE_CURVE('',#10042,#10128,#10138,.T.);
#10138 = LINE('',#10139,#10140);
#10139 = CARTESIAN_POINT('',(0.3,-0.25,2.E-02));
#10140 = VECTOR('',#10141,1.);
#10141 = DIRECTION('',(1.,0.,0.));
#10142 = ORIENTED_EDGE('',*,*,#10041,.T.);
#10143 = ORIENTED_EDGE('',*,*,#10144,.T.);
#10144 = EDGE_CURVE('',#10044,#10130,#10145,.T.);
#10145 = LINE('',#10146,#10147);
#10146 = CARTESIAN_POINT('',(0.3,-0.25,0.48));
#10147 = VECTOR('',#10148,1.);
#10148 = DIRECTION('',(1.,0.,0.));
#10149 = PLANE('',#10150);
#10150 = AXIS2_PLACEMENT_3D('',#10151,#10152,#10153);
#10151 = CARTESIAN_POINT('',(0.3,-0.25,0.));
#10152 = DIRECTION('',(0.,1.,0.));
#10153 = DIRECTION('',(0.,-0.,1.));
#10154 = ADVANCED_FACE('',(#10155),#10174,.T.);
#10155 = FACE_BOUND('',#10156,.T.);
#10156 = EDGE_LOOP('',(#10157,#10158,#10166,#10173));
#10157 = ORIENTED_EDGE('',*,*,#10051,.T.);
#10158 = ORIENTED_EDGE('',*,*,#10159,.T.);
#10159 = EDGE_CURVE('',#10052,#10160,#10162,.T.);
#10160 = VERTEX_POINT('',#10161);
#10161 = CARTESIAN_POINT('',(0.5,-0.23,0.));
#10162 = LINE('',#10163,#10164);
#10163 = CARTESIAN_POINT('',(0.3,-0.23,0.));
#10164 = VECTOR('',#10165,1.);
#10165 = DIRECTION('',(1.,0.,0.));
#10166 = ORIENTED_EDGE('',*,*,#10167,.F.);
#10167 = EDGE_CURVE('',#10128,#10160,#10168,.T.);
#10168 = CIRCLE('',#10169,2.E-02);
#10169 = AXIS2_PLACEMENT_3D('',#10170,#10171,#10172);
#10170 = CARTESIAN_POINT('',(0.5,-0.23,2.E-02));
#10171 = DIRECTION('',(1.,0.,-0.));
#10172 = DIRECTION('',(0.,0.,1.));
#10173 = ORIENTED_EDGE('',*,*,#10137,.F.);
#10174 = CYLINDRICAL_SURFACE('',#10175,2.E-02);
#10175 = AXIS2_PLACEMENT_3D('',#10176,#10177,#10178);
#10176 = CARTESIAN_POINT('',(0.3,-0.23,2.E-02));
#10177 = DIRECTION('',(1.,0.,0.));
#10178 = DIRECTION('',(0.,-1.,0.));
#10179 = ADVANCED_FACE('',(#10180),#10199,.T.);
#10180 = FACE_BOUND('',#10181,.T.);
#10181 = EDGE_LOOP('',(#10182,#10183,#10192,#10198));
#10182 = ORIENTED_EDGE('',*,*,#10144,.T.);
#10183 = ORIENTED_EDGE('',*,*,#10184,.T.);
#10184 = EDGE_CURVE('',#10130,#10185,#10187,.T.);
#10185 = VERTEX_POINT('',#10186);
#10186 = CARTESIAN_POINT('',(0.5,-0.23,0.5));
#10187 = CIRCLE('',#10188,2.E-02);
#10188 = AXIS2_PLACEMENT_3D('',#10189,#10190,#10191);
#10189 = CARTESIAN_POINT('',(0.5,-0.23,0.48));
#10190 = DIRECTION('',(-1.,0.,0.));
#10191 = DIRECTION('',(0.,0.,1.));
#10192 = ORIENTED_EDGE('',*,*,#10193,.F.);
#10193 = EDGE_CURVE('',#10095,#10185,#10194,.T.);
#10194 = LINE('',#10195,#10196);
#10195 = CARTESIAN_POINT('',(0.3,-0.23,0.5));
#10196 = VECTOR('',#10197,1.);
#10197 = DIRECTION('',(1.,0.,0.));
#10198 = ORIENTED_EDGE('',*,*,#10102,.F.);
#10199 = CYLINDRICAL_SURFACE('',#10200,2.E-02);
#10200 = AXIS2_PLACEMENT_3D('',#10201,#10202,#10203);
#10201 = CARTESIAN_POINT('',(0.3,-0.23,0.48));
#10202 = DIRECTION('',(1.,0.,0.));
#10203 = DIRECTION('',(0.,-1.,0.));
#10204 = ADVANCED_FACE('',(#10205),#10223,.F.);
#10205 = FACE_BOUND('',#10206,.F.);
#10206 = EDGE_LOOP('',(#10207,#10208,#10209,#10217));
#10207 = ORIENTED_EDGE('',*,*,#10060,.F.);
#10208 = ORIENTED_EDGE('',*,*,#10159,.T.);
#10209 = ORIENTED_EDGE('',*,*,#10210,.T.);
#10210 = EDGE_CURVE('',#10160,#10211,#10213,.T.);
#10211 = VERTEX_POINT('',#10212);
#10212 = CARTESIAN_POINT('',(0.5,0.23,0.));
#10213 = LINE('',#10214,#10215);
#10214 = CARTESIAN_POINT('',(0.5,-0.25,0.));
#10215 = VECTOR('',#10216,1.);
#10216 = DIRECTION('',(0.,1.,0.));
#10217 = ORIENTED_EDGE('',*,*,#10218,.F.);
#10218 = EDGE_CURVE('',#10061,#10211,#10219,.T.);
#10219 = LINE('',#10220,#10221);
#10220 = CARTESIAN_POINT('',(0.3,0.23,0.));
#10221 = VECTOR('',#10222,1.);
#10222 = DIRECTION('',(1.,0.,0.));
#10223 = PLANE('',#10224);
#10224 = AXIS2_PLACEMENT_3D('',#10225,#10226,#10227);
#10225 = CARTESIAN_POINT('',(0.3,-0.25,0.));
#10226 = DIRECTION('',(0.,0.,1.));
#10227 = DIRECTION('',(1.,0.,-0.));
#10228 = ADVANCED_FACE('',(#10229),#10247,.T.);
#10229 = FACE_BOUND('',#10230,.T.);
#10230 = EDGE_LOOP('',(#10231,#10232,#10233,#10241));
#10231 = ORIENTED_EDGE('',*,*,#10094,.F.);
#10232 = ORIENTED_EDGE('',*,*,#10193,.T.);
#10233 = ORIENTED_EDGE('',*,*,#10234,.T.);
#10234 = EDGE_CURVE('',#10185,#10235,#10237,.T.);
#10235 = VERTEX_POINT('',#10236);
#10236 = CARTESIAN_POINT('',(0.5,0.23,0.5));
#10237 = LINE('',#10238,#10239);
#10238 = CARTESIAN_POINT('',(0.5,-0.25,0.5));
#10239 = VECTOR('',#10240,1.);
#10240 = DIRECTION('',(0.,1.,0.));
#10241 = ORIENTED_EDGE('',*,*,#10242,.F.);
#10242 = EDGE_CURVE('',#10086,#10235,#10243,.T.);
#10243 = LINE('',#10244,#10245);
#10244 = CARTESIAN_POINT('',(0.3,0.23,0.5));
#10245 = VECTOR('',#10246,1.);
#10246 = DIRECTION('',(1.,0.,0.));
#10247 = PLANE('',#10248);
#10248 = AXIS2_PLACEMENT_3D('',#10249,#10250,#10251);
#10249 = CARTESIAN_POINT('',(0.3,-0.25,0.5));
#10250 = DIRECTION('',(0.,0.,1.));
#10251 = DIRECTION('',(1.,0.,-0.));
#10252 = ADVANCED_FACE('',(#10253),#10272,.T.);
#10253 = FACE_BOUND('',#10254,.T.);
#10254 = EDGE_LOOP('',(#10255,#10263,#10270,#10271));
#10255 = ORIENTED_EDGE('',*,*,#10256,.T.);
#10256 = EDGE_CURVE('',#10069,#10257,#10259,.T.);
#10257 = VERTEX_POINT('',#10258);
#10258 = CARTESIAN_POINT('',(0.5,0.25,2.E-02));
#10259 = LINE('',#10260,#10261);
#10260 = CARTESIAN_POINT('',(0.3,0.25,2.E-02));
#10261 = VECTOR('',#10262,1.);
#10262 = DIRECTION('',(1.,0.,0.));
#10263 = ORIENTED_EDGE('',*,*,#10264,.T.);
#10264 = EDGE_CURVE('',#10257,#10211,#10265,.T.);
#10265 = CIRCLE('',#10266,2.E-02);
#10266 = AXIS2_PLACEMENT_3D('',#10267,#10268,#10269);
#10267 = CARTESIAN_POINT('',(0.5,0.23,2.E-02));
#10268 = DIRECTION('',(-1.,0.,0.));
#10269 = DIRECTION('',(0.,0.,1.));
#10270 = ORIENTED_EDGE('',*,*,#10218,.F.);
#10271 = ORIENTED_EDGE('',*,*,#10068,.F.);
#10272 = CYLINDRICAL_SURFACE('',#10273,2.E-02);
#10273 = AXIS2_PLACEMENT_3D('',#10274,#10275,#10276);
#10274 = CARTESIAN_POINT('',(0.3,0.23,2.E-02));
#10275 = DIRECTION('',(1.,0.,0.));
#10276 = DIRECTION('',(-0.,1.,0.));
#10277 = ADVANCED_FACE('',(#10278),#10297,.T.);
#10278 = FACE_BOUND('',#10279,.T.);
#10279 = EDGE_LOOP('',(#10280,#10281,#10282,#10291));
#10280 = ORIENTED_EDGE('',*,*,#10085,.T.);
#10281 = ORIENTED_EDGE('',*,*,#10242,.T.);
#10282 = ORIENTED_EDGE('',*,*,#10283,.F.);
#10283 = EDGE_CURVE('',#10284,#10235,#10286,.T.);
#10284 = VERTEX_POINT('',#10285);
#10285 = CARTESIAN_POINT('',(0.5,0.25,0.48));
#10286 = CIRCLE('',#10287,2.E-02);
#10287 = AXIS2_PLACEMENT_3D('',#10288,#10289,#10290);
#10288 = CARTESIAN_POINT('',(0.5,0.23,0.48));
#10289 = DIRECTION('',(1.,0.,-0.));
#10290 = DIRECTION('',(0.,0.,1.));
#10291 = ORIENTED_EDGE('',*,*,#10292,.F.);
#10292 = EDGE_CURVE('',#10078,#10284,#10293,.T.);
#10293 = LINE('',#10294,#10295);
#10294 = CARTESIAN_POINT('',(0.3,0.25,0.48));
#10295 = VECTOR('',#10296,1.);
#10296 = DIRECTION('',(1.,0.,0.));
#10297 = CYLINDRICAL_SURFACE('',#10298,2.E-02);
#10298 = AXIS2_PLACEMENT_3D('',#10299,#10300,#10301);
#10299 = CARTESIAN_POINT('',(0.3,0.23,0.48));
#10300 = DIRECTION('',(1.,0.,0.));
#10301 = DIRECTION('',(-0.,1.,0.));
#10302 = ADVANCED_FACE('',(#10303),#10314,.T.);
#10303 = FACE_BOUND('',#10304,.T.);
#10304 = EDGE_LOOP('',(#10305,#10311,#10312,#10313));
#10305 = ORIENTED_EDGE('',*,*,#10306,.F.);
#10306 = EDGE_CURVE('',#10257,#10284,#10307,.T.);
#10307 = LINE('',#10308,#10309);
#10308 = CARTESIAN_POINT('',(0.5,0.25,0.));
#10309 = VECTOR('',#10310,1.);
#10310 = DIRECTION('',(0.,0.,1.));
#10311 = ORIENTED_EDGE('',*,*,#10256,.F.);
#10312 = ORIENTED_EDGE('',*,*,#10077,.T.);
#10313 = ORIENTED_EDGE('',*,*,#10292,.T.);
#10314 = PLANE('',#10315);
#10315 = AXIS2_PLACEMENT_3D('',#10316,#10317,#10318);
#10316 = CARTESIAN_POINT('',(0.3,0.25,0.));
#10317 = DIRECTION('',(0.,1.,0.));
#10318 = DIRECTION('',(0.,-0.,1.));
#10319 = ADVANCED_FACE('',(#10320),#10330,.T.);
#10320 = FACE_BOUND('',#10321,.T.);
#10321 = EDGE_LOOP('',(#10322,#10323,#10324,#10325,#10326,#10327,#10328,
    #10329));
#10322 = ORIENTED_EDGE('',*,*,#10127,.F.);
#10323 = ORIENTED_EDGE('',*,*,#10167,.T.);
#10324 = ORIENTED_EDGE('',*,*,#10210,.T.);
#10325 = ORIENTED_EDGE('',*,*,#10264,.F.);
#10326 = ORIENTED_EDGE('',*,*,#10306,.T.);
#10327 = ORIENTED_EDGE('',*,*,#10283,.T.);
#10328 = ORIENTED_EDGE('',*,*,#10234,.F.);
#10329 = ORIENTED_EDGE('',*,*,#10184,.F.);
#10330 = PLANE('',#10331);
#10331 = AXIS2_PLACEMENT_3D('',#10332,#10333,#10334);
#10332 = CARTESIAN_POINT('',(0.5,-0.25,0.));
#10333 = DIRECTION('',(1.,0.,0.));
#10334 = DIRECTION('',(0.,0.,1.));
#10335 = ( GEOMETRIC_REPRESENTATION_CONTEXT(3) 
GLOBAL_UNCERTAINTY_ASSIGNED_CONTEXT((#10339)) 
GLOBAL_UNIT_ASSIGNED_CONTEXT((#10336,#10337,#10338)) 
REPRESENTATION_CONTEXT('Context #1',
  '3D Context with UNIT and UNCERTAINTY') );
#10336 = ( LENGTH_UNIT() NAMED_UNIT(*) SI_UNIT(.MILLI.,.METRE.) );
#10337 = ( NAMED_UNIT(*) PLANE_ANGLE_UNIT() SI_UNIT($,.RADIAN.) );
#10338 = ( NAMED_UNIT(*) SI_UNIT($,.STERADIAN.) SOLID_ANGLE_UNIT() );
#10339 = UNCERTAINTY_MEASURE_WITH_UNIT(LENGTH_MEASURE(1.E-07),#10336,
  'distance_accuracy_value','confusion accuracy');
#10340 = CONTEXT_DEPENDENT_SHAPE_REPRESENTATION(#10341,#10343);
#10341 = ( REPRESENTATION_RELATIONSHIP('','',#9480,#9457) 
REPRESENTATION_RELATIONSHIP_WITH_TRANSFORMATION(#10342) 
SHAPE_REPRESENTATION_RELATIONSHIP() );
#10342 = ITEM_DEFINED_TRANSFORMATION('','',#11,#9458);
#10343 = PRODUCT_DEFINITION_SHAPE('Placement','Placement of an item',
  #10344);
#10344 = NEXT_ASSEMBLY_USAGE_OCCURRENCE('11','=>[0:1:1:13]','',#9452,
  #9475,$);
#10345 = PRODUCT_RELATED_PRODUCT_CATEGORY('part',$,(#9477));
#10346 = CONTEXT_DEPENDENT_SHAPE_REPRESENTATION(#10347,#10349);
#10347 = ( REPRESENTATION_RELATIONSHIP('','',#2692,#10) 
REPRESENTATION_RELATIONSHIP_WITH_TRANSFORMATION(#10348) 
SHAPE_REPRESENTATION_RELATIONSHIP() );
#10348 = ITEM_DEFINED_TRANSFORMATION('','',#11,#39);
#10349 = PRODUCT_DEFINITION_SHAPE('Placement','Placement of an item',
  #10350);
#10350 = NEXT_ASSEMBLY_USAGE_OCCURRENCE('13','D1','',#5,#2687,$);
#10351 = CONTEXT_DEPENDENT_SHAPE_REPRESENTATION(#10352,#10354);
#10352 = ( REPRESENTATION_RELATIONSHIP('','',#1860,#10) 
REPRESENTATION_RELATIONSHIP_WITH_TRANSFORMATION(#10353) 
SHAPE_REPRESENTATION_RELATIONSHIP() );
#10353 = ITEM_DEFINED_TRANSFORMATION('','',#11,#43);
#10354 = PRODUCT_DEFINITION_SHAPE('Placement','Placement of an item',
  #10355);
#10355 = NEXT_ASSEMBLY_USAGE_OCCURRENCE('14','R2','',#5,#1855,$);
#10356 = SHAPE_DEFINITION_REPRESENTATION(#10357,#10363);
#10357 = PRODUCT_DEFINITION_SHAPE('','',#10358);
#10358 = PRODUCT_DEFINITION('design','',#10359,#10362);
#10359 = PRODUCT_DEFINITION_FORMATION('','',#10360);
#10360 = PRODUCT('G5Q_14_EU','G5Q_14_EU','',(#10361));
#10361 = PRODUCT_CONTEXT('',#2,'mechanical');
#10362 = PRODUCT_DEFINITION_CONTEXT('part definition',#2,'design');
#10363 = SHAPE_REPRESENTATION('',(#11,#10364),#10368);
#10364 = AXIS2_PLACEMENT_3D('',#10365,#10366,#10367);
#10365 = CARTESIAN_POINT('',(0.,0.,0.));
#10366 = DIRECTION('',(0.,0.,1.));
#10367 = DIRECTION('',(1.,0.,-0.));
#10368 = ( GEOMETRIC_REPRESENTATION_CONTEXT(3) 
GLOBAL_UNCERTAINTY_ASSIGNED_CONTEXT((#10372)) 
GLOBAL_UNIT_ASSIGNED_CONTEXT((#10369,#10370,#10371)) 
REPRESENTATION_CONTEXT('Context #1',
  '3D Context with UNIT and UNCERTAINTY') );
#10369 = ( LENGTH_UNIT() NAMED_UNIT(*) SI_UNIT(.MILLI.,.METRE.) );
#10370 = ( NAMED_UNIT(*) PLANE_ANGLE_UNIT() SI_UNIT($,.RADIAN.) );
#10371 = ( NAMED_UNIT(*) SI_UNIT($,.STERADIAN.) SOLID_ANGLE_UNIT() );
#10372 = UNCERTAINTY_MEASURE_WITH_UNIT(LENGTH_MEASURE(1.E-07),#10369,
  'distance_accuracy_value','confusion accuracy');
#10373 = CONTEXT_DEPENDENT_SHAPE_REPRESENTATION(#10374,#10376);
#10374 = ( REPRESENTATION_RELATIONSHIP('','',#10363,#10) 
REPRESENTATION_RELATIONSHIP_WITH_TRANSFORMATION(#10375) 
SHAPE_REPRESENTATION_RELATIONSHIP() );
#10375 = ITEM_DEFINED_TRANSFORMATION('','',#11,#47);
#10376 = PRODUCT_DEFINITION_SHAPE('Placement','Placement of an item',
  #10377);
#10377 = NEXT_ASSEMBLY_USAGE_OCCURRENCE('16','K1','',#5,#10358,$);
#10378 = PRODUCT_RELATED_PRODUCT_CATEGORY('part',$,(#10360));
#10379 = SHAPE_DEFINITION_REPRESENTATION(#10380,#10386);
#10380 = PRODUCT_DEFINITION_SHAPE('','',#10381);
#10381 = PRODUCT_DEFINITION('design','',#10382,#10385);
#10382 = PRODUCT_DEFINITION_FORMATION('','',#10383);
#10383 = PRODUCT('G5Q_14_EU','G5Q_14_EU','',(#10384));
#10384 = PRODUCT_CONTEXT('',#2,'mechanical');
#10385 = PRODUCT_DEFINITION_CONTEXT('part definition',#2,'design');
#10386 = ADVANCED_BREP_SHAPE_REPRESENTATION('',(#11,#10387),#12077);
#10387 = MANIFOLD_SOLID_BREP('',#10388);
#10388 = CLOSED_SHELL('',(#10389,#10429,#10460,#10782,#10806,#10823,
    #10835,#10866,#10943,#10974,#10998,#11029,#11060,#11077,#11108,
    #11132,#11156,#11180,#11204,#11235,#11266,#11283,#11314,#11338,
    #11362,#11393,#11417,#11441,#11458,#11489,#11531,#11548,#11565,
    #11582,#11599,#11616,#11633,#11650,#11667,#11679,#11691,#11757,
    #11769,#11781,#11793,#11805,#11817,#11829,#11860,#11891,#11923,
    #11940,#11957,#11975,#11987,#12017,#12049,#12067));
#10389 = ADVANCED_FACE('',(#10390),#10424,.F.);
#10390 = FACE_BOUND('',#10391,.T.);
#10391 = EDGE_LOOP('',(#10392,#10402,#10410,#10418));
#10392 = ORIENTED_EDGE('',*,*,#10393,.F.);
#10393 = EDGE_CURVE('',#10394,#10396,#10398,.T.);
#10394 = VERTEX_POINT('',#10395);
#10395 = CARTESIAN_POINT('',(10.025,0.4,-0.5));
#10396 = VERTEX_POINT('',#10397);
#10397 = CARTESIAN_POINT('',(10.025,0.4,0.5));
#10398 = LINE('',#10399,#10400);
#10399 = CARTESIAN_POINT('',(10.025,0.4,0.5));
#10400 = VECTOR('',#10401,1.);
#10401 = DIRECTION('',(0.,0.,1.));
#10402 = ORIENTED_EDGE('',*,*,#10403,.T.);
#10403 = EDGE_CURVE('',#10394,#10404,#10406,.T.);
#10404 = VERTEX_POINT('',#10405);
#10405 = CARTESIAN_POINT('',(10.025,-3.4,-0.5));
#10406 = LINE('',#10407,#10408);
#10407 = CARTESIAN_POINT('',(10.025,1.435808862677,-0.5));
#10408 = VECTOR('',#10409,1.);
#10409 = DIRECTION('',(0.,-1.,0.));
#10410 = ORIENTED_EDGE('',*,*,#10411,.T.);
#10411 = EDGE_CURVE('',#10404,#10412,#10414,.T.);
#10412 = VERTEX_POINT('',#10413);
#10413 = CARTESIAN_POINT('',(10.025,-3.4,0.5));
#10414 = LINE('',#10415,#10416);
#10415 = CARTESIAN_POINT('',(10.025,-3.4,0.5));
#10416 = VECTOR('',#10417,1.);
#10417 = DIRECTION('',(0.,0.,1.));
#10418 = ORIENTED_EDGE('',*,*,#10419,.F.);
#10419 = EDGE_CURVE('',#10396,#10412,#10420,.T.);
#10420 = LINE('',#10421,#10422);
#10421 = CARTESIAN_POINT('',(10.025,1.435808862677,0.5));
#10422 = VECTOR('',#10423,1.);
#10423 = DIRECTION('',(0.,-1.,0.));
#10424 = PLANE('',#10425);
#10425 = AXIS2_PLACEMENT_3D('',#10426,#10427,#10428);
#10426 = CARTESIAN_POINT('',(10.025,1.435808862677,0.5));
#10427 = DIRECTION('',(1.,0.,0.));
#10428 = DIRECTION('',(0.,0.,-1.));
#10429 = ADVANCED_FACE('',(#10430),#10455,.F.);
#10430 = FACE_BOUND('',#10431,.T.);
#10431 = EDGE_LOOP('',(#10432,#10440,#10448,#10454));
#10432 = ORIENTED_EDGE('',*,*,#10433,.F.);
#10433 = EDGE_CURVE('',#10434,#10394,#10436,.T.);
#10434 = VERTEX_POINT('',#10435);
#10435 = CARTESIAN_POINT('',(10.295,0.4,-0.5));
#10436 = LINE('',#10437,#10438);
#10437 = CARTESIAN_POINT('',(10.025,0.4,-0.5));
#10438 = VECTOR('',#10439,1.);
#10439 = DIRECTION('',(-1.,0.,0.));
#10440 = ORIENTED_EDGE('',*,*,#10441,.T.);
#10441 = EDGE_CURVE('',#10434,#10442,#10444,.T.);
#10442 = VERTEX_POINT('',#10443);
#10443 = CARTESIAN_POINT('',(10.295,-3.4,-0.5));
#10444 = LINE('',#10445,#10446);
#10445 = CARTESIAN_POINT('',(10.295,1.435808862677,-0.5));
#10446 = VECTOR('',#10447,1.);
#10447 = DIRECTION('',(0.,-1.,0.));
#10448 = ORIENTED_EDGE('',*,*,#10449,.T.);
#10449 = EDGE_CURVE('',#10442,#10404,#10450,.T.);
#10450 = LINE('',#10451,#10452);
#10451 = CARTESIAN_POINT('',(10.025,-3.4,-0.5));
#10452 = VECTOR('',#10453,1.);
#10453 = DIRECTION('',(-1.,0.,0.));
#10454 = ORIENTED_EDGE('',*,*,#10403,.F.);
#10455 = PLANE('',#10456);
#10456 = AXIS2_PLACEMENT_3D('',#10457,#10458,#10459);
#10457 = CARTESIAN_POINT('',(10.025,1.435808862677,-0.5));
#10458 = DIRECTION('',(0.,0.,1.));
#10459 = DIRECTION('',(1.,0.,-0.));
#10460 = ADVANCED_FACE('',(#10461,#10495,#10529,#10691,#10725,#10743),
  #10777,.F.);
#10461 = FACE_BOUND('',#10462,.T.);
#10462 = EDGE_LOOP('',(#10463,#10473,#10481,#10489));
#10463 = ORIENTED_EDGE('',*,*,#10464,.T.);
#10464 = EDGE_CURVE('',#10465,#10467,#10469,.T.);
#10465 = VERTEX_POINT('',#10466);
#10466 = CARTESIAN_POINT('',(17.645,0.4,-0.5));
#10467 = VERTEX_POINT('',#10468);
#10468 = CARTESIAN_POINT('',(17.645,0.4,0.5));
#10469 = LINE('',#10470,#10471);
#10470 = CARTESIAN_POINT('',(17.645,0.4,0.5));
#10471 = VECTOR('',#10472,1.);
#10472 = DIRECTION('',(0.,0.,1.));
#10473 = ORIENTED_EDGE('',*,*,#10474,.T.);
#10474 = EDGE_CURVE('',#10467,#10475,#10477,.T.);
#10475 = VERTEX_POINT('',#10476);
#10476 = CARTESIAN_POINT('',(17.915,0.4,0.5));
#10477 = LINE('',#10478,#10479);
#10478 = CARTESIAN_POINT('',(17.645,0.4,0.5));
#10479 = VECTOR('',#10480,1.);
#10480 = DIRECTION('',(1.,0.,0.));
#10481 = ORIENTED_EDGE('',*,*,#10482,.T.);
#10482 = EDGE_CURVE('',#10475,#10483,#10485,.T.);
#10483 = VERTEX_POINT('',#10484);
#10484 = CARTESIAN_POINT('',(17.915,0.4,-0.5));
#10485 = LINE('',#10486,#10487);
#10486 = CARTESIAN_POINT('',(17.915,0.4,0.5));
#10487 = VECTOR('',#10488,1.);
#10488 = DIRECTION('',(0.,0.,-1.));
#10489 = ORIENTED_EDGE('',*,*,#10490,.T.);
#10490 = EDGE_CURVE('',#10483,#10465,#10491,.T.);
#10491 = LINE('',#10492,#10493);
#10492 = CARTESIAN_POINT('',(17.645,0.4,-0.5));
#10493 = VECTOR('',#10494,1.);
#10494 = DIRECTION('',(-1.,0.,0.));
#10495 = FACE_BOUND('',#10496,.T.);
#10496 = EDGE_LOOP('',(#10497,#10507,#10515,#10523));
#10497 = ORIENTED_EDGE('',*,*,#10498,.T.);
#10498 = EDGE_CURVE('',#10499,#10501,#10503,.T.);
#10499 = VERTEX_POINT('',#10500);
#10500 = CARTESIAN_POINT('',(-0.2,0.4,-7.42));
#10501 = VERTEX_POINT('',#10502);
#10502 = CARTESIAN_POINT('',(0.2,0.4,-7.42));
#10503 = LINE('',#10504,#10505);
#10504 = CARTESIAN_POINT('',(-0.2,0.4,-7.42));
#10505 = VECTOR('',#10506,1.);
#10506 = DIRECTION('',(1.,0.,0.));
#10507 = ORIENTED_EDGE('',*,*,#10508,.T.);
#10508 = EDGE_CURVE('',#10501,#10509,#10511,.T.);
#10509 = VERTEX_POINT('',#10510);
#10510 = CARTESIAN_POINT('',(0.2,0.4,-7.82));
#10511 = LINE('',#10512,#10513);
#10512 = CARTESIAN_POINT('',(0.2,0.4,-7.42));
#10513 = VECTOR('',#10514,1.);
#10514 = DIRECTION('',(0.,0.,-1.));
#10515 = ORIENTED_EDGE('',*,*,#10516,.T.);
#10516 = EDGE_CURVE('',#10509,#10517,#10519,.T.);
#10517 = VERTEX_POINT('',#10518);
#10518 = CARTESIAN_POINT('',(-0.2,0.4,-7.82));
#10519 = LINE('',#10520,#10521);
#10520 = CARTESIAN_POINT('',(-0.2,0.4,-7.82));
#10521 = VECTOR('',#10522,1.);
#10522 = DIRECTION('',(-1.,0.,0.));
#10523 = ORIENTED_EDGE('',*,*,#10524,.T.);
#10524 = EDGE_CURVE('',#10517,#10499,#10525,.T.);
#10525 = LINE('',#10526,#10527);
#10526 = CARTESIAN_POINT('',(-0.2,0.4,-7.42));
#10527 = VECTOR('',#10528,1.);
#10528 = DIRECTION('',(0.,0.,1.));
#10529 = FACE_BOUND('',#10530,.T.);
#10530 = EDGE_LOOP('',(#10531,#10541,#10549,#10557,#10565,#10573,#10581,
    #10589,#10597,#10605,#10613,#10621,#10629,#10637,#10645,#10653,
    #10661,#10669,#10677,#10685));
#10531 = ORIENTED_EDGE('',*,*,#10532,.F.);
#10532 = EDGE_CURVE('',#10533,#10535,#10537,.T.);
#10533 = VERTEX_POINT('',#10534);
#10534 = CARTESIAN_POINT('',(16.105,0.4,-8.31));
#10535 = VERTEX_POINT('',#10536);
#10536 = CARTESIAN_POINT('',(16.105,0.4,-8.96));
#10537 = LINE('',#10538,#10539);
#10538 = CARTESIAN_POINT('',(16.105,0.4,-8.96));
#10539 = VECTOR('',#10540,1.);
#10540 = DIRECTION('',(-1.067522139063E-14,0.,-1.));
#10541 = ORIENTED_EDGE('',*,*,#10542,.F.);
#10542 = EDGE_CURVE('',#10543,#10533,#10545,.T.);
#10543 = VERTEX_POINT('',#10544);
#10544 = CARTESIAN_POINT('',(17.005,0.4,-8.31));
#10545 = LINE('',#10546,#10547);
#10546 = CARTESIAN_POINT('',(16.105,0.4,-8.31));
#10547 = VECTOR('',#10548,1.);
#10548 = DIRECTION('',(-1.,0.,0.));
#10549 = ORIENTED_EDGE('',*,*,#10550,.F.);
#10550 = EDGE_CURVE('',#10551,#10543,#10553,.T.);
#10551 = VERTEX_POINT('',#10552);
#10552 = CARTESIAN_POINT('',(17.005,0.4,-8.96));
#10553 = LINE('',#10554,#10555);
#10554 = CARTESIAN_POINT('',(17.005,0.4,-8.96));
#10555 = VECTOR('',#10556,1.);
#10556 = DIRECTION('',(-1.067522139063E-14,0.,1.));
#10557 = ORIENTED_EDGE('',*,*,#10558,.F.);
#10558 = EDGE_CURVE('',#10559,#10551,#10561,.T.);
#10559 = VERTEX_POINT('',#10560);
#10560 = CARTESIAN_POINT('',(18.97,0.4,-8.96));
#10561 = LINE('',#10562,#10563);
#10562 = CARTESIAN_POINT('',(-1.33,0.4,-8.96));
#10563 = VECTOR('',#10564,1.);
#10564 = DIRECTION('',(-1.,0.,0.));
#10565 = ORIENTED_EDGE('',*,*,#10566,.F.);
#10566 = EDGE_CURVE('',#10567,#10559,#10569,.T.);
#10567 = VERTEX_POINT('',#10568);
#10568 = CARTESIAN_POINT('',(18.97,0.4,1.34));
#10569 = LINE('',#10570,#10571);
#10570 = CARTESIAN_POINT('',(18.97,0.4,-8.96));
#10571 = VECTOR('',#10572,1.);
#10572 = DIRECTION('',(0.,0.,-1.));
#10573 = ORIENTED_EDGE('',*,*,#10574,.F.);
#10574 = EDGE_CURVE('',#10575,#10567,#10577,.T.);
#10575 = VERTEX_POINT('',#10576);
#10576 = CARTESIAN_POINT('',(17.005,0.4,1.34));
#10577 = LINE('',#10578,#10579);
#10578 = CARTESIAN_POINT('',(-1.33,0.4,1.34));
#10579 = VECTOR('',#10580,1.);
#10580 = DIRECTION('',(1.,0.,0.));
#10581 = ORIENTED_EDGE('',*,*,#10582,.F.);
#10582 = EDGE_CURVE('',#10583,#10575,#10585,.T.);
#10583 = VERTEX_POINT('',#10584);
#10584 = CARTESIAN_POINT('',(17.005,0.4,0.69));
#10585 = LINE('',#10586,#10587);
#10586 = CARTESIAN_POINT('',(17.005,0.4,1.34));
#10587 = VECTOR('',#10588,1.);
#10588 = DIRECTION('',(1.067522139063E-14,0.,1.));
#10589 = ORIENTED_EDGE('',*,*,#10590,.F.);
#10590 = EDGE_CURVE('',#10591,#10583,#10593,.T.);
#10591 = VERTEX_POINT('',#10592);
#10592 = CARTESIAN_POINT('',(16.105,0.4,0.69));
#10593 = LINE('',#10594,#10595);
#10594 = CARTESIAN_POINT('',(16.105,0.4,0.69));
#10595 = VECTOR('',#10596,1.);
#10596 = DIRECTION('',(1.,0.,1.204669080539E-16));
#10597 = ORIENTED_EDGE('',*,*,#10598,.F.);
#10598 = EDGE_CURVE('',#10599,#10591,#10601,.T.);
#10599 = VERTEX_POINT('',#10600);
#10600 = CARTESIAN_POINT('',(16.105,0.4,1.34));
#10601 = LINE('',#10602,#10603);
#10602 = CARTESIAN_POINT('',(16.105,0.4,1.34));
#10603 = VECTOR('',#10604,1.);
#10604 = DIRECTION('',(1.067522139063E-14,0.,-1.));
#10605 = ORIENTED_EDGE('',*,*,#10606,.F.);
#10606 = EDGE_CURVE('',#10607,#10599,#10609,.T.);
#10607 = VERTEX_POINT('',#10608);
#10608 = CARTESIAN_POINT('',(3.105,0.4,1.34));
#10609 = LINE('',#10610,#10611);
#10610 = CARTESIAN_POINT('',(-1.33,0.4,1.34));
#10611 = VECTOR('',#10612,1.);
#10612 = DIRECTION('',(1.,0.,0.));
#10613 = ORIENTED_EDGE('',*,*,#10614,.F.);
#10614 = EDGE_CURVE('',#10615,#10607,#10617,.T.);
#10615 = VERTEX_POINT('',#10616);
#10616 = CARTESIAN_POINT('',(3.105,0.4,0.69));
#10617 = LINE('',#10618,#10619);
#10618 = CARTESIAN_POINT('',(3.105,0.4,1.34));
#10619 = VECTOR('',#10620,1.);
#10620 = DIRECTION('',(0.,0.,1.));
#10621 = ORIENTED_EDGE('',*,*,#10622,.F.);
#10622 = EDGE_CURVE('',#10623,#10615,#10625,.T.);
#10623 = VERTEX_POINT('',#10624);
#10624 = CARTESIAN_POINT('',(2.205,0.4,0.69));
#10625 = LINE('',#10626,#10627);
#10626 = CARTESIAN_POINT('',(2.205,0.4,0.69));
#10627 = VECTOR('',#10628,1.);
#10628 = DIRECTION('',(1.,0.,1.204669080539E-16));
#10629 = ORIENTED_EDGE('',*,*,#10630,.F.);
#10630 = EDGE_CURVE('',#10631,#10623,#10633,.T.);
#10631 = VERTEX_POINT('',#10632);
#10632 = CARTESIAN_POINT('',(2.205,0.4,1.34));
#10633 = LINE('',#10634,#10635);
#10634 = CARTESIAN_POINT('',(2.205,0.4,1.34));
#10635 = VECTOR('',#10636,1.);
#10636 = DIRECTION('',(0.,0.,-1.));
#10637 = ORIENTED_EDGE('',*,*,#10638,.F.);
#10638 = EDGE_CURVE('',#10639,#10631,#10641,.T.);
#10639 = VERTEX_POINT('',#10640);
#10640 = CARTESIAN_POINT('',(-1.33,0.4,1.34));
#10641 = LINE('',#10642,#10643);
#10642 = CARTESIAN_POINT('',(-1.33,0.4,1.34));
#10643 = VECTOR('',#10644,1.);
#10644 = DIRECTION('',(1.,0.,0.));
#10645 = ORIENTED_EDGE('',*,*,#10646,.F.);
#10646 = EDGE_CURVE('',#10647,#10639,#10649,.T.);
#10647 = VERTEX_POINT('',#10648);
#10648 = CARTESIAN_POINT('',(-1.33,0.4,-8.96));
#10649 = LINE('',#10650,#10651);
#10650 = CARTESIAN_POINT('',(-1.33,0.4,-8.96));
#10651 = VECTOR('',#10652,1.);
#10652 = DIRECTION('',(0.,0.,1.));
#10653 = ORIENTED_EDGE('',*,*,#10654,.F.);
#10654 = EDGE_CURVE('',#10655,#10647,#10657,.T.);
#10655 = VERTEX_POINT('',#10656);
#10656 = CARTESIAN_POINT('',(2.205,0.4,-8.96));
#10657 = LINE('',#10658,#10659);
#10658 = CARTESIAN_POINT('',(-1.33,0.4,-8.96));
#10659 = VECTOR('',#10660,1.);
#10660 = DIRECTION('',(-1.,0.,0.));
#10661 = ORIENTED_EDGE('',*,*,#10662,.F.);
#10662 = EDGE_CURVE('',#10663,#10655,#10665,.T.);
#10663 = VERTEX_POINT('',#10664);
#10664 = CARTESIAN_POINT('',(2.205,0.4,-8.31));
#10665 = LINE('',#10666,#10667);
#10666 = CARTESIAN_POINT('',(2.205,0.4,-8.96));
#10667 = VECTOR('',#10668,1.);
#10668 = DIRECTION('',(0.,0.,-1.));
#10669 = ORIENTED_EDGE('',*,*,#10670,.F.);
#10670 = EDGE_CURVE('',#10671,#10663,#10673,.T.);
#10671 = VERTEX_POINT('',#10672);
#10672 = CARTESIAN_POINT('',(3.105,0.4,-8.31));
#10673 = LINE('',#10674,#10675);
#10674 = CARTESIAN_POINT('',(2.205,0.4,-8.31));
#10675 = VECTOR('',#10676,1.);
#10676 = DIRECTION('',(-1.,0.,1.927470528863E-15));
#10677 = ORIENTED_EDGE('',*,*,#10678,.F.);
#10678 = EDGE_CURVE('',#10679,#10671,#10681,.T.);
#10679 = VERTEX_POINT('',#10680);
#10680 = CARTESIAN_POINT('',(3.105,0.4,-8.96));
#10681 = LINE('',#10682,#10683);
#10682 = CARTESIAN_POINT('',(3.105,0.4,-8.96));
#10683 = VECTOR('',#10684,1.);
#10684 = DIRECTION('',(0.,0.,1.));
#10685 = ORIENTED_EDGE('',*,*,#10686,.F.);
#10686 = EDGE_CURVE('',#10535,#10679,#10687,.T.);
#10687 = LINE('',#10688,#10689);
#10688 = CARTESIAN_POINT('',(-1.33,0.4,-8.96));
#10689 = VECTOR('',#10690,1.);
#10690 = DIRECTION('',(-1.,0.,0.));
#10691 = FACE_BOUND('',#10692,.T.);
#10692 = EDGE_LOOP('',(#10693,#10703,#10711,#10719));
#10693 = ORIENTED_EDGE('',*,*,#10694,.T.);
#10694 = EDGE_CURVE('',#10695,#10697,#10699,.T.);
#10695 = VERTEX_POINT('',#10696);
#10696 = CARTESIAN_POINT('',(-0.2,0.4,0.2));
#10697 = VERTEX_POINT('',#10698);
#10698 = CARTESIAN_POINT('',(0.2,0.4,0.2));
#10699 = LINE('',#10700,#10701);
#10700 = CARTESIAN_POINT('',(-0.2,0.4,0.2));
#10701 = VECTOR('',#10702,1.);
#10702 = DIRECTION('',(1.,0.,0.));
#10703 = ORIENTED_EDGE('',*,*,#10704,.T.);
#10704 = EDGE_CURVE('',#10697,#10705,#10707,.T.);
#10705 = VERTEX_POINT('',#10706);
#10706 = CARTESIAN_POINT('',(0.2,0.4,-0.2));
#10707 = LINE('',#10708,#10709);
#10708 = CARTESIAN_POINT('',(0.2,0.4,0.2));
#10709 = VECTOR('',#10710,1.);
#10710 = DIRECTION('',(0.,0.,-1.));
#10711 = ORIENTED_EDGE('',*,*,#10712,.T.);
#10712 = EDGE_CURVE('',#10705,#10713,#10715,.T.);
#10713 = VERTEX_POINT('',#10714);
#10714 = CARTESIAN_POINT('',(-0.2,0.4,-0.2));
#10715 = LINE('',#10716,#10717);
#10716 = CARTESIAN_POINT('',(-0.2,0.4,-0.2));
#10717 = VECTOR('',#10718,1.);
#10718 = DIRECTION('',(-1.,0.,0.));
#10719 = ORIENTED_EDGE('',*,*,#10720,.T.);
#10720 = EDGE_CURVE('',#10713,#10695,#10721,.T.);
#10721 = LINE('',#10722,#10723);
#10722 = CARTESIAN_POINT('',(-0.2,0.4,0.2));
#10723 = VECTOR('',#10724,1.);
#10724 = DIRECTION('',(0.,0.,1.));
#10725 = FACE_BOUND('',#10726,.T.);
#10726 = EDGE_LOOP('',(#10727,#10735,#10741,#10742));
#10727 = ORIENTED_EDGE('',*,*,#10728,.T.);
#10728 = EDGE_CURVE('',#10396,#10729,#10731,.T.);
#10729 = VERTEX_POINT('',#10730);
#10730 = CARTESIAN_POINT('',(10.295,0.4,0.5));
#10731 = LINE('',#10732,#10733);
#10732 = CARTESIAN_POINT('',(10.025,0.4,0.5));
#10733 = VECTOR('',#10734,1.);
#10734 = DIRECTION('',(1.,0.,0.));
#10735 = ORIENTED_EDGE('',*,*,#10736,.T.);
#10736 = EDGE_CURVE('',#10729,#10434,#10737,.T.);
#10737 = LINE('',#10738,#10739);
#10738 = CARTESIAN_POINT('',(10.295,0.4,0.5));
#10739 = VECTOR('',#10740,1.);
#10740 = DIRECTION('',(0.,0.,-1.));
#10741 = ORIENTED_EDGE('',*,*,#10433,.T.);
#10742 = ORIENTED_EDGE('',*,*,#10393,.T.);
#10743 = FACE_BOUND('',#10744,.T.);
#10744 = EDGE_LOOP('',(#10745,#10755,#10763,#10771));
#10745 = ORIENTED_EDGE('',*,*,#10746,.T.);
#10746 = EDGE_CURVE('',#10747,#10749,#10751,.T.);
#10747 = VERTEX_POINT('',#10748);
#10748 = CARTESIAN_POINT('',(15.105,0.4,-8.12));
#10749 = VERTEX_POINT('',#10750);
#10750 = CARTESIAN_POINT('',(15.105,0.4,-7.12));
#10751 = LINE('',#10752,#10753);
#10752 = CARTESIAN_POINT('',(15.105,0.4,-7.12));
#10753 = VECTOR('',#10754,1.);
#10754 = DIRECTION('',(0.,0.,1.));
#10755 = ORIENTED_EDGE('',*,*,#10756,.T.);
#10756 = EDGE_CURVE('',#10749,#10757,#10759,.T.);
#10757 = VERTEX_POINT('',#10758);
#10758 = CARTESIAN_POINT('',(15.375,0.4,-7.12));
#10759 = LINE('',#10760,#10761);
#10760 = CARTESIAN_POINT('',(15.105,0.4,-7.12));
#10761 = VECTOR('',#10762,1.);
#10762 = DIRECTION('',(1.,0.,0.));
#10763 = ORIENTED_EDGE('',*,*,#10764,.T.);
#10764 = EDGE_CURVE('',#10757,#10765,#10767,.T.);
#10765 = VERTEX_POINT('',#10766);
#10766 = CARTESIAN_POINT('',(15.375,0.4,-8.12));
#10767 = LINE('',#10768,#10769);
#10768 = CARTESIAN_POINT('',(15.375,0.4,-7.12));
#10769 = VECTOR('',#10770,1.);
#10770 = DIRECTION('',(0.,0.,-1.));
#10771 = ORIENTED_EDGE('',*,*,#10772,.T.);
#10772 = EDGE_CURVE('',#10765,#10747,#10773,.T.);
#10773 = LINE('',#10774,#10775);
#10774 = CARTESIAN_POINT('',(15.105,0.4,-8.12));
#10775 = VECTOR('',#10776,1.);
#10776 = DIRECTION('',(-1.,0.,0.));
#10777 = PLANE('',#10778);
#10778 = AXIS2_PLACEMENT_3D('',#10779,#10780,#10781);
#10779 = CARTESIAN_POINT('',(-1.33,0.4,1.34));
#10780 = DIRECTION('',(0.,1.,0.));
#10781 = DIRECTION('',(0.,-0.,1.));
#10782 = ADVANCED_FACE('',(#10783),#10801,.F.);
#10783 = FACE_BOUND('',#10784,.T.);
#10784 = EDGE_LOOP('',(#10785,#10786,#10787,#10795));
#10785 = ORIENTED_EDGE('',*,*,#10728,.F.);
#10786 = ORIENTED_EDGE('',*,*,#10419,.T.);
#10787 = ORIENTED_EDGE('',*,*,#10788,.T.);
#10788 = EDGE_CURVE('',#10412,#10789,#10791,.T.);
#10789 = VERTEX_POINT('',#10790);
#10790 = CARTESIAN_POINT('',(10.295,-3.4,0.5));
#10791 = LINE('',#10792,#10793);
#10792 = CARTESIAN_POINT('',(10.025,-3.4,0.5));
#10793 = VECTOR('',#10794,1.);
#10794 = DIRECTION('',(1.,0.,0.));
#10795 = ORIENTED_EDGE('',*,*,#10796,.F.);
#10796 = EDGE_CURVE('',#10729,#10789,#10797,.T.);
#10797 = LINE('',#10798,#10799);
#10798 = CARTESIAN_POINT('',(10.295,1.435808862677,0.5));
#10799 = VECTOR('',#10800,1.);
#10800 = DIRECTION('',(0.,-1.,0.));
#10801 = PLANE('',#10802);
#10802 = AXIS2_PLACEMENT_3D('',#10803,#10804,#10805);
#10803 = CARTESIAN_POINT('',(10.025,1.435808862677,0.5));
#10804 = DIRECTION('',(0.,0.,-1.));
#10805 = DIRECTION('',(-1.,0.,0.));
#10806 = ADVANCED_FACE('',(#10807),#10818,.T.);
#10807 = FACE_BOUND('',#10808,.T.);
#10808 = EDGE_LOOP('',(#10809,#10810,#10811,#10817));
#10809 = ORIENTED_EDGE('',*,*,#10411,.F.);
#10810 = ORIENTED_EDGE('',*,*,#10449,.F.);
#10811 = ORIENTED_EDGE('',*,*,#10812,.F.);
#10812 = EDGE_CURVE('',#10789,#10442,#10813,.T.);
#10813 = LINE('',#10814,#10815);
#10814 = CARTESIAN_POINT('',(10.295,-3.4,0.5));
#10815 = VECTOR('',#10816,1.);
#10816 = DIRECTION('',(0.,0.,-1.));
#10817 = ORIENTED_EDGE('',*,*,#10788,.F.);
#10818 = PLANE('',#10819);
#10819 = AXIS2_PLACEMENT_3D('',#10820,#10821,#10822);
#10820 = CARTESIAN_POINT('',(-0.2,-3.4,-0.2));
#10821 = DIRECTION('',(0.,-1.,0.));
#10822 = DIRECTION('',(0.,0.,-1.));
#10823 = ADVANCED_FACE('',(#10824),#10830,.F.);
#10824 = FACE_BOUND('',#10825,.T.);
#10825 = EDGE_LOOP('',(#10826,#10827,#10828,#10829));
#10826 = ORIENTED_EDGE('',*,*,#10736,.F.);
#10827 = ORIENTED_EDGE('',*,*,#10796,.T.);
#10828 = ORIENTED_EDGE('',*,*,#10812,.T.);
#10829 = ORIENTED_EDGE('',*,*,#10441,.F.);
#10830 = PLANE('',#10831);
#10831 = AXIS2_PLACEMENT_3D('',#10832,#10833,#10834);
#10832 = CARTESIAN_POINT('',(10.295,1.435808862677,0.5));
#10833 = DIRECTION('',(-1.,0.,0.));
#10834 = DIRECTION('',(0.,0.,1.));
#10835 = ADVANCED_FACE('',(#10836),#10861,.F.);
#10836 = FACE_BOUND('',#10837,.T.);
#10837 = EDGE_LOOP('',(#10838,#10839,#10847,#10855));
#10838 = ORIENTED_EDGE('',*,*,#10704,.F.);
#10839 = ORIENTED_EDGE('',*,*,#10840,.T.);
#10840 = EDGE_CURVE('',#10697,#10841,#10843,.T.);
#10841 = VERTEX_POINT('',#10842);
#10842 = CARTESIAN_POINT('',(0.2,-3.4,0.2));
#10843 = LINE('',#10844,#10845);
#10844 = CARTESIAN_POINT('',(0.2,0.965685424949,0.2));
#10845 = VECTOR('',#10846,1.);
#10846 = DIRECTION('',(0.,-1.,0.));
#10847 = ORIENTED_EDGE('',*,*,#10848,.T.);
#10848 = EDGE_CURVE('',#10841,#10849,#10851,.T.);
#10849 = VERTEX_POINT('',#10850);
#10850 = CARTESIAN_POINT('',(0.2,-3.4,-0.2));
#10851 = LINE('',#10852,#10853);
#10852 = CARTESIAN_POINT('',(0.2,-3.4,0.2));
#10853 = VECTOR('',#10854,1.);
#10854 = DIRECTION('',(0.,0.,-1.));
#10855 = ORIENTED_EDGE('',*,*,#10856,.F.);
#10856 = EDGE_CURVE('',#10705,#10849,#10857,.T.);
#10857 = LINE('',#10858,#10859);
#10858 = CARTESIAN_POINT('',(0.2,0.965685424949,-0.2));
#10859 = VECTOR('',#10860,1.);
#10860 = DIRECTION('',(0.,-1.,0.));
#10861 = PLANE('',#10862);
#10862 = AXIS2_PLACEMENT_3D('',#10863,#10864,#10865);
#10863 = CARTESIAN_POINT('',(0.2,0.965685424949,0.2));
#10864 = DIRECTION('',(-1.,0.,0.));
#10865 = DIRECTION('',(0.,0.,1.));
#10866 = ADVANCED_FACE('',(#10867),#10938,.F.);
#10867 = FACE_BOUND('',#10868,.T.);
#10868 = EDGE_LOOP('',(#10869,#10870,#10878,#10886,#10892,#10893,#10901,
    #10909,#10915,#10916,#10924,#10932));
#10869 = ORIENTED_EDGE('',*,*,#10558,.T.);
#10870 = ORIENTED_EDGE('',*,*,#10871,.F.);
#10871 = EDGE_CURVE('',#10872,#10551,#10874,.T.);
#10872 = VERTEX_POINT('',#10873);
#10873 = CARTESIAN_POINT('',(17.005,0.,-8.96));
#10874 = LINE('',#10875,#10876);
#10875 = CARTESIAN_POINT('',(17.005,-1.110180165559,-8.96));
#10876 = VECTOR('',#10877,1.);
#10877 = DIRECTION('',(0.,1.,0.));
#10878 = ORIENTED_EDGE('',*,*,#10879,.T.);
#10879 = EDGE_CURVE('',#10872,#10880,#10882,.T.);
#10880 = VERTEX_POINT('',#10881);
#10881 = CARTESIAN_POINT('',(16.105,0.,-8.96));
#10882 = LINE('',#10883,#10884);
#10883 = CARTESIAN_POINT('',(16.105,0.,-8.96));
#10884 = VECTOR('',#10885,1.);
#10885 = DIRECTION('',(-1.,0.,0.));
#10886 = ORIENTED_EDGE('',*,*,#10887,.T.);
#10887 = EDGE_CURVE('',#10880,#10535,#10888,.T.);
#10888 = LINE('',#10889,#10890);
#10889 = CARTESIAN_POINT('',(16.105,-1.110180165559,-8.96));
#10890 = VECTOR('',#10891,1.);
#10891 = DIRECTION('',(0.,1.,0.));
#10892 = ORIENTED_EDGE('',*,*,#10686,.T.);
#10893 = ORIENTED_EDGE('',*,*,#10894,.F.);
#10894 = EDGE_CURVE('',#10895,#10679,#10897,.T.);
#10895 = VERTEX_POINT('',#10896);
#10896 = CARTESIAN_POINT('',(3.105,0.,-8.96));
#10897 = LINE('',#10898,#10899);
#10898 = CARTESIAN_POINT('',(3.105,-1.110180165559,-8.96));
#10899 = VECTOR('',#10900,1.);
#10900 = DIRECTION('',(0.,1.,0.));
#10901 = ORIENTED_EDGE('',*,*,#10902,.T.);
#10902 = EDGE_CURVE('',#10895,#10903,#10905,.T.);
#10903 = VERTEX_POINT('',#10904);
#10904 = CARTESIAN_POINT('',(2.205,0.,-8.96));
#10905 = LINE('',#10906,#10907);
#10906 = CARTESIAN_POINT('',(2.205,0.,-8.96));
#10907 = VECTOR('',#10908,1.);
#10908 = DIRECTION('',(-1.,0.,0.));
#10909 = ORIENTED_EDGE('',*,*,#10910,.T.);
#10910 = EDGE_CURVE('',#10903,#10655,#10911,.T.);
#10911 = LINE('',#10912,#10913);
#10912 = CARTESIAN_POINT('',(2.205,-1.110180165559,-8.96));
#10913 = VECTOR('',#10914,1.);
#10914 = DIRECTION('',(0.,1.,0.));
#10915 = ORIENTED_EDGE('',*,*,#10654,.T.);
#10916 = ORIENTED_EDGE('',*,*,#10917,.F.);
#10917 = EDGE_CURVE('',#10918,#10647,#10920,.T.);
#10918 = VERTEX_POINT('',#10919);
#10919 = CARTESIAN_POINT('',(-1.33,16.2,-8.96));
#10920 = LINE('',#10921,#10922);
#10921 = CARTESIAN_POINT('',(-1.33,16.2,-8.96));
#10922 = VECTOR('',#10923,1.);
#10923 = DIRECTION('',(0.,-1.,0.));
#10924 = ORIENTED_EDGE('',*,*,#10925,.F.);
#10925 = EDGE_CURVE('',#10926,#10918,#10928,.T.);
#10926 = VERTEX_POINT('',#10927);
#10927 = CARTESIAN_POINT('',(18.97,16.2,-8.96));
#10928 = LINE('',#10929,#10930);
#10929 = CARTESIAN_POINT('',(-1.33,16.2,-8.96));
#10930 = VECTOR('',#10931,1.);
#10931 = DIRECTION('',(-1.,0.,0.));
#10932 = ORIENTED_EDGE('',*,*,#10933,.T.);
#10933 = EDGE_CURVE('',#10926,#10559,#10934,.T.);
#10934 = LINE('',#10935,#10936);
#10935 = CARTESIAN_POINT('',(18.97,16.2,-8.96));
#10936 = VECTOR('',#10937,1.);
#10937 = DIRECTION('',(0.,-1.,0.));
#10938 = PLANE('',#10939);
#10939 = AXIS2_PLACEMENT_3D('',#10940,#10941,#10942);
#10940 = CARTESIAN_POINT('',(-1.33,16.2,-8.96));
#10941 = DIRECTION('',(0.,0.,1.));
#10942 = DIRECTION('',(1.,0.,-0.));
#10943 = ADVANCED_FACE('',(#10944),#10969,.F.);
#10944 = FACE_BOUND('',#10945,.T.);
#10945 = EDGE_LOOP('',(#10946,#10947,#10955,#10963));
#10946 = ORIENTED_EDGE('',*,*,#10464,.F.);
#10947 = ORIENTED_EDGE('',*,*,#10948,.T.);
#10948 = EDGE_CURVE('',#10465,#10949,#10951,.T.);
#10949 = VERTEX_POINT('',#10950);
#10950 = CARTESIAN_POINT('',(17.645,-3.4,-0.5));
#10951 = LINE('',#10952,#10953);
#10952 = CARTESIAN_POINT('',(17.645,1.435808862677,-0.5));
#10953 = VECTOR('',#10954,1.);
#10954 = DIRECTION('',(0.,-1.,0.));
#10955 = ORIENTED_EDGE('',*,*,#10956,.T.);
#10956 = EDGE_CURVE('',#10949,#10957,#10959,.T.);
#10957 = VERTEX_POINT('',#10958);
#10958 = CARTESIAN_POINT('',(17.645,-3.4,0.5));
#10959 = LINE('',#10960,#10961);
#10960 = CARTESIAN_POINT('',(17.645,-3.4,0.5));
#10961 = VECTOR('',#10962,1.);
#10962 = DIRECTION('',(0.,0.,1.));
#10963 = ORIENTED_EDGE('',*,*,#10964,.F.);
#10964 = EDGE_CURVE('',#10467,#10957,#10965,.T.);
#10965 = LINE('',#10966,#10967);
#10966 = CARTESIAN_POINT('',(17.645,1.435808862677,0.5));
#10967 = VECTOR('',#10968,1.);
#10968 = DIRECTION('',(0.,-1.,0.));
#10969 = PLANE('',#10970);
#10970 = AXIS2_PLACEMENT_3D('',#10971,#10972,#10973);
#10971 = CARTESIAN_POINT('',(17.645,1.435808862677,0.5));
#10972 = DIRECTION('',(1.,0.,0.));
#10973 = DIRECTION('',(0.,0.,-1.));
#10974 = ADVANCED_FACE('',(#10975),#10993,.F.);
#10975 = FACE_BOUND('',#10976,.T.);
#10976 = EDGE_LOOP('',(#10977,#10978,#10979,#10987));
#10977 = ORIENTED_EDGE('',*,*,#10712,.F.);
#10978 = ORIENTED_EDGE('',*,*,#10856,.T.);
#10979 = ORIENTED_EDGE('',*,*,#10980,.T.);
#10980 = EDGE_CURVE('',#10849,#10981,#10983,.T.);
#10981 = VERTEX_POINT('',#10982);
#10982 = CARTESIAN_POINT('',(-0.2,-3.4,-0.2));
#10983 = LINE('',#10984,#10985);
#10984 = CARTESIAN_POINT('',(-0.2,-3.4,-0.2));
#10985 = VECTOR('',#10986,1.);
#10986 = DIRECTION('',(-1.,0.,0.));
#10987 = ORIENTED_EDGE('',*,*,#10988,.F.);
#10988 = EDGE_CURVE('',#10713,#10981,#10989,.T.);
#10989 = LINE('',#10990,#10991);
#10990 = CARTESIAN_POINT('',(-0.2,0.965685424949,-0.2));
#10991 = VECTOR('',#10992,1.);
#10992 = DIRECTION('',(0.,-1.,0.));
#10993 = PLANE('',#10994);
#10994 = AXIS2_PLACEMENT_3D('',#10995,#10996,#10997);
#10995 = CARTESIAN_POINT('',(-0.2,0.965685424949,-0.2));
#10996 = DIRECTION('',(0.,0.,1.));
#10997 = DIRECTION('',(1.,0.,-0.));
#10998 = ADVANCED_FACE('',(#10999),#11024,.F.);
#10999 = FACE_BOUND('',#11000,.T.);
#11000 = EDGE_LOOP('',(#11001,#11009,#11017,#11023));
#11001 = ORIENTED_EDGE('',*,*,#11002,.F.);
#11002 = EDGE_CURVE('',#11003,#10533,#11005,.T.);
#11003 = VERTEX_POINT('',#11004);
#11004 = CARTESIAN_POINT('',(16.105,0.,-8.31));
#11005 = LINE('',#11006,#11007);
#11006 = CARTESIAN_POINT('',(16.105,-1.110180165559,-8.31));
#11007 = VECTOR('',#11008,1.);
#11008 = DIRECTION('',(0.,1.,0.));
#11009 = ORIENTED_EDGE('',*,*,#11010,.T.);
#11010 = EDGE_CURVE('',#11003,#11011,#11013,.T.);
#11011 = VERTEX_POINT('',#11012);
#11012 = CARTESIAN_POINT('',(17.005,0.,-8.31));
#11013 = LINE('',#11014,#11015);
#11014 = CARTESIAN_POINT('',(16.105,0.,-8.31));
#11015 = VECTOR('',#11016,1.);
#11016 = DIRECTION('',(1.,0.,0.));
#11017 = ORIENTED_EDGE('',*,*,#11018,.T.);
#11018 = EDGE_CURVE('',#11011,#10543,#11019,.T.);
#11019 = LINE('',#11020,#11021);
#11020 = CARTESIAN_POINT('',(17.005,-1.110180165559,-8.31));
#11021 = VECTOR('',#11022,1.);
#11022 = DIRECTION('',(0.,1.,0.));
#11023 = ORIENTED_EDGE('',*,*,#10542,.T.);
#11024 = PLANE('',#11025);
#11025 = AXIS2_PLACEMENT_3D('',#11026,#11027,#11028);
#11026 = CARTESIAN_POINT('',(16.105,-1.110180165559,-8.31));
#11027 = DIRECTION('',(0.,0.,-1.));
#11028 = DIRECTION('',(-1.,0.,0.));
#11029 = ADVANCED_FACE('',(#11030),#11055,.F.);
#11030 = FACE_BOUND('',#11031,.T.);
#11031 = EDGE_LOOP('',(#11032,#11033,#11041,#11049));
#11032 = ORIENTED_EDGE('',*,*,#10524,.F.);
#11033 = ORIENTED_EDGE('',*,*,#11034,.T.);
#11034 = EDGE_CURVE('',#10517,#11035,#11037,.T.);
#11035 = VERTEX_POINT('',#11036);
#11036 = CARTESIAN_POINT('',(-0.2,-3.4,-7.82));
#11037 = LINE('',#11038,#11039);
#11038 = CARTESIAN_POINT('',(-0.2,0.965685424949,-7.82));
#11039 = VECTOR('',#11040,1.);
#11040 = DIRECTION('',(0.,-1.,0.));
#11041 = ORIENTED_EDGE('',*,*,#11042,.T.);
#11042 = EDGE_CURVE('',#11035,#11043,#11045,.T.);
#11043 = VERTEX_POINT('',#11044);
#11044 = CARTESIAN_POINT('',(-0.2,-3.4,-7.42));
#11045 = LINE('',#11046,#11047);
#11046 = CARTESIAN_POINT('',(-0.2,-3.4,-7.42));
#11047 = VECTOR('',#11048,1.);
#11048 = DIRECTION('',(0.,0.,1.));
#11049 = ORIENTED_EDGE('',*,*,#11050,.F.);
#11050 = EDGE_CURVE('',#10499,#11043,#11051,.T.);
#11051 = LINE('',#11052,#11053);
#11052 = CARTESIAN_POINT('',(-0.2,0.965685424949,-7.42));
#11053 = VECTOR('',#11054,1.);
#11054 = DIRECTION('',(0.,-1.,0.));
#11055 = PLANE('',#11056);
#11056 = AXIS2_PLACEMENT_3D('',#11057,#11058,#11059);
#11057 = CARTESIAN_POINT('',(-0.2,0.965685424949,-7.42));
#11058 = DIRECTION('',(1.,0.,0.));
#11059 = DIRECTION('',(0.,0.,-1.));
#11060 = ADVANCED_FACE('',(#11061),#11072,.F.);
#11061 = FACE_BOUND('',#11062,.T.);
#11062 = EDGE_LOOP('',(#11063,#11064,#11070,#11071));
#11063 = ORIENTED_EDGE('',*,*,#11018,.F.);
#11064 = ORIENTED_EDGE('',*,*,#11065,.T.);
#11065 = EDGE_CURVE('',#11011,#10872,#11066,.T.);
#11066 = LINE('',#11067,#11068);
#11067 = CARTESIAN_POINT('',(17.005,0.,-8.96));
#11068 = VECTOR('',#11069,1.);
#11069 = DIRECTION('',(1.067522139063E-14,0.,-1.));
#11070 = ORIENTED_EDGE('',*,*,#10871,.T.);
#11071 = ORIENTED_EDGE('',*,*,#10550,.T.);
#11072 = PLANE('',#11073);
#11073 = AXIS2_PLACEMENT_3D('',#11074,#11075,#11076);
#11074 = CARTESIAN_POINT('',(17.005,-1.110180165559,-8.96));
#11075 = DIRECTION('',(-1.,0.,-1.067522139063E-14));
#11076 = DIRECTION('',(-1.067522139063E-14,0.,1.));
#11077 = ADVANCED_FACE('',(#11078),#11103,.F.);
#11078 = FACE_BOUND('',#11079,.T.);
#11079 = EDGE_LOOP('',(#11080,#11081,#11089,#11097));
#11080 = ORIENTED_EDGE('',*,*,#10772,.F.);
#11081 = ORIENTED_EDGE('',*,*,#11082,.T.);
#11082 = EDGE_CURVE('',#10765,#11083,#11085,.T.);
#11083 = VERTEX_POINT('',#11084);
#11084 = CARTESIAN_POINT('',(15.375,-3.4,-8.12));
#11085 = LINE('',#11086,#11087);
#11086 = CARTESIAN_POINT('',(15.375,1.435808862677,-8.12));
#11087 = VECTOR('',#11088,1.);
#11088 = DIRECTION('',(0.,-1.,0.));
#11089 = ORIENTED_EDGE('',*,*,#11090,.T.);
#11090 = EDGE_CURVE('',#11083,#11091,#11093,.T.);
#11091 = VERTEX_POINT('',#11092);
#11092 = CARTESIAN_POINT('',(15.105,-3.4,-8.12));
#11093 = LINE('',#11094,#11095);
#11094 = CARTESIAN_POINT('',(15.105,-3.4,-8.12));
#11095 = VECTOR('',#11096,1.);
#11096 = DIRECTION('',(-1.,0.,0.));
#11097 = ORIENTED_EDGE('',*,*,#11098,.F.);
#11098 = EDGE_CURVE('',#10747,#11091,#11099,.T.);
#11099 = LINE('',#11100,#11101);
#11100 = CARTESIAN_POINT('',(15.105,1.435808862677,-8.12));
#11101 = VECTOR('',#11102,1.);
#11102 = DIRECTION('',(0.,-1.,0.));
#11103 = PLANE('',#11104);
#11104 = AXIS2_PLACEMENT_3D('',#11105,#11106,#11107);
#11105 = CARTESIAN_POINT('',(15.105,1.435808862677,-8.12));
#11106 = DIRECTION('',(0.,0.,1.));
#11107 = DIRECTION('',(1.,0.,-0.));
#11108 = ADVANCED_FACE('',(#11109),#11127,.F.);
#11109 = FACE_BOUND('',#11110,.T.);
#11110 = EDGE_LOOP('',(#11111,#11112,#11120,#11126));
#11111 = ORIENTED_EDGE('',*,*,#10764,.F.);
#11112 = ORIENTED_EDGE('',*,*,#11113,.T.);
#11113 = EDGE_CURVE('',#10757,#11114,#11116,.T.);
#11114 = VERTEX_POINT('',#11115);
#11115 = CARTESIAN_POINT('',(15.375,-3.4,-7.12));
#11116 = LINE('',#11117,#11118);
#11117 = CARTESIAN_POINT('',(15.375,1.435808862677,-7.12));
#11118 = VECTOR('',#11119,1.);
#11119 = DIRECTION('',(0.,-1.,0.));
#11120 = ORIENTED_EDGE('',*,*,#11121,.T.);
#11121 = EDGE_CURVE('',#11114,#11083,#11122,.T.);
#11122 = LINE('',#11123,#11124);
#11123 = CARTESIAN_POINT('',(15.375,-3.4,-7.12));
#11124 = VECTOR('',#11125,1.);
#11125 = DIRECTION('',(0.,0.,-1.));
#11126 = ORIENTED_EDGE('',*,*,#11082,.F.);
#11127 = PLANE('',#11128);
#11128 = AXIS2_PLACEMENT_3D('',#11129,#11130,#11131);
#11129 = CARTESIAN_POINT('',(15.375,1.435808862677,-7.12));
#11130 = DIRECTION('',(-1.,0.,0.));
#11131 = DIRECTION('',(0.,0.,1.));
#11132 = ADVANCED_FACE('',(#11133),#11151,.F.);
#11133 = FACE_BOUND('',#11134,.T.);
#11134 = EDGE_LOOP('',(#11135,#11136,#11144,#11150));
#11135 = ORIENTED_EDGE('',*,*,#10646,.T.);
#11136 = ORIENTED_EDGE('',*,*,#11137,.F.);
#11137 = EDGE_CURVE('',#11138,#10639,#11140,.T.);
#11138 = VERTEX_POINT('',#11139);
#11139 = CARTESIAN_POINT('',(-1.33,16.2,1.34));
#11140 = LINE('',#11141,#11142);
#11141 = CARTESIAN_POINT('',(-1.33,16.2,1.34));
#11142 = VECTOR('',#11143,1.);
#11143 = DIRECTION('',(0.,-1.,0.));
#11144 = ORIENTED_EDGE('',*,*,#11145,.F.);
#11145 = EDGE_CURVE('',#10918,#11138,#11146,.T.);
#11146 = LINE('',#11147,#11148);
#11147 = CARTESIAN_POINT('',(-1.33,16.2,-8.96));
#11148 = VECTOR('',#11149,1.);
#11149 = DIRECTION('',(0.,0.,1.));
#11150 = ORIENTED_EDGE('',*,*,#10917,.T.);
#11151 = PLANE('',#11152);
#11152 = AXIS2_PLACEMENT_3D('',#11153,#11154,#11155);
#11153 = CARTESIAN_POINT('',(-1.33,16.2,-8.96));
#11154 = DIRECTION('',(1.,0.,0.));
#11155 = DIRECTION('',(0.,0.,-1.));
#11156 = ADVANCED_FACE('',(#11157),#11175,.F.);
#11157 = FACE_BOUND('',#11158,.T.);
#11158 = EDGE_LOOP('',(#11159,#11160,#11161,#11169));
#11159 = ORIENTED_EDGE('',*,*,#10566,.T.);
#11160 = ORIENTED_EDGE('',*,*,#10933,.F.);
#11161 = ORIENTED_EDGE('',*,*,#11162,.F.);
#11162 = EDGE_CURVE('',#11163,#10926,#11165,.T.);
#11163 = VERTEX_POINT('',#11164);
#11164 = CARTESIAN_POINT('',(18.97,16.2,1.34));
#11165 = LINE('',#11166,#11167);
#11166 = CARTESIAN_POINT('',(18.97,16.2,-8.96));
#11167 = VECTOR('',#11168,1.);
#11168 = DIRECTION('',(0.,0.,-1.));
#11169 = ORIENTED_EDGE('',*,*,#11170,.T.);
#11170 = EDGE_CURVE('',#11163,#10567,#11171,.T.);
#11171 = LINE('',#11172,#11173);
#11172 = CARTESIAN_POINT('',(18.97,16.2,1.34));
#11173 = VECTOR('',#11174,1.);
#11174 = DIRECTION('',(0.,-1.,0.));
#11175 = PLANE('',#11176);
#11176 = AXIS2_PLACEMENT_3D('',#11177,#11178,#11179);
#11177 = CARTESIAN_POINT('',(18.97,16.2,-8.96));
#11178 = DIRECTION('',(-1.,0.,0.));
#11179 = DIRECTION('',(0.,0.,1.));
#11180 = ADVANCED_FACE('',(#11181),#11199,.F.);
#11181 = FACE_BOUND('',#11182,.T.);
#11182 = EDGE_LOOP('',(#11183,#11184,#11192,#11198));
#11183 = ORIENTED_EDGE('',*,*,#10756,.F.);
#11184 = ORIENTED_EDGE('',*,*,#11185,.T.);
#11185 = EDGE_CURVE('',#10749,#11186,#11188,.T.);
#11186 = VERTEX_POINT('',#11187);
#11187 = CARTESIAN_POINT('',(15.105,-3.4,-7.12));
#11188 = LINE('',#11189,#11190);
#11189 = CARTESIAN_POINT('',(15.105,1.435808862677,-7.12));
#11190 = VECTOR('',#11191,1.);
#11191 = DIRECTION('',(0.,-1.,0.));
#11192 = ORIENTED_EDGE('',*,*,#11193,.T.);
#11193 = EDGE_CURVE('',#11186,#11114,#11194,.T.);
#11194 = LINE('',#11195,#11196);
#11195 = CARTESIAN_POINT('',(15.105,-3.4,-7.12));
#11196 = VECTOR('',#11197,1.);
#11197 = DIRECTION('',(1.,0.,0.));
#11198 = ORIENTED_EDGE('',*,*,#11113,.F.);
#11199 = PLANE('',#11200);
#11200 = AXIS2_PLACEMENT_3D('',#11201,#11202,#11203);
#11201 = CARTESIAN_POINT('',(15.105,1.435808862677,-7.12));
#11202 = DIRECTION('',(0.,0.,-1.));
#11203 = DIRECTION('',(-1.,0.,0.));
#11204 = ADVANCED_FACE('',(#11205),#11230,.F.);
#11205 = FACE_BOUND('',#11206,.T.);
#11206 = EDGE_LOOP('',(#11207,#11215,#11223,#11229));
#11207 = ORIENTED_EDGE('',*,*,#11208,.F.);
#11208 = EDGE_CURVE('',#11209,#10623,#11211,.T.);
#11209 = VERTEX_POINT('',#11210);
#11210 = CARTESIAN_POINT('',(2.205,0.,0.69));
#11211 = LINE('',#11212,#11213);
#11212 = CARTESIAN_POINT('',(2.205,-1.110180165559,0.69));
#11213 = VECTOR('',#11214,1.);
#11214 = DIRECTION('',(0.,1.,0.));
#11215 = ORIENTED_EDGE('',*,*,#11216,.T.);
#11216 = EDGE_CURVE('',#11209,#11217,#11219,.T.);
#11217 = VERTEX_POINT('',#11218);
#11218 = CARTESIAN_POINT('',(2.205,0.,1.34));
#11219 = LINE('',#11220,#11221);
#11220 = CARTESIAN_POINT('',(2.205,0.,1.34));
#11221 = VECTOR('',#11222,1.);
#11222 = DIRECTION('',(0.,0.,1.));
#11223 = ORIENTED_EDGE('',*,*,#11224,.T.);
#11224 = EDGE_CURVE('',#11217,#10631,#11225,.T.);
#11225 = LINE('',#11226,#11227);
#11226 = CARTESIAN_POINT('',(2.205,-1.110180165559,1.34));
#11227 = VECTOR('',#11228,1.);
#11228 = DIRECTION('',(0.,1.,0.));
#11229 = ORIENTED_EDGE('',*,*,#10630,.T.);
#11230 = PLANE('',#11231);
#11231 = AXIS2_PLACEMENT_3D('',#11232,#11233,#11234);
#11232 = CARTESIAN_POINT('',(2.205,-1.110180165559,1.34));
#11233 = DIRECTION('',(1.,0.,0.));
#11234 = DIRECTION('',(0.,0.,-1.));
#11235 = ADVANCED_FACE('',(#11236),#11261,.F.);
#11236 = FACE_BOUND('',#11237,.T.);
#11237 = EDGE_LOOP('',(#11238,#11239,#11247,#11255));
#11238 = ORIENTED_EDGE('',*,*,#10508,.F.);
#11239 = ORIENTED_EDGE('',*,*,#11240,.T.);
#11240 = EDGE_CURVE('',#10501,#11241,#11243,.T.);
#11241 = VERTEX_POINT('',#11242);
#11242 = CARTESIAN_POINT('',(0.2,-3.4,-7.42));
#11243 = LINE('',#11244,#11245);
#11244 = CARTESIAN_POINT('',(0.2,0.965685424949,-7.42));
#11245 = VECTOR('',#11246,1.);
#11246 = DIRECTION('',(0.,-1.,0.));
#11247 = ORIENTED_EDGE('',*,*,#11248,.T.);
#11248 = EDGE_CURVE('',#11241,#11249,#11251,.T.);
#11249 = VERTEX_POINT('',#11250);
#11250 = CARTESIAN_POINT('',(0.2,-3.4,-7.82));
#11251 = LINE('',#11252,#11253);
#11252 = CARTESIAN_POINT('',(0.2,-3.4,-7.42));
#11253 = VECTOR('',#11254,1.);
#11254 = DIRECTION('',(0.,0.,-1.));
#11255 = ORIENTED_EDGE('',*,*,#11256,.F.);
#11256 = EDGE_CURVE('',#10509,#11249,#11257,.T.);
#11257 = LINE('',#11258,#11259);
#11258 = CARTESIAN_POINT('',(0.2,0.965685424949,-7.82));
#11259 = VECTOR('',#11260,1.);
#11260 = DIRECTION('',(0.,-1.,0.));
#11261 = PLANE('',#11262);
#11262 = AXIS2_PLACEMENT_3D('',#11263,#11264,#11265);
#11263 = CARTESIAN_POINT('',(0.2,0.965685424949,-7.42));
#11264 = DIRECTION('',(-1.,0.,0.));
#11265 = DIRECTION('',(0.,0.,1.));
#11266 = ADVANCED_FACE('',(#11267),#11278,.F.);
#11267 = FACE_BOUND('',#11268,.T.);
#11268 = EDGE_LOOP('',(#11269,#11270,#11271,#11277));
#11269 = ORIENTED_EDGE('',*,*,#10498,.F.);
#11270 = ORIENTED_EDGE('',*,*,#11050,.T.);
#11271 = ORIENTED_EDGE('',*,*,#11272,.T.);
#11272 = EDGE_CURVE('',#11043,#11241,#11273,.T.);
#11273 = LINE('',#11274,#11275);
#11274 = CARTESIAN_POINT('',(-0.2,-3.4,-7.42));
#11275 = VECTOR('',#11276,1.);
#11276 = DIRECTION('',(1.,0.,0.));
#11277 = ORIENTED_EDGE('',*,*,#11240,.F.);
#11278 = PLANE('',#11279);
#11279 = AXIS2_PLACEMENT_3D('',#11280,#11281,#11282);
#11280 = CARTESIAN_POINT('',(-0.2,0.965685424949,-7.42));
#11281 = DIRECTION('',(0.,0.,-1.));
#11282 = DIRECTION('',(-1.,0.,0.));
#11283 = ADVANCED_FACE('',(#11284),#11309,.F.);
#11284 = FACE_BOUND('',#11285,.T.);
#11285 = EDGE_LOOP('',(#11286,#11287,#11295,#11303));
#11286 = ORIENTED_EDGE('',*,*,#10482,.F.);
#11287 = ORIENTED_EDGE('',*,*,#11288,.T.);
#11288 = EDGE_CURVE('',#10475,#11289,#11291,.T.);
#11289 = VERTEX_POINT('',#11290);
#11290 = CARTESIAN_POINT('',(17.915,-3.4,0.5));
#11291 = LINE('',#11292,#11293);
#11292 = CARTESIAN_POINT('',(17.915,1.435808862677,0.5));
#11293 = VECTOR('',#11294,1.);
#11294 = DIRECTION('',(0.,-1.,0.));
#11295 = ORIENTED_EDGE('',*,*,#11296,.T.);
#11296 = EDGE_CURVE('',#11289,#11297,#11299,.T.);
#11297 = VERTEX_POINT('',#11298);
#11298 = CARTESIAN_POINT('',(17.915,-3.4,-0.5));
#11299 = LINE('',#11300,#11301);
#11300 = CARTESIAN_POINT('',(17.915,-3.4,0.5));
#11301 = VECTOR('',#11302,1.);
#11302 = DIRECTION('',(0.,0.,-1.));
#11303 = ORIENTED_EDGE('',*,*,#11304,.F.);
#11304 = EDGE_CURVE('',#10483,#11297,#11305,.T.);
#11305 = LINE('',#11306,#11307);
#11306 = CARTESIAN_POINT('',(17.915,1.435808862677,-0.5));
#11307 = VECTOR('',#11308,1.);
#11308 = DIRECTION('',(0.,-1.,0.));
#11309 = PLANE('',#11310);
#11310 = AXIS2_PLACEMENT_3D('',#11311,#11312,#11313);
#11311 = CARTESIAN_POINT('',(17.915,1.435808862677,0.5));
#11312 = DIRECTION('',(-1.,0.,0.));
#11313 = DIRECTION('',(0.,0.,1.));
#11314 = ADVANCED_FACE('',(#11315),#11333,.F.);
#11315 = FACE_BOUND('',#11316,.T.);
#11316 = EDGE_LOOP('',(#11317,#11325,#11331,#11332));
#11317 = ORIENTED_EDGE('',*,*,#11318,.F.);
#11318 = EDGE_CURVE('',#11319,#10671,#11321,.T.);
#11319 = VERTEX_POINT('',#11320);
#11320 = CARTESIAN_POINT('',(3.105,0.,-8.31));
#11321 = LINE('',#11322,#11323);
#11322 = CARTESIAN_POINT('',(3.105,-1.110180165559,-8.31));
#11323 = VECTOR('',#11324,1.);
#11324 = DIRECTION('',(0.,1.,0.));
#11325 = ORIENTED_EDGE('',*,*,#11326,.T.);
#11326 = EDGE_CURVE('',#11319,#10895,#11327,.T.);
#11327 = LINE('',#11328,#11329);
#11328 = CARTESIAN_POINT('',(3.105,0.,-8.96));
#11329 = VECTOR('',#11330,1.);
#11330 = DIRECTION('',(0.,0.,-1.));
#11331 = ORIENTED_EDGE('',*,*,#10894,.T.);
#11332 = ORIENTED_EDGE('',*,*,#10678,.T.);
#11333 = PLANE('',#11334);
#11334 = AXIS2_PLACEMENT_3D('',#11335,#11336,#11337);
#11335 = CARTESIAN_POINT('',(3.105,-1.110180165559,-8.96));
#11336 = DIRECTION('',(-1.,0.,0.));
#11337 = DIRECTION('',(0.,0.,1.));
#11338 = ADVANCED_FACE('',(#11339),#11357,.F.);
#11339 = FACE_BOUND('',#11340,.T.);
#11340 = EDGE_LOOP('',(#11341,#11349,#11355,#11356));
#11341 = ORIENTED_EDGE('',*,*,#11342,.F.);
#11342 = EDGE_CURVE('',#11343,#10663,#11345,.T.);
#11343 = VERTEX_POINT('',#11344);
#11344 = CARTESIAN_POINT('',(2.205,0.,-8.31));
#11345 = LINE('',#11346,#11347);
#11346 = CARTESIAN_POINT('',(2.205,-1.110180165559,-8.31));
#11347 = VECTOR('',#11348,1.);
#11348 = DIRECTION('',(0.,1.,0.));
#11349 = ORIENTED_EDGE('',*,*,#11350,.T.);
#11350 = EDGE_CURVE('',#11343,#11319,#11351,.T.);
#11351 = LINE('',#11352,#11353);
#11352 = CARTESIAN_POINT('',(2.205,0.,-8.31));
#11353 = VECTOR('',#11354,1.);
#11354 = DIRECTION('',(1.,0.,-1.927470528863E-15));
#11355 = ORIENTED_EDGE('',*,*,#11318,.T.);
#11356 = ORIENTED_EDGE('',*,*,#10670,.T.);
#11357 = PLANE('',#11358);
#11358 = AXIS2_PLACEMENT_3D('',#11359,#11360,#11361);
#11359 = CARTESIAN_POINT('',(2.205,-1.110180165559,-8.31));
#11360 = DIRECTION('',(-1.927470528863E-15,0.,-1.));
#11361 = DIRECTION('',(-1.,0.,1.927470528863E-15));
#11362 = ADVANCED_FACE('',(#11363),#11388,.F.);
#11363 = FACE_BOUND('',#11364,.T.);
#11364 = EDGE_LOOP('',(#11365,#11373,#11381,#11387));
#11365 = ORIENTED_EDGE('',*,*,#11366,.F.);
#11366 = EDGE_CURVE('',#11367,#10583,#11369,.T.);
#11367 = VERTEX_POINT('',#11368);
#11368 = CARTESIAN_POINT('',(17.005,0.,0.69));
#11369 = LINE('',#11370,#11371);
#11370 = CARTESIAN_POINT('',(17.005,-1.110180165559,0.69));
#11371 = VECTOR('',#11372,1.);
#11372 = DIRECTION('',(0.,1.,0.));
#11373 = ORIENTED_EDGE('',*,*,#11374,.T.);
#11374 = EDGE_CURVE('',#11367,#11375,#11377,.T.);
#11375 = VERTEX_POINT('',#11376);
#11376 = CARTESIAN_POINT('',(16.105,0.,0.69));
#11377 = LINE('',#11378,#11379);
#11378 = CARTESIAN_POINT('',(16.105,0.,0.69));
#11379 = VECTOR('',#11380,1.);
#11380 = DIRECTION('',(-1.,0.,-1.204669080539E-16));
#11381 = ORIENTED_EDGE('',*,*,#11382,.T.);
#11382 = EDGE_CURVE('',#11375,#10591,#11383,.T.);
#11383 = LINE('',#11384,#11385);
#11384 = CARTESIAN_POINT('',(16.105,-1.110180165559,0.69));
#11385 = VECTOR('',#11386,1.);
#11386 = DIRECTION('',(0.,1.,0.));
#11387 = ORIENTED_EDGE('',*,*,#10590,.T.);
#11388 = PLANE('',#11389);
#11389 = AXIS2_PLACEMENT_3D('',#11390,#11391,#11392);
#11390 = CARTESIAN_POINT('',(16.105,-1.110180165559,0.69));
#11391 = DIRECTION('',(-1.204669080539E-16,0.,1.));
#11392 = DIRECTION('',(1.,0.,1.204669080539E-16));
#11393 = ADVANCED_FACE('',(#11394),#11412,.F.);
#11394 = FACE_BOUND('',#11395,.T.);
#11395 = EDGE_LOOP('',(#11396,#11404,#11410,#11411));
#11396 = ORIENTED_EDGE('',*,*,#11397,.F.);
#11397 = EDGE_CURVE('',#11398,#10575,#11400,.T.);
#11398 = VERTEX_POINT('',#11399);
#11399 = CARTESIAN_POINT('',(17.005,0.,1.34));
#11400 = LINE('',#11401,#11402);
#11401 = CARTESIAN_POINT('',(17.005,-1.110180165559,1.34));
#11402 = VECTOR('',#11403,1.);
#11403 = DIRECTION('',(0.,1.,0.));
#11404 = ORIENTED_EDGE('',*,*,#11405,.T.);
#11405 = EDGE_CURVE('',#11398,#11367,#11406,.T.);
#11406 = LINE('',#11407,#11408);
#11407 = CARTESIAN_POINT('',(17.005,0.,1.34));
#11408 = VECTOR('',#11409,1.);
#11409 = DIRECTION('',(-1.067522139063E-14,0.,-1.));
#11410 = ORIENTED_EDGE('',*,*,#11366,.T.);
#11411 = ORIENTED_EDGE('',*,*,#10582,.T.);
#11412 = PLANE('',#11413);
#11413 = AXIS2_PLACEMENT_3D('',#11414,#11415,#11416);
#11414 = CARTESIAN_POINT('',(17.005,-1.110180165559,1.34));
#11415 = DIRECTION('',(-1.,0.,1.067522139063E-14));
#11416 = DIRECTION('',(1.067522139063E-14,0.,1.));
#11417 = ADVANCED_FACE('',(#11418),#11436,.F.);
#11418 = FACE_BOUND('',#11419,.T.);
#11419 = EDGE_LOOP('',(#11420,#11421,#11429,#11435));
#11420 = ORIENTED_EDGE('',*,*,#10694,.F.);
#11421 = ORIENTED_EDGE('',*,*,#11422,.T.);
#11422 = EDGE_CURVE('',#10695,#11423,#11425,.T.);
#11423 = VERTEX_POINT('',#11424);
#11424 = CARTESIAN_POINT('',(-0.2,-3.4,0.2));
#11425 = LINE('',#11426,#11427);
#11426 = CARTESIAN_POINT('',(-0.2,0.965685424949,0.2));
#11427 = VECTOR('',#11428,1.);
#11428 = DIRECTION('',(0.,-1.,0.));
#11429 = ORIENTED_EDGE('',*,*,#11430,.T.);
#11430 = EDGE_CURVE('',#11423,#10841,#11431,.T.);
#11431 = LINE('',#11432,#11433);
#11432 = CARTESIAN_POINT('',(-0.2,-3.4,0.2));
#11433 = VECTOR('',#11434,1.);
#11434 = DIRECTION('',(1.,0.,0.));
#11435 = ORIENTED_EDGE('',*,*,#10840,.F.);
#11436 = PLANE('',#11437);
#11437 = AXIS2_PLACEMENT_3D('',#11438,#11439,#11440);
#11438 = CARTESIAN_POINT('',(-0.2,0.965685424949,0.2));
#11439 = DIRECTION('',(0.,0.,-1.));
#11440 = DIRECTION('',(-1.,0.,0.));
#11441 = ADVANCED_FACE('',(#11442),#11453,.F.);
#11442 = FACE_BOUND('',#11443,.T.);
#11443 = EDGE_LOOP('',(#11444,#11445,#11451,#11452));
#11444 = ORIENTED_EDGE('',*,*,#10910,.F.);
#11445 = ORIENTED_EDGE('',*,*,#11446,.T.);
#11446 = EDGE_CURVE('',#10903,#11343,#11447,.T.);
#11447 = LINE('',#11448,#11449);
#11448 = CARTESIAN_POINT('',(2.205,0.,-8.96));
#11449 = VECTOR('',#11450,1.);
#11450 = DIRECTION('',(0.,0.,1.));
#11451 = ORIENTED_EDGE('',*,*,#11342,.T.);
#11452 = ORIENTED_EDGE('',*,*,#10662,.T.);
#11453 = PLANE('',#11454);
#11454 = AXIS2_PLACEMENT_3D('',#11455,#11456,#11457);
#11455 = CARTESIAN_POINT('',(2.205,-1.110180165559,-8.96));
#11456 = DIRECTION('',(1.,0.,0.));
#11457 = DIRECTION('',(0.,0.,-1.));
#11458 = ADVANCED_FACE('',(#11459),#11484,.F.);
#11459 = FACE_BOUND('',#11460,.T.);
#11460 = EDGE_LOOP('',(#11461,#11469,#11477,#11483));
#11461 = ORIENTED_EDGE('',*,*,#11462,.F.);
#11462 = EDGE_CURVE('',#11463,#10607,#11465,.T.);
#11463 = VERTEX_POINT('',#11464);
#11464 = CARTESIAN_POINT('',(3.105,0.,1.34));
#11465 = LINE('',#11466,#11467);
#11466 = CARTESIAN_POINT('',(3.105,-1.110180165559,1.34));
#11467 = VECTOR('',#11468,1.);
#11468 = DIRECTION('',(0.,1.,0.));
#11469 = ORIENTED_EDGE('',*,*,#11470,.T.);
#11470 = EDGE_CURVE('',#11463,#11471,#11473,.T.);
#11471 = VERTEX_POINT('',#11472);
#11472 = CARTESIAN_POINT('',(3.105,0.,0.69));
#11473 = LINE('',#11474,#11475);
#11474 = CARTESIAN_POINT('',(3.105,0.,1.34));
#11475 = VECTOR('',#11476,1.);
#11476 = DIRECTION('',(0.,0.,-1.));
#11477 = ORIENTED_EDGE('',*,*,#11478,.T.);
#11478 = EDGE_CURVE('',#11471,#10615,#11479,.T.);
#11479 = LINE('',#11480,#11481);
#11480 = CARTESIAN_POINT('',(3.105,-1.110180165559,0.69));
#11481 = VECTOR('',#11482,1.);
#11482 = DIRECTION('',(0.,1.,0.));
#11483 = ORIENTED_EDGE('',*,*,#10614,.T.);
#11484 = PLANE('',#11485);
#11485 = AXIS2_PLACEMENT_3D('',#11486,#11487,#11488);
#11486 = CARTESIAN_POINT('',(3.105,-1.110180165559,1.34));
#11487 = DIRECTION('',(-1.,0.,0.));
#11488 = DIRECTION('',(0.,0.,1.));
#11489 = ADVANCED_FACE('',(#11490),#11526,.F.);
#11490 = FACE_BOUND('',#11491,.T.);
#11491 = EDGE_LOOP('',(#11492,#11493,#11494,#11500,#11501,#11502,#11510,
    #11516,#11517,#11518,#11519,#11525));
#11492 = ORIENTED_EDGE('',*,*,#10638,.T.);
#11493 = ORIENTED_EDGE('',*,*,#11224,.F.);
#11494 = ORIENTED_EDGE('',*,*,#11495,.T.);
#11495 = EDGE_CURVE('',#11217,#11463,#11496,.T.);
#11496 = LINE('',#11497,#11498);
#11497 = CARTESIAN_POINT('',(2.205,0.,1.34));
#11498 = VECTOR('',#11499,1.);
#11499 = DIRECTION('',(1.,0.,2.409338161079E-16));
#11500 = ORIENTED_EDGE('',*,*,#11462,.T.);
#11501 = ORIENTED_EDGE('',*,*,#10606,.T.);
#11502 = ORIENTED_EDGE('',*,*,#11503,.F.);
#11503 = EDGE_CURVE('',#11504,#10599,#11506,.T.);
#11504 = VERTEX_POINT('',#11505);
#11505 = CARTESIAN_POINT('',(16.105,0.,1.34));
#11506 = LINE('',#11507,#11508);
#11507 = CARTESIAN_POINT('',(16.105,-1.110180165559,1.34));
#11508 = VECTOR('',#11509,1.);
#11509 = DIRECTION('',(0.,1.,0.));
#11510 = ORIENTED_EDGE('',*,*,#11511,.T.);
#11511 = EDGE_CURVE('',#11504,#11398,#11512,.T.);
#11512 = LINE('',#11513,#11514);
#11513 = CARTESIAN_POINT('',(16.105,0.,1.34));
#11514 = VECTOR('',#11515,1.);
#11515 = DIRECTION('',(1.,0.,2.409338161079E-16));
#11516 = ORIENTED_EDGE('',*,*,#11397,.T.);
#11517 = ORIENTED_EDGE('',*,*,#10574,.T.);
#11518 = ORIENTED_EDGE('',*,*,#11170,.F.);
#11519 = ORIENTED_EDGE('',*,*,#11520,.F.);
#11520 = EDGE_CURVE('',#11138,#11163,#11521,.T.);
#11521 = LINE('',#11522,#11523);
#11522 = CARTESIAN_POINT('',(-1.33,16.2,1.34));
#11523 = VECTOR('',#11524,1.);
#11524 = DIRECTION('',(1.,0.,0.));
#11525 = ORIENTED_EDGE('',*,*,#11137,.T.);
#11526 = PLANE('',#11527);
#11527 = AXIS2_PLACEMENT_3D('',#11528,#11529,#11530);
#11528 = CARTESIAN_POINT('',(-1.33,16.2,1.34));
#11529 = DIRECTION('',(0.,0.,-1.));
#11530 = DIRECTION('',(-1.,0.,0.));
#11531 = ADVANCED_FACE('',(#11532),#11543,.F.);
#11532 = FACE_BOUND('',#11533,.T.);
#11533 = EDGE_LOOP('',(#11534,#11535,#11536,#11542));
#11534 = ORIENTED_EDGE('',*,*,#10746,.F.);
#11535 = ORIENTED_EDGE('',*,*,#11098,.T.);
#11536 = ORIENTED_EDGE('',*,*,#11537,.T.);
#11537 = EDGE_CURVE('',#11091,#11186,#11538,.T.);
#11538 = LINE('',#11539,#11540);
#11539 = CARTESIAN_POINT('',(15.105,-3.4,-7.12));
#11540 = VECTOR('',#11541,1.);
#11541 = DIRECTION('',(0.,0.,1.));
#11542 = ORIENTED_EDGE('',*,*,#11185,.F.);
#11543 = PLANE('',#11544);
#11544 = AXIS2_PLACEMENT_3D('',#11545,#11546,#11547);
#11545 = CARTESIAN_POINT('',(15.105,1.435808862677,-7.12));
#11546 = DIRECTION('',(1.,0.,0.));
#11547 = DIRECTION('',(0.,0.,-1.));
#11548 = ADVANCED_FACE('',(#11549),#11560,.F.);
#11549 = FACE_BOUND('',#11550,.T.);
#11550 = EDGE_LOOP('',(#11551,#11552,#11558,#11559));
#11551 = ORIENTED_EDGE('',*,*,#11382,.F.);
#11552 = ORIENTED_EDGE('',*,*,#11553,.T.);
#11553 = EDGE_CURVE('',#11375,#11504,#11554,.T.);
#11554 = LINE('',#11555,#11556);
#11555 = CARTESIAN_POINT('',(16.105,0.,1.34));
#11556 = VECTOR('',#11557,1.);
#11557 = DIRECTION('',(-1.067522139063E-14,0.,1.));
#11558 = ORIENTED_EDGE('',*,*,#11503,.T.);
#11559 = ORIENTED_EDGE('',*,*,#10598,.T.);
#11560 = PLANE('',#11561);
#11561 = AXIS2_PLACEMENT_3D('',#11562,#11563,#11564);
#11562 = CARTESIAN_POINT('',(16.105,-1.110180165559,1.34));
#11563 = DIRECTION('',(1.,0.,1.067522139063E-14));
#11564 = DIRECTION('',(1.067522139063E-14,0.,-1.));
#11565 = ADVANCED_FACE('',(#11566),#11577,.F.);
#11566 = FACE_BOUND('',#11567,.T.);
#11567 = EDGE_LOOP('',(#11568,#11569,#11575,#11576));
#11568 = ORIENTED_EDGE('',*,*,#11478,.F.);
#11569 = ORIENTED_EDGE('',*,*,#11570,.T.);
#11570 = EDGE_CURVE('',#11471,#11209,#11571,.T.);
#11571 = LINE('',#11572,#11573);
#11572 = CARTESIAN_POINT('',(2.205,0.,0.69));
#11573 = VECTOR('',#11574,1.);
#11574 = DIRECTION('',(-1.,0.,-1.204669080539E-16));
#11575 = ORIENTED_EDGE('',*,*,#11208,.T.);
#11576 = ORIENTED_EDGE('',*,*,#10622,.T.);
#11577 = PLANE('',#11578);
#11578 = AXIS2_PLACEMENT_3D('',#11579,#11580,#11581);
#11579 = CARTESIAN_POINT('',(2.205,-1.110180165559,0.69));
#11580 = DIRECTION('',(-1.204669080539E-16,0.,1.));
#11581 = DIRECTION('',(1.,0.,1.204669080539E-16));
#11582 = ADVANCED_FACE('',(#11583),#11594,.F.);
#11583 = FACE_BOUND('',#11584,.T.);
#11584 = EDGE_LOOP('',(#11585,#11586,#11592,#11593));
#11585 = ORIENTED_EDGE('',*,*,#10887,.F.);
#11586 = ORIENTED_EDGE('',*,*,#11587,.T.);
#11587 = EDGE_CURVE('',#10880,#11003,#11588,.T.);
#11588 = LINE('',#11589,#11590);
#11589 = CARTESIAN_POINT('',(16.105,0.,-8.96));
#11590 = VECTOR('',#11591,1.);
#11591 = DIRECTION('',(1.067522139063E-14,0.,1.));
#11592 = ORIENTED_EDGE('',*,*,#11002,.T.);
#11593 = ORIENTED_EDGE('',*,*,#10532,.T.);
#11594 = PLANE('',#11595);
#11595 = AXIS2_PLACEMENT_3D('',#11596,#11597,#11598);
#11596 = CARTESIAN_POINT('',(16.105,-1.110180165559,-8.96));
#11597 = DIRECTION('',(1.,0.,-1.067522139063E-14));
#11598 = DIRECTION('',(-1.067522139063E-14,0.,-1.));
#11599 = ADVANCED_FACE('',(#11600),#11611,.F.);
#11600 = FACE_BOUND('',#11601,.T.);
#11601 = EDGE_LOOP('',(#11602,#11603,#11604,#11610));
#11602 = ORIENTED_EDGE('',*,*,#10720,.F.);
#11603 = ORIENTED_EDGE('',*,*,#10988,.T.);
#11604 = ORIENTED_EDGE('',*,*,#11605,.T.);
#11605 = EDGE_CURVE('',#10981,#11423,#11606,.T.);
#11606 = LINE('',#11607,#11608);
#11607 = CARTESIAN_POINT('',(-0.2,-3.4,0.2));
#11608 = VECTOR('',#11609,1.);
#11609 = DIRECTION('',(0.,0.,1.));
#11610 = ORIENTED_EDGE('',*,*,#11422,.F.);
#11611 = PLANE('',#11612);
#11612 = AXIS2_PLACEMENT_3D('',#11613,#11614,#11615);
#11613 = CARTESIAN_POINT('',(-0.2,0.965685424949,0.2));
#11614 = DIRECTION('',(1.,0.,0.));
#11615 = DIRECTION('',(0.,0.,-1.));
#11616 = ADVANCED_FACE('',(#11617),#11628,.F.);
#11617 = FACE_BOUND('',#11618,.T.);
#11618 = EDGE_LOOP('',(#11619,#11620,#11621,#11627));
#11619 = ORIENTED_EDGE('',*,*,#10516,.F.);
#11620 = ORIENTED_EDGE('',*,*,#11256,.T.);
#11621 = ORIENTED_EDGE('',*,*,#11622,.T.);
#11622 = EDGE_CURVE('',#11249,#11035,#11623,.T.);
#11623 = LINE('',#11624,#11625);
#11624 = CARTESIAN_POINT('',(-0.2,-3.4,-7.82));
#11625 = VECTOR('',#11626,1.);
#11626 = DIRECTION('',(-1.,0.,0.));
#11627 = ORIENTED_EDGE('',*,*,#11034,.F.);
#11628 = PLANE('',#11629);
#11629 = AXIS2_PLACEMENT_3D('',#11630,#11631,#11632);
#11630 = CARTESIAN_POINT('',(-0.2,0.965685424949,-7.82));
#11631 = DIRECTION('',(0.,0.,1.));
#11632 = DIRECTION('',(1.,0.,-0.));
#11633 = ADVANCED_FACE('',(#11634),#11645,.F.);
#11634 = FACE_BOUND('',#11635,.T.);
#11635 = EDGE_LOOP('',(#11636,#11637,#11638,#11644));
#11636 = ORIENTED_EDGE('',*,*,#10474,.F.);
#11637 = ORIENTED_EDGE('',*,*,#10964,.T.);
#11638 = ORIENTED_EDGE('',*,*,#11639,.T.);
#11639 = EDGE_CURVE('',#10957,#11289,#11640,.T.);
#11640 = LINE('',#11641,#11642);
#11641 = CARTESIAN_POINT('',(17.645,-3.4,0.5));
#11642 = VECTOR('',#11643,1.);
#11643 = DIRECTION('',(1.,0.,0.));
#11644 = ORIENTED_EDGE('',*,*,#11288,.F.);
#11645 = PLANE('',#11646);
#11646 = AXIS2_PLACEMENT_3D('',#11647,#11648,#11649);
#11647 = CARTESIAN_POINT('',(17.645,1.435808862677,0.5));
#11648 = DIRECTION('',(0.,0.,-1.));
#11649 = DIRECTION('',(-1.,0.,0.));
#11650 = ADVANCED_FACE('',(#11651),#11662,.F.);
#11651 = FACE_BOUND('',#11652,.T.);
#11652 = EDGE_LOOP('',(#11653,#11654,#11655,#11661));
#11653 = ORIENTED_EDGE('',*,*,#10490,.F.);
#11654 = ORIENTED_EDGE('',*,*,#11304,.T.);
#11655 = ORIENTED_EDGE('',*,*,#11656,.T.);
#11656 = EDGE_CURVE('',#11297,#10949,#11657,.T.);
#11657 = LINE('',#11658,#11659);
#11658 = CARTESIAN_POINT('',(17.645,-3.4,-0.5));
#11659 = VECTOR('',#11660,1.);
#11660 = DIRECTION('',(-1.,0.,0.));
#11661 = ORIENTED_EDGE('',*,*,#10948,.F.);
#11662 = PLANE('',#11663);
#11663 = AXIS2_PLACEMENT_3D('',#11664,#11665,#11666);
#11664 = CARTESIAN_POINT('',(17.645,1.435808862677,-0.5));
#11665 = DIRECTION('',(0.,0.,1.));
#11666 = DIRECTION('',(1.,0.,-0.));
#11667 = ADVANCED_FACE('',(#11668),#11674,.T.);
#11668 = FACE_BOUND('',#11669,.T.);
#11669 = EDGE_LOOP('',(#11670,#11671,#11672,#11673));
#11670 = ORIENTED_EDGE('',*,*,#11605,.F.);
#11671 = ORIENTED_EDGE('',*,*,#10980,.F.);
#11672 = ORIENTED_EDGE('',*,*,#10848,.F.);
#11673 = ORIENTED_EDGE('',*,*,#11430,.F.);
#11674 = PLANE('',#11675);
#11675 = AXIS2_PLACEMENT_3D('',#11676,#11677,#11678);
#11676 = CARTESIAN_POINT('',(-0.2,-3.4,-0.2));
#11677 = DIRECTION('',(0.,-1.,0.));
#11678 = DIRECTION('',(0.,0.,-1.));
#11679 = ADVANCED_FACE('',(#11680),#11686,.F.);
#11680 = FACE_BOUND('',#11681,.T.);
#11681 = EDGE_LOOP('',(#11682,#11683,#11684,#11685));
#11682 = ORIENTED_EDGE('',*,*,#11326,.F.);
#11683 = ORIENTED_EDGE('',*,*,#11350,.F.);
#11684 = ORIENTED_EDGE('',*,*,#11446,.F.);
#11685 = ORIENTED_EDGE('',*,*,#10902,.F.);
#11686 = PLANE('',#11687);
#11687 = AXIS2_PLACEMENT_3D('',#11688,#11689,#11690);
#11688 = CARTESIAN_POINT('',(0.,0.,0.));
#11689 = DIRECTION('',(0.,1.,0.));
#11690 = DIRECTION('',(0.,-0.,1.));
#11691 = ADVANCED_FACE('',(#11692,#11712,#11746),#11752,.T.);
#11692 = FACE_BOUND('',#11693,.T.);
#11693 = EDGE_LOOP('',(#11694,#11705));
#11694 = ORIENTED_EDGE('',*,*,#11695,.F.);
#11695 = EDGE_CURVE('',#11696,#11698,#11700,.T.);
#11696 = VERTEX_POINT('',#11697);
#11697 = CARTESIAN_POINT('',(14.32,16.2,-5.31));
#11698 = VERTEX_POINT('',#11699);
#11699 = CARTESIAN_POINT('',(14.32,16.2,-7.31));
#11700 = CIRCLE('',#11701,1.);
#11701 = AXIS2_PLACEMENT_3D('',#11702,#11703,#11704);
#11702 = CARTESIAN_POINT('',(14.32,16.2,-6.31));
#11703 = DIRECTION('',(0.,1.,0.));
#11704 = DIRECTION('',(0.,-0.,1.));
#11705 = ORIENTED_EDGE('',*,*,#11706,.F.);
#11706 = EDGE_CURVE('',#11698,#11696,#11707,.T.);
#11707 = CIRCLE('',#11708,1.);
#11708 = AXIS2_PLACEMENT_3D('',#11709,#11710,#11711);
#11709 = CARTESIAN_POINT('',(14.32,16.2,-6.31));
#11710 = DIRECTION('',(0.,1.,0.));
#11711 = DIRECTION('',(0.,-0.,1.));
#11712 = FACE_BOUND('',#11713,.T.);
#11713 = EDGE_LOOP('',(#11714,#11724,#11732,#11740));
#11714 = ORIENTED_EDGE('',*,*,#11715,.F.);
#11715 = EDGE_CURVE('',#11716,#11718,#11720,.T.);
#11716 = VERTEX_POINT('',#11717);
#11717 = CARTESIAN_POINT('',(-0.48,16.2,-7.31));
#11718 = VERTEX_POINT('',#11719);
#11719 = CARTESIAN_POINT('',(-0.48,16.2,-0.31));
#11720 = LINE('',#11721,#11722);
#11721 = CARTESIAN_POINT('',(-0.48,16.2,-7.31));
#11722 = VECTOR('',#11723,1.);
#11723 = DIRECTION('',(1.239088197126E-16,0.,1.));
#11724 = ORIENTED_EDGE('',*,*,#11725,.F.);
#11725 = EDGE_CURVE('',#11726,#11716,#11728,.T.);
#11726 = VERTEX_POINT('',#11727);
#11727 = CARTESIAN_POINT('',(0.32,16.2,-7.31));
#11728 = LINE('',#11729,#11730);
#11729 = CARTESIAN_POINT('',(-0.48,16.2,-7.31));
#11730 = VECTOR('',#11731,1.);
#11731 = DIRECTION('',(-1.,0.,0.));
#11732 = ORIENTED_EDGE('',*,*,#11733,.F.);
#11733 = EDGE_CURVE('',#11734,#11726,#11736,.T.);
#11734 = VERTEX_POINT('',#11735);
#11735 = CARTESIAN_POINT('',(0.32,16.2,-0.31));
#11736 = LINE('',#11737,#11738);
#11737 = CARTESIAN_POINT('',(0.32,16.2,-7.31));
#11738 = VECTOR('',#11739,1.);
#11739 = DIRECTION('',(-1.239088197126E-16,0.,-1.));
#11740 = ORIENTED_EDGE('',*,*,#11741,.F.);
#11741 = EDGE_CURVE('',#11718,#11734,#11742,.T.);
#11742 = LINE('',#11743,#11744);
#11743 = CARTESIAN_POINT('',(-0.48,16.2,-0.31));
#11744 = VECTOR('',#11745,1.);
#11745 = DIRECTION('',(1.,0.,0.));
#11746 = FACE_BOUND('',#11747,.T.);
#11747 = EDGE_LOOP('',(#11748,#11749,#11750,#11751));
#11748 = ORIENTED_EDGE('',*,*,#11145,.T.);
#11749 = ORIENTED_EDGE('',*,*,#11520,.T.);
#11750 = ORIENTED_EDGE('',*,*,#11162,.T.);
#11751 = ORIENTED_EDGE('',*,*,#10925,.T.);
#11752 = PLANE('',#11753);
#11753 = AXIS2_PLACEMENT_3D('',#11754,#11755,#11756);
#11754 = CARTESIAN_POINT('',(-1.33,16.2,1.34));
#11755 = DIRECTION('',(0.,1.,0.));
#11756 = DIRECTION('',(0.,-0.,1.));
#11757 = ADVANCED_FACE('',(#11758),#11764,.F.);
#11758 = FACE_BOUND('',#11759,.T.);
#11759 = EDGE_LOOP('',(#11760,#11761,#11762,#11763));
#11760 = ORIENTED_EDGE('',*,*,#11065,.F.);
#11761 = ORIENTED_EDGE('',*,*,#11010,.F.);
#11762 = ORIENTED_EDGE('',*,*,#11587,.F.);
#11763 = ORIENTED_EDGE('',*,*,#10879,.F.);
#11764 = PLANE('',#11765);
#11765 = AXIS2_PLACEMENT_3D('',#11766,#11767,#11768);
#11766 = CARTESIAN_POINT('',(0.,0.,0.));
#11767 = DIRECTION('',(0.,1.,0.));
#11768 = DIRECTION('',(0.,-0.,1.));
#11769 = ADVANCED_FACE('',(#11770),#11776,.T.);
#11770 = FACE_BOUND('',#11771,.T.);
#11771 = EDGE_LOOP('',(#11772,#11773,#11774,#11775));
#11772 = ORIENTED_EDGE('',*,*,#10956,.F.);
#11773 = ORIENTED_EDGE('',*,*,#11656,.F.);
#11774 = ORIENTED_EDGE('',*,*,#11296,.F.);
#11775 = ORIENTED_EDGE('',*,*,#11639,.F.);
#11776 = PLANE('',#11777);
#11777 = AXIS2_PLACEMENT_3D('',#11778,#11779,#11780);
#11778 = CARTESIAN_POINT('',(-0.2,-3.4,-0.2));
#11779 = DIRECTION('',(0.,-1.,0.));
#11780 = DIRECTION('',(0.,0.,-1.));
#11781 = ADVANCED_FACE('',(#11782),#11788,.T.);
#11782 = FACE_BOUND('',#11783,.T.);
#11783 = EDGE_LOOP('',(#11784,#11785,#11786,#11787));
#11784 = ORIENTED_EDGE('',*,*,#11042,.F.);
#11785 = ORIENTED_EDGE('',*,*,#11622,.F.);
#11786 = ORIENTED_EDGE('',*,*,#11248,.F.);
#11787 = ORIENTED_EDGE('',*,*,#11272,.F.);
#11788 = PLANE('',#11789);
#11789 = AXIS2_PLACEMENT_3D('',#11790,#11791,#11792);
#11790 = CARTESIAN_POINT('',(-0.2,-3.4,-7.82));
#11791 = DIRECTION('',(0.,-1.,0.));
#11792 = DIRECTION('',(0.,0.,-1.));
#11793 = ADVANCED_FACE('',(#11794),#11800,.T.);
#11794 = FACE_BOUND('',#11795,.T.);
#11795 = EDGE_LOOP('',(#11796,#11797,#11798,#11799));
#11796 = ORIENTED_EDGE('',*,*,#11537,.F.);
#11797 = ORIENTED_EDGE('',*,*,#11090,.F.);
#11798 = ORIENTED_EDGE('',*,*,#11121,.F.);
#11799 = ORIENTED_EDGE('',*,*,#11193,.F.);
#11800 = PLANE('',#11801);
#11801 = AXIS2_PLACEMENT_3D('',#11802,#11803,#11804);
#11802 = CARTESIAN_POINT('',(-0.2,-3.4,-0.2));
#11803 = DIRECTION('',(0.,-1.,0.));
#11804 = DIRECTION('',(0.,0.,-1.));
#11805 = ADVANCED_FACE('',(#11806),#11812,.F.);
#11806 = FACE_BOUND('',#11807,.T.);
#11807 = EDGE_LOOP('',(#11808,#11809,#11810,#11811));
#11808 = ORIENTED_EDGE('',*,*,#11570,.F.);
#11809 = ORIENTED_EDGE('',*,*,#11470,.F.);
#11810 = ORIENTED_EDGE('',*,*,#11495,.F.);
#11811 = ORIENTED_EDGE('',*,*,#11216,.F.);
#11812 = PLANE('',#11813);
#11813 = AXIS2_PLACEMENT_3D('',#11814,#11815,#11816);
#11814 = CARTESIAN_POINT('',(0.,0.,0.));
#11815 = DIRECTION('',(0.,1.,0.));
#11816 = DIRECTION('',(0.,-0.,1.));
#11817 = ADVANCED_FACE('',(#11818),#11824,.F.);
#11818 = FACE_BOUND('',#11819,.T.);
#11819 = EDGE_LOOP('',(#11820,#11821,#11822,#11823));
#11820 = ORIENTED_EDGE('',*,*,#11374,.F.);
#11821 = ORIENTED_EDGE('',*,*,#11405,.F.);
#11822 = ORIENTED_EDGE('',*,*,#11511,.F.);
#11823 = ORIENTED_EDGE('',*,*,#11553,.F.);
#11824 = PLANE('',#11825);
#11825 = AXIS2_PLACEMENT_3D('',#11826,#11827,#11828);
#11826 = CARTESIAN_POINT('',(0.,0.,0.));
#11827 = DIRECTION('',(0.,1.,0.));
#11828 = DIRECTION('',(0.,-0.,1.));
#11829 = ADVANCED_FACE('',(#11830),#11855,.F.);
#11830 = FACE_BOUND('',#11831,.T.);
#11831 = EDGE_LOOP('',(#11832,#11833,#11841,#11849));
#11832 = ORIENTED_EDGE('',*,*,#11715,.T.);
#11833 = ORIENTED_EDGE('',*,*,#11834,.F.);
#11834 = EDGE_CURVE('',#11835,#11718,#11837,.T.);
#11835 = VERTEX_POINT('',#11836);
#11836 = CARTESIAN_POINT('',(-0.48,16.1,-0.31));
#11837 = LINE('',#11838,#11839);
#11838 = CARTESIAN_POINT('',(-0.48,16.1,-0.31));
#11839 = VECTOR('',#11840,1.);
#11840 = DIRECTION('',(0.,1.,0.));
#11841 = ORIENTED_EDGE('',*,*,#11842,.F.);
#11842 = EDGE_CURVE('',#11843,#11835,#11845,.T.);
#11843 = VERTEX_POINT('',#11844);
#11844 = CARTESIAN_POINT('',(-0.48,16.1,-7.31));
#11845 = LINE('',#11846,#11847);
#11846 = CARTESIAN_POINT('',(-0.48,16.1,-7.31));
#11847 = VECTOR('',#11848,1.);
#11848 = DIRECTION('',(1.239088197126E-16,0.,1.));
#11849 = ORIENTED_EDGE('',*,*,#11850,.T.);
#11850 = EDGE_CURVE('',#11843,#11716,#11851,.T.);
#11851 = LINE('',#11852,#11853);
#11852 = CARTESIAN_POINT('',(-0.48,16.1,-7.31));
#11853 = VECTOR('',#11854,1.);
#11854 = DIRECTION('',(0.,1.,0.));
#11855 = PLANE('',#11856);
#11856 = AXIS2_PLACEMENT_3D('',#11857,#11858,#11859);
#11857 = CARTESIAN_POINT('',(-0.48,16.1,-7.31));
#11858 = DIRECTION('',(-1.,0.,1.239088197126E-16));
#11859 = DIRECTION('',(1.239088197126E-16,0.,1.));
#11860 = ADVANCED_FACE('',(#11861),#11886,.F.);
#11861 = FACE_BOUND('',#11862,.T.);
#11862 = EDGE_LOOP('',(#11863,#11864,#11872,#11880));
#11863 = ORIENTED_EDGE('',*,*,#11733,.T.);
#11864 = ORIENTED_EDGE('',*,*,#11865,.F.);
#11865 = EDGE_CURVE('',#11866,#11726,#11868,.T.);
#11866 = VERTEX_POINT('',#11867);
#11867 = CARTESIAN_POINT('',(0.32,16.1,-7.31));
#11868 = LINE('',#11869,#11870);
#11869 = CARTESIAN_POINT('',(0.32,16.1,-7.31));
#11870 = VECTOR('',#11871,1.);
#11871 = DIRECTION('',(0.,1.,0.));
#11872 = ORIENTED_EDGE('',*,*,#11873,.F.);
#11873 = EDGE_CURVE('',#11874,#11866,#11876,.T.);
#11874 = VERTEX_POINT('',#11875);
#11875 = CARTESIAN_POINT('',(0.32,16.1,-0.31));
#11876 = LINE('',#11877,#11878);
#11877 = CARTESIAN_POINT('',(0.32,16.1,-7.31));
#11878 = VECTOR('',#11879,1.);
#11879 = DIRECTION('',(-1.239088197126E-16,0.,-1.));
#11880 = ORIENTED_EDGE('',*,*,#11881,.T.);
#11881 = EDGE_CURVE('',#11874,#11734,#11882,.T.);
#11882 = LINE('',#11883,#11884);
#11883 = CARTESIAN_POINT('',(0.32,16.1,-0.31));
#11884 = VECTOR('',#11885,1.);
#11885 = DIRECTION('',(0.,1.,0.));
#11886 = PLANE('',#11887);
#11887 = AXIS2_PLACEMENT_3D('',#11888,#11889,#11890);
#11888 = CARTESIAN_POINT('',(0.32,16.1,-7.31));
#11889 = DIRECTION('',(1.,0.,-1.239088197126E-16));
#11890 = DIRECTION('',(-1.239088197126E-16,0.,-1.));
#11891 = ADVANCED_FACE('',(#11892),#11918,.F.);
#11892 = FACE_BOUND('',#11893,.F.);
#11893 = EDGE_LOOP('',(#11894,#11895,#11903,#11912));
#11894 = ORIENTED_EDGE('',*,*,#11695,.F.);
#11895 = ORIENTED_EDGE('',*,*,#11896,.F.);
#11896 = EDGE_CURVE('',#11897,#11696,#11899,.T.);
#11897 = VERTEX_POINT('',#11898);
#11898 = CARTESIAN_POINT('',(14.32,15.7,-5.31));
#11899 = LINE('',#11900,#11901);
#11900 = CARTESIAN_POINT('',(14.32,15.7,-5.31));
#11901 = VECTOR('',#11902,1.);
#11902 = DIRECTION('',(0.,1.,0.));
#11903 = ORIENTED_EDGE('',*,*,#11904,.T.);
#11904 = EDGE_CURVE('',#11897,#11905,#11907,.T.);
#11905 = VERTEX_POINT('',#11906);
#11906 = CARTESIAN_POINT('',(14.32,15.7,-7.31));
#11907 = CIRCLE('',#11908,1.);
#11908 = AXIS2_PLACEMENT_3D('',#11909,#11910,#11911);
#11909 = CARTESIAN_POINT('',(14.32,15.7,-6.31));
#11910 = DIRECTION('',(0.,1.,0.));
#11911 = DIRECTION('',(0.,-0.,1.));
#11912 = ORIENTED_EDGE('',*,*,#11913,.T.);
#11913 = EDGE_CURVE('',#11905,#11698,#11914,.T.);
#11914 = LINE('',#11915,#11916);
#11915 = CARTESIAN_POINT('',(14.32,15.7,-7.31));
#11916 = VECTOR('',#11917,1.);
#11917 = DIRECTION('',(0.,1.,0.));
#11918 = CYLINDRICAL_SURFACE('',#11919,1.);
#11919 = AXIS2_PLACEMENT_3D('',#11920,#11921,#11922);
#11920 = CARTESIAN_POINT('',(14.32,15.7,-6.31));
#11921 = DIRECTION('',(0.,1.,0.));
#11922 = DIRECTION('',(0.,-0.,1.));
#11923 = ADVANCED_FACE('',(#11924),#11935,.F.);
#11924 = FACE_BOUND('',#11925,.T.);
#11925 = EDGE_LOOP('',(#11926,#11927,#11928,#11934));
#11926 = ORIENTED_EDGE('',*,*,#11741,.T.);
#11927 = ORIENTED_EDGE('',*,*,#11881,.F.);
#11928 = ORIENTED_EDGE('',*,*,#11929,.F.);
#11929 = EDGE_CURVE('',#11835,#11874,#11930,.T.);
#11930 = LINE('',#11931,#11932);
#11931 = CARTESIAN_POINT('',(-0.48,16.1,-0.31));
#11932 = VECTOR('',#11933,1.);
#11933 = DIRECTION('',(1.,0.,0.));
#11934 = ORIENTED_EDGE('',*,*,#11834,.T.);
#11935 = PLANE('',#11936);
#11936 = AXIS2_PLACEMENT_3D('',#11937,#11938,#11939);
#11937 = CARTESIAN_POINT('',(-0.48,16.1,-0.31));
#11938 = DIRECTION('',(0.,0.,1.));
#11939 = DIRECTION('',(1.,0.,-0.));
#11940 = ADVANCED_FACE('',(#11941),#11952,.F.);
#11941 = FACE_BOUND('',#11942,.T.);
#11942 = EDGE_LOOP('',(#11943,#11944,#11945,#11951));
#11943 = ORIENTED_EDGE('',*,*,#11725,.T.);
#11944 = ORIENTED_EDGE('',*,*,#11850,.F.);
#11945 = ORIENTED_EDGE('',*,*,#11946,.F.);
#11946 = EDGE_CURVE('',#11866,#11843,#11947,.T.);
#11947 = LINE('',#11948,#11949);
#11948 = CARTESIAN_POINT('',(-0.48,16.1,-7.31));
#11949 = VECTOR('',#11950,1.);
#11950 = DIRECTION('',(-1.,0.,0.));
#11951 = ORIENTED_EDGE('',*,*,#11865,.T.);
#11952 = PLANE('',#11953);
#11953 = AXIS2_PLACEMENT_3D('',#11954,#11955,#11956);
#11954 = CARTESIAN_POINT('',(-0.48,16.1,-7.31));
#11955 = DIRECTION('',(0.,0.,-1.));
#11956 = DIRECTION('',(-1.,0.,0.));
#11957 = ADVANCED_FACE('',(#11958),#11970,.F.);
#11958 = FACE_BOUND('',#11959,.F.);
#11959 = EDGE_LOOP('',(#11960,#11961,#11962,#11963));
#11960 = ORIENTED_EDGE('',*,*,#11896,.T.);
#11961 = ORIENTED_EDGE('',*,*,#11706,.F.);
#11962 = ORIENTED_EDGE('',*,*,#11913,.F.);
#11963 = ORIENTED_EDGE('',*,*,#11964,.T.);
#11964 = EDGE_CURVE('',#11905,#11897,#11965,.T.);
#11965 = CIRCLE('',#11966,1.);
#11966 = AXIS2_PLACEMENT_3D('',#11967,#11968,#11969);
#11967 = CARTESIAN_POINT('',(14.32,15.7,-6.31));
#11968 = DIRECTION('',(0.,1.,0.));
#11969 = DIRECTION('',(0.,-0.,1.));
#11970 = CYLINDRICAL_SURFACE('',#11971,1.);
#11971 = AXIS2_PLACEMENT_3D('',#11972,#11973,#11974);
#11972 = CARTESIAN_POINT('',(14.32,15.7,-6.31));
#11973 = DIRECTION('',(0.,1.,0.));
#11974 = DIRECTION('',(0.,-0.,1.));
#11975 = ADVANCED_FACE('',(#11976),#11982,.T.);
#11976 = FACE_BOUND('',#11977,.T.);
#11977 = EDGE_LOOP('',(#11978,#11979,#11980,#11981));
#11978 = ORIENTED_EDGE('',*,*,#11842,.T.);
#11979 = ORIENTED_EDGE('',*,*,#11929,.T.);
#11980 = ORIENTED_EDGE('',*,*,#11873,.T.);
#11981 = ORIENTED_EDGE('',*,*,#11946,.T.);
#11982 = PLANE('',#11983);
#11983 = AXIS2_PLACEMENT_3D('',#11984,#11985,#11986);
#11984 = CARTESIAN_POINT('',(-0.48,16.1,-0.31));
#11985 = DIRECTION('',(0.,1.,0.));
#11986 = DIRECTION('',(0.,-0.,1.));
#11987 = ADVANCED_FACE('',(#11988,#11992),#12012,.T.);
#11988 = FACE_BOUND('',#11989,.T.);
#11989 = EDGE_LOOP('',(#11990,#11991));
#11990 = ORIENTED_EDGE('',*,*,#11904,.T.);
#11991 = ORIENTED_EDGE('',*,*,#11964,.T.);
#11992 = FACE_BOUND('',#11993,.T.);
#11993 = EDGE_LOOP('',(#11994,#12005));
#11994 = ORIENTED_EDGE('',*,*,#11995,.F.);
#11995 = EDGE_CURVE('',#11996,#11998,#12000,.T.);
#11996 = VERTEX_POINT('',#11997);
#11997 = CARTESIAN_POINT('',(14.32,15.7,-6.81));
#11998 = VERTEX_POINT('',#11999);
#11999 = CARTESIAN_POINT('',(14.32,15.7,-5.81));
#12000 = CIRCLE('',#12001,0.5);
#12001 = AXIS2_PLACEMENT_3D('',#12002,#12003,#12004);
#12002 = CARTESIAN_POINT('',(14.32,15.7,-6.31));
#12003 = DIRECTION('',(0.,1.,0.));
#12004 = DIRECTION('',(0.,-0.,1.));
#12005 = ORIENTED_EDGE('',*,*,#12006,.F.);
#12006 = EDGE_CURVE('',#11998,#11996,#12007,.T.);
#12007 = CIRCLE('',#12008,0.5);
#12008 = AXIS2_PLACEMENT_3D('',#12009,#12010,#12011);
#12009 = CARTESIAN_POINT('',(14.32,15.7,-6.31));
#12010 = DIRECTION('',(0.,1.,0.));
#12011 = DIRECTION('',(0.,-0.,1.));
#12012 = PLANE('',#12013);
#12013 = AXIS2_PLACEMENT_3D('',#12014,#12015,#12016);
#12014 = CARTESIAN_POINT('',(14.32,15.7,-6.31));
#12015 = DIRECTION('',(0.,1.,0.));
#12016 = DIRECTION('',(0.,-0.,1.));
#12017 = ADVANCED_FACE('',(#12018),#12044,.T.);
#12018 = FACE_BOUND('',#12019,.T.);
#12019 = EDGE_LOOP('',(#12020,#12028,#12037,#12043));
#12020 = ORIENTED_EDGE('',*,*,#12021,.F.);
#12021 = EDGE_CURVE('',#12022,#11998,#12024,.T.);
#12022 = VERTEX_POINT('',#12023);
#12023 = CARTESIAN_POINT('',(14.32,16.2,-5.81));
#12024 = LINE('',#12025,#12026);
#12025 = CARTESIAN_POINT('',(14.32,17.614213562373,-5.81));
#12026 = VECTOR('',#12027,1.);
#12027 = DIRECTION('',(0.,-1.,0.));
#12028 = ORIENTED_EDGE('',*,*,#12029,.F.);
#12029 = EDGE_CURVE('',#12030,#12022,#12032,.T.);
#12030 = VERTEX_POINT('',#12031);
#12031 = CARTESIAN_POINT('',(14.32,16.2,-6.81));
#12032 = CIRCLE('',#12033,0.5);
#12033 = AXIS2_PLACEMENT_3D('',#12034,#12035,#12036);
#12034 = CARTESIAN_POINT('',(14.32,16.2,-6.31));
#12035 = DIRECTION('',(0.,1.,0.));
#12036 = DIRECTION('',(0.,-0.,1.));
#12037 = ORIENTED_EDGE('',*,*,#12038,.T.);
#12038 = EDGE_CURVE('',#12030,#11996,#12039,.T.);
#12039 = LINE('',#12040,#12041);
#12040 = CARTESIAN_POINT('',(14.32,17.614213562373,-6.81));
#12041 = VECTOR('',#12042,1.);
#12042 = DIRECTION('',(0.,-1.,0.));
#12043 = ORIENTED_EDGE('',*,*,#11995,.T.);
#12044 = CYLINDRICAL_SURFACE('',#12045,0.5);
#12045 = AXIS2_PLACEMENT_3D('',#12046,#12047,#12048);
#12046 = CARTESIAN_POINT('',(14.32,17.614213562373,-6.31));
#12047 = DIRECTION('',(0.,-1.,0.));
#12048 = DIRECTION('',(0.,0.,-1.));
#12049 = ADVANCED_FACE('',(#12050),#12062,.T.);
#12050 = FACE_BOUND('',#12051,.T.);
#12051 = EDGE_LOOP('',(#12052,#12059,#12060,#12061));
#12052 = ORIENTED_EDGE('',*,*,#12053,.F.);
#12053 = EDGE_CURVE('',#12022,#12030,#12054,.T.);
#12054 = CIRCLE('',#12055,0.5);
#12055 = AXIS2_PLACEMENT_3D('',#12056,#12057,#12058);
#12056 = CARTESIAN_POINT('',(14.32,16.2,-6.31));
#12057 = DIRECTION('',(0.,1.,0.));
#12058 = DIRECTION('',(0.,-0.,1.));
#12059 = ORIENTED_EDGE('',*,*,#12021,.T.);
#12060 = ORIENTED_EDGE('',*,*,#12006,.T.);
#12061 = ORIENTED_EDGE('',*,*,#12038,.F.);
#12062 = CYLINDRICAL_SURFACE('',#12063,0.5);
#12063 = AXIS2_PLACEMENT_3D('',#12064,#12065,#12066);
#12064 = CARTESIAN_POINT('',(14.32,17.614213562373,-6.31));
#12065 = DIRECTION('',(0.,-1.,0.));
#12066 = DIRECTION('',(0.,0.,-1.));
#12067 = ADVANCED_FACE('',(#12068),#12072,.T.);
#12068 = FACE_BOUND('',#12069,.T.);
#12069 = EDGE_LOOP('',(#12070,#12071));
#12070 = ORIENTED_EDGE('',*,*,#12029,.T.);
#12071 = ORIENTED_EDGE('',*,*,#12053,.T.);
#12072 = PLANE('',#12073);
#12073 = AXIS2_PLACEMENT_3D('',#12074,#12075,#12076);
#12074 = CARTESIAN_POINT('',(-1.33,16.2,1.34));
#12075 = DIRECTION('',(0.,1.,0.));
#12076 = DIRECTION('',(0.,-0.,1.));
#12077 = ( GEOMETRIC_REPRESENTATION_CONTEXT(3) 
GLOBAL_UNCERTAINTY_ASSIGNED_CONTEXT((#12081)) 
GLOBAL_UNIT_ASSIGNED_CONTEXT((#12078,#12079,#12080)) 
REPRESENTATION_CONTEXT('Context #1',
  '3D Context with UNIT and UNCERTAINTY') );
#12078 = ( LENGTH_UNIT() NAMED_UNIT(*) SI_UNIT(.MILLI.,.METRE.) );
#12079 = ( NAMED_UNIT(*) PLANE_ANGLE_UNIT() SI_UNIT($,.RADIAN.) );
#12080 = ( NAMED_UNIT(*) SI_UNIT($,.STERADIAN.) SOLID_ANGLE_UNIT() );
#12081 = UNCERTAINTY_MEASURE_WITH_UNIT(LENGTH_MEASURE(1.E-07),#12078,
  'distance_accuracy_value','confusion accuracy');
#12082 = CONTEXT_DEPENDENT_SHAPE_REPRESENTATION(#12083,#12085);
#12083 = ( REPRESENTATION_RELATIONSHIP('','',#10386,#10363) 
REPRESENTATION_RELATIONSHIP_WITH_TRANSFORMATION(#12084) 
SHAPE_REPRESENTATION_RELATIONSHIP() );
#12084 = ITEM_DEFINED_TRANSFORMATION('','',#11,#10364);
#12085 = PRODUCT_DEFINITION_SHAPE('Placement','Placement of an item',
  #12086);
#12086 = NEXT_ASSEMBLY_USAGE_OCCURRENCE('15','=>[0:1:1:15]','',#10358,
  #10381,$);
#12087 = PRODUCT_RELATED_PRODUCT_CATEGORY('part',$,(#10383));
#12088 = SHAPE_DEFINITION_REPRESENTATION(#12089,#12095);
#12089 = PRODUCT_DEFINITION_SHAPE('','',#12090);
#12090 = PRODUCT_DEFINITION('design','',#12091,#12094);
#12091 = PRODUCT_DEFINITION_FORMATION('','',#12092);
#12092 = PRODUCT('bistable-relay_PCB','bistable-relay_PCB','',(#12093));
#12093 = PRODUCT_CONTEXT('',#2,'mechanical');
#12094 = PRODUCT_DEFINITION_CONTEXT('part definition',#2,'design');
#12095 = ADVANCED_BREP_SHAPE_REPRESENTATION('',(#11,#12096),#13033);
#12096 = MANIFOLD_SOLID_BREP('',#12097);
#12097 = CLOSED_SHELL('',(#12098,#12138,#12169,#12200,#12415,#12630,
    #12647,#12664,#12681,#12698,#12715,#12732,#12749,#12766,#12783,
    #12800,#12817,#12834,#12851,#12863,#12880,#12902,#12919,#12936,
    #12948,#12965,#12987,#13004,#13021));
#12098 = ADVANCED_FACE('',(#12099),#12133,.T.);
#12099 = FACE_BOUND('',#12100,.T.);
#12100 = EDGE_LOOP('',(#12101,#12111,#12119,#12127));
#12101 = ORIENTED_EDGE('',*,*,#12102,.T.);
#12102 = EDGE_CURVE('',#12103,#12105,#12107,.T.);
#12103 = VERTEX_POINT('',#12104);
#12104 = CARTESIAN_POINT('',(135.029,-94.96,0.));
#12105 = VERTEX_POINT('',#12106);
#12106 = CARTESIAN_POINT('',(135.029,-94.96,1.));
#12107 = LINE('',#12108,#12109);
#12108 = CARTESIAN_POINT('',(135.029,-94.96,0.));
#12109 = VECTOR('',#12110,1.);
#12110 = DIRECTION('',(0.,0.,1.));
#12111 = ORIENTED_EDGE('',*,*,#12112,.T.);
#12112 = EDGE_CURVE('',#12105,#12113,#12115,.T.);
#12113 = VERTEX_POINT('',#12114);
#12114 = CARTESIAN_POINT('',(143.884,-94.96,1.));
#12115 = LINE('',#12116,#12117);
#12116 = CARTESIAN_POINT('',(135.029,-94.96,1.));
#12117 = VECTOR('',#12118,1.);
#12118 = DIRECTION('',(1.,0.,0.));
#12119 = ORIENTED_EDGE('',*,*,#12120,.F.);
#12120 = EDGE_CURVE('',#12121,#12113,#12123,.T.);
#12121 = VERTEX_POINT('',#12122);
#12122 = CARTESIAN_POINT('',(143.884,-94.96,0.));
#12123 = LINE('',#12124,#12125);
#12124 = CARTESIAN_POINT('',(143.884,-94.96,0.));
#12125 = VECTOR('',#12126,1.);
#12126 = DIRECTION('',(0.,0.,1.));
#12127 = ORIENTED_EDGE('',*,*,#12128,.F.);
#12128 = EDGE_CURVE('',#12103,#12121,#12129,.T.);
#12129 = LINE('',#12130,#12131);
#12130 = CARTESIAN_POINT('',(135.029,-94.96,0.));
#12131 = VECTOR('',#12132,1.);
#12132 = DIRECTION('',(1.,0.,0.));
#12133 = PLANE('',#12134);
#12134 = AXIS2_PLACEMENT_3D('',#12135,#12136,#12137);
#12135 = CARTESIAN_POINT('',(135.029,-94.96,0.));
#12136 = DIRECTION('',(0.,1.,0.));
#12137 = DIRECTION('',(1.,0.,0.));
#12138 = ADVANCED_FACE('',(#12139),#12164,.T.);
#12139 = FACE_BOUND('',#12140,.T.);
#12140 = EDGE_LOOP('',(#12141,#12151,#12157,#12158));
#12141 = ORIENTED_EDGE('',*,*,#12142,.T.);
#12142 = EDGE_CURVE('',#12143,#12145,#12147,.T.);
#12143 = VERTEX_POINT('',#12144);
#12144 = CARTESIAN_POINT('',(135.029,-91.357,0.));
#12145 = VERTEX_POINT('',#12146);
#12146 = CARTESIAN_POINT('',(135.029,-91.357,1.));
#12147 = LINE('',#12148,#12149);
#12148 = CARTESIAN_POINT('',(135.029,-91.357,0.));
#12149 = VECTOR('',#12150,1.);
#12150 = DIRECTION('',(0.,0.,1.));
#12151 = ORIENTED_EDGE('',*,*,#12152,.T.);
#12152 = EDGE_CURVE('',#12145,#12105,#12153,.T.);
#12153 = LINE('',#12154,#12155);
#12154 = CARTESIAN_POINT('',(135.029,-91.357,1.));
#12155 = VECTOR('',#12156,1.);
#12156 = DIRECTION('',(0.,-1.,0.));
#12157 = ORIENTED_EDGE('',*,*,#12102,.F.);
#12158 = ORIENTED_EDGE('',*,*,#12159,.F.);
#12159 = EDGE_CURVE('',#12143,#12103,#12160,.T.);
#12160 = LINE('',#12161,#12162);
#12161 = CARTESIAN_POINT('',(135.029,-91.357,0.));
#12162 = VECTOR('',#12163,1.);
#12163 = DIRECTION('',(0.,-1.,0.));
#12164 = PLANE('',#12165);
#12165 = AXIS2_PLACEMENT_3D('',#12166,#12167,#12168);
#12166 = CARTESIAN_POINT('',(135.029,-91.357,0.));
#12167 = DIRECTION('',(1.,0.,-0.));
#12168 = DIRECTION('',(0.,-1.,0.));
#12169 = ADVANCED_FACE('',(#12170),#12195,.T.);
#12170 = FACE_BOUND('',#12171,.T.);
#12171 = EDGE_LOOP('',(#12172,#12173,#12181,#12189));
#12172 = ORIENTED_EDGE('',*,*,#12120,.T.);
#12173 = ORIENTED_EDGE('',*,*,#12174,.T.);
#12174 = EDGE_CURVE('',#12113,#12175,#12177,.T.);
#12175 = VERTEX_POINT('',#12176);
#12176 = CARTESIAN_POINT('',(143.884,-91.357,1.));
#12177 = LINE('',#12178,#12179);
#12178 = CARTESIAN_POINT('',(143.884,-94.96,1.));
#12179 = VECTOR('',#12180,1.);
#12180 = DIRECTION('',(0.,1.,0.));
#12181 = ORIENTED_EDGE('',*,*,#12182,.F.);
#12182 = EDGE_CURVE('',#12183,#12175,#12185,.T.);
#12183 = VERTEX_POINT('',#12184);
#12184 = CARTESIAN_POINT('',(143.884,-91.357,0.));
#12185 = LINE('',#12186,#12187);
#12186 = CARTESIAN_POINT('',(143.884,-91.357,0.));
#12187 = VECTOR('',#12188,1.);
#12188 = DIRECTION('',(0.,0.,1.));
#12189 = ORIENTED_EDGE('',*,*,#12190,.F.);
#12190 = EDGE_CURVE('',#12121,#12183,#12191,.T.);
#12191 = LINE('',#12192,#12193);
#12192 = CARTESIAN_POINT('',(143.884,-94.96,0.));
#12193 = VECTOR('',#12194,1.);
#12194 = DIRECTION('',(0.,1.,0.));
#12195 = PLANE('',#12196);
#12196 = AXIS2_PLACEMENT_3D('',#12197,#12198,#12199);
#12197 = CARTESIAN_POINT('',(143.884,-94.96,0.));
#12198 = DIRECTION('',(-1.,0.,0.));
#12199 = DIRECTION('',(0.,1.,0.));
#12200 = ADVANCED_FACE('',(#12201,#12316,#12327,#12363,#12374),#12410,
  .F.);
#12201 = FACE_BOUND('',#12202,.F.);
#12202 = EDGE_LOOP('',(#12203,#12204,#12205,#12213,#12221,#12229,#12237,
    #12245,#12253,#12261,#12269,#12277,#12285,#12293,#12301,#12309,
    #12315));
#12203 = ORIENTED_EDGE('',*,*,#12128,.F.);
#12204 = ORIENTED_EDGE('',*,*,#12159,.F.);
#12205 = ORIENTED_EDGE('',*,*,#12206,.F.);
#12206 = EDGE_CURVE('',#12207,#12143,#12209,.T.);
#12207 = VERTEX_POINT('',#12208);
#12208 = CARTESIAN_POINT('',(131.075,-91.357,0.));
#12209 = LINE('',#12210,#12211);
#12210 = CARTESIAN_POINT('',(131.075,-91.357,0.));
#12211 = VECTOR('',#12212,1.);
#12212 = DIRECTION('',(1.,0.,0.));
#12213 = ORIENTED_EDGE('',*,*,#12214,.F.);
#12214 = EDGE_CURVE('',#12215,#12207,#12217,.T.);
#12215 = VERTEX_POINT('',#12216);
#12216 = CARTESIAN_POINT('',(131.075,-94.96,0.));
#12217 = LINE('',#12218,#12219);
#12218 = CARTESIAN_POINT('',(131.075,-94.96,0.));
#12219 = VECTOR('',#12220,1.);
#12220 = DIRECTION('',(0.,1.,0.));
#12221 = ORIENTED_EDGE('',*,*,#12222,.F.);
#12222 = EDGE_CURVE('',#12223,#12215,#12225,.T.);
#12223 = VERTEX_POINT('',#12224);
#12224 = CARTESIAN_POINT('',(129.875,-94.964,0.));
#12225 = LINE('',#12226,#12227);
#12226 = CARTESIAN_POINT('',(129.875,-94.964,0.));
#12227 = VECTOR('',#12228,1.);
#12228 = DIRECTION('',(0.999994444491,3.333314814973E-03,0.));
#12229 = ORIENTED_EDGE('',*,*,#12230,.F.);
#12230 = EDGE_CURVE('',#12231,#12223,#12233,.T.);
#12231 = VERTEX_POINT('',#12232);
#12232 = CARTESIAN_POINT('',(129.875,-106.05,0.));
#12233 = LINE('',#12234,#12235);
#12234 = CARTESIAN_POINT('',(129.875,-106.05,0.));
#12235 = VECTOR('',#12236,1.);
#12236 = DIRECTION('',(0.,1.,0.));
#12237 = ORIENTED_EDGE('',*,*,#12238,.F.);
#12238 = EDGE_CURVE('',#12239,#12231,#12241,.T.);
#12239 = VERTEX_POINT('',#12240);
#12240 = CARTESIAN_POINT('',(151.075,-106.05,0.));
#12241 = LINE('',#12242,#12243);
#12242 = CARTESIAN_POINT('',(151.075,-106.05,0.));
#12243 = VECTOR('',#12244,1.);
#12244 = DIRECTION('',(-1.,0.,0.));
#12245 = ORIENTED_EDGE('',*,*,#12246,.F.);
#12246 = EDGE_CURVE('',#12247,#12239,#12249,.T.);
#12247 = VERTEX_POINT('',#12248);
#12248 = CARTESIAN_POINT('',(151.075,-94.964,0.));
#12249 = LINE('',#12250,#12251);
#12250 = CARTESIAN_POINT('',(151.075,-94.964,0.));
#12251 = VECTOR('',#12252,1.);
#12252 = DIRECTION('',(0.,-1.,0.));
#12253 = ORIENTED_EDGE('',*,*,#12254,.F.);
#12254 = EDGE_CURVE('',#12255,#12247,#12257,.T.);
#12255 = VERTEX_POINT('',#12256);
#12256 = CARTESIAN_POINT('',(151.075,-91.357,0.));
#12257 = LINE('',#12258,#12259);
#12258 = CARTESIAN_POINT('',(151.075,-91.357,0.));
#12259 = VECTOR('',#12260,1.);
#12260 = DIRECTION('',(0.,-1.,0.));
#12261 = ORIENTED_EDGE('',*,*,#12262,.F.);
#12262 = EDGE_CURVE('',#12263,#12255,#12265,.T.);
#12263 = VERTEX_POINT('',#12264);
#12264 = CARTESIAN_POINT('',(148.75,-91.357,0.));
#12265 = LINE('',#12266,#12267);
#12266 = CARTESIAN_POINT('',(148.75,-91.357,0.));
#12267 = VECTOR('',#12268,1.);
#12268 = DIRECTION('',(1.,0.,0.));
#12269 = ORIENTED_EDGE('',*,*,#12270,.F.);
#12270 = EDGE_CURVE('',#12271,#12263,#12273,.T.);
#12271 = VERTEX_POINT('',#12272);
#12272 = CARTESIAN_POINT('',(148.75,-94.96,0.));
#12273 = LINE('',#12274,#12275);
#12274 = CARTESIAN_POINT('',(148.75,-94.96,0.));
#12275 = VECTOR('',#12276,1.);
#12276 = DIRECTION('',(0.,1.,0.));
#12277 = ORIENTED_EDGE('',*,*,#12278,.F.);
#12278 = EDGE_CURVE('',#12279,#12271,#12281,.T.);
#12279 = VERTEX_POINT('',#12280);
#12280 = CARTESIAN_POINT('',(148.75,-99.225,0.));
#12281 = LINE('',#12282,#12283);
#12282 = CARTESIAN_POINT('',(148.75,-99.225,0.));
#12283 = VECTOR('',#12284,1.);
#12284 = DIRECTION('',(0.,1.,0.));
#12285 = ORIENTED_EDGE('',*,*,#12286,.F.);
#12286 = EDGE_CURVE('',#12287,#12279,#12289,.T.);
#12287 = VERTEX_POINT('',#12288);
#12288 = CARTESIAN_POINT('',(147.75,-99.225,0.));
#12289 = LINE('',#12290,#12291);
#12290 = CARTESIAN_POINT('',(147.75,-99.225,0.));
#12291 = VECTOR('',#12292,1.);
#12292 = DIRECTION('',(1.,0.,0.));
#12293 = ORIENTED_EDGE('',*,*,#12294,.F.);
#12294 = EDGE_CURVE('',#12295,#12287,#12297,.T.);
#12295 = VERTEX_POINT('',#12296);
#12296 = CARTESIAN_POINT('',(147.75,-94.96,0.));
#12297 = LINE('',#12298,#12299);
#12298 = CARTESIAN_POINT('',(147.75,-94.96,0.));
#12299 = VECTOR('',#12300,1.);
#12300 = DIRECTION('',(0.,-1.,0.));
#12301 = ORIENTED_EDGE('',*,*,#12302,.F.);
#12302 = EDGE_CURVE('',#12303,#12295,#12305,.T.);
#12303 = VERTEX_POINT('',#12304);
#12304 = CARTESIAN_POINT('',(147.75,-91.357,0.));
#12305 = LINE('',#12306,#12307);
#12306 = CARTESIAN_POINT('',(147.75,-91.357,0.));
#12307 = VECTOR('',#12308,1.);
#12308 = DIRECTION('',(0.,-1.,0.));
#12309 = ORIENTED_EDGE('',*,*,#12310,.F.);
#12310 = EDGE_CURVE('',#12183,#12303,#12311,.T.);
#12311 = LINE('',#12312,#12313);
#12312 = CARTESIAN_POINT('',(143.884,-91.357,0.));
#12313 = VECTOR('',#12314,1.);
#12314 = DIRECTION('',(1.,0.,0.));
#12315 = ORIENTED_EDGE('',*,*,#12190,.F.);
#12316 = FACE_BOUND('',#12317,.F.);
#12317 = EDGE_LOOP('',(#12318));
#12318 = ORIENTED_EDGE('',*,*,#12319,.T.);
#12319 = EDGE_CURVE('',#12320,#12320,#12322,.T.);
#12320 = VERTEX_POINT('',#12321);
#12321 = CARTESIAN_POINT('',(131.9,-104.825,0.));
#12322 = CIRCLE('',#12323,0.65);
#12323 = AXIS2_PLACEMENT_3D('',#12324,#12325,#12326);
#12324 = CARTESIAN_POINT('',(131.9,-104.175,0.));
#12325 = DIRECTION('',(-0.,0.,-1.));
#12326 = DIRECTION('',(-0.,-1.,0.));
#12327 = FACE_BOUND('',#12328,.F.);
#12328 = EDGE_LOOP('',(#12329,#12340,#12348,#12357));
#12329 = ORIENTED_EDGE('',*,*,#12330,.T.);
#12330 = EDGE_CURVE('',#12331,#12333,#12335,.T.);
#12331 = VERTEX_POINT('',#12332);
#12332 = CARTESIAN_POINT('',(149.64,-104.525,0.));
#12333 = VERTEX_POINT('',#12334);
#12334 = CARTESIAN_POINT('',(148.84,-104.525,0.));
#12335 = CIRCLE('',#12336,0.4);
#12336 = AXIS2_PLACEMENT_3D('',#12337,#12338,#12339);
#12337 = CARTESIAN_POINT('',(149.24,-104.525,0.));
#12338 = DIRECTION('',(-0.,0.,-1.));
#12339 = DIRECTION('',(-1.,0.,0.));
#12340 = ORIENTED_EDGE('',*,*,#12341,.T.);
#12341 = EDGE_CURVE('',#12333,#12342,#12344,.T.);
#12342 = VERTEX_POINT('',#12343);
#12343 = CARTESIAN_POINT('',(148.84,-103.525,0.));
#12344 = LINE('',#12345,#12346);
#12345 = CARTESIAN_POINT('',(148.84,-51.7625,0.));
#12346 = VECTOR('',#12347,1.);
#12347 = DIRECTION('',(-0.,1.,0.));
#12348 = ORIENTED_EDGE('',*,*,#12349,.T.);
#12349 = EDGE_CURVE('',#12342,#12350,#12352,.T.);
#12350 = VERTEX_POINT('',#12351);
#12351 = CARTESIAN_POINT('',(149.64,-103.525,0.));
#12352 = CIRCLE('',#12353,0.4);
#12353 = AXIS2_PLACEMENT_3D('',#12354,#12355,#12356);
#12354 = CARTESIAN_POINT('',(149.24,-103.525,0.));
#12355 = DIRECTION('',(0.,-0.,-1.));
#12356 = DIRECTION('',(1.,-3.552713678801E-14,0.));
#12357 = ORIENTED_EDGE('',*,*,#12358,.T.);
#12358 = EDGE_CURVE('',#12350,#12331,#12359,.T.);
#12359 = LINE('',#12360,#12361);
#12360 = CARTESIAN_POINT('',(149.64,-52.2625,0.));
#12361 = VECTOR('',#12362,1.);
#12362 = DIRECTION('',(0.,-1.,0.));
#12363 = FACE_BOUND('',#12364,.F.);
#12364 = EDGE_LOOP('',(#12365));
#12365 = ORIENTED_EDGE('',*,*,#12366,.T.);
#12366 = EDGE_CURVE('',#12367,#12367,#12369,.T.);
#12367 = VERTEX_POINT('',#12368);
#12368 = CARTESIAN_POINT('',(131.9,-97.325,0.));
#12369 = CIRCLE('',#12370,0.65);
#12370 = AXIS2_PLACEMENT_3D('',#12371,#12372,#12373);
#12371 = CARTESIAN_POINT('',(131.9,-96.675,0.));
#12372 = DIRECTION('',(-0.,0.,-1.));
#12373 = DIRECTION('',(-0.,-1.,0.));
#12374 = FACE_BOUND('',#12375,.F.);
#12375 = EDGE_LOOP('',(#12376,#12387,#12395,#12404));
#12376 = ORIENTED_EDGE('',*,*,#12377,.T.);
#12377 = EDGE_CURVE('',#12378,#12380,#12382,.T.);
#12378 = VERTEX_POINT('',#12379);
#12379 = CARTESIAN_POINT('',(147.1,-97.325,0.));
#12380 = VERTEX_POINT('',#12381);
#12381 = CARTESIAN_POINT('',(146.3,-97.325,0.));
#12382 = CIRCLE('',#12383,0.4);
#12383 = AXIS2_PLACEMENT_3D('',#12384,#12385,#12386);
#12384 = CARTESIAN_POINT('',(146.7,-97.325,0.));
#12385 = DIRECTION('',(-0.,0.,-1.));
#12386 = DIRECTION('',(-1.,3.552713678801E-14,0.));
#12387 = ORIENTED_EDGE('',*,*,#12388,.T.);
#12388 = EDGE_CURVE('',#12380,#12389,#12391,.T.);
#12389 = VERTEX_POINT('',#12390);
#12390 = CARTESIAN_POINT('',(146.3,-96.325,0.));
#12391 = LINE('',#12392,#12393);
#12392 = CARTESIAN_POINT('',(146.3,-48.1625,0.));
#12393 = VECTOR('',#12394,1.);
#12394 = DIRECTION('',(-0.,1.,0.));
#12395 = ORIENTED_EDGE('',*,*,#12396,.T.);
#12396 = EDGE_CURVE('',#12389,#12397,#12399,.T.);
#12397 = VERTEX_POINT('',#12398);
#12398 = CARTESIAN_POINT('',(147.1,-96.325,0.));
#12399 = CIRCLE('',#12400,0.4);
#12400 = AXIS2_PLACEMENT_3D('',#12401,#12402,#12403);
#12401 = CARTESIAN_POINT('',(146.7,-96.325,0.));
#12402 = DIRECTION('',(0.,-0.,-1.));
#12403 = DIRECTION('',(1.,-3.5527136788E-14,0.));
#12404 = ORIENTED_EDGE('',*,*,#12405,.T.);
#12405 = EDGE_CURVE('',#12397,#12378,#12406,.T.);
#12406 = LINE('',#12407,#12408);
#12407 = CARTESIAN_POINT('',(147.1,-48.6625,0.));
#12408 = VECTOR('',#12409,1.);
#12409 = DIRECTION('',(0.,-1.,0.));
#12410 = PLANE('',#12411);
#12411 = AXIS2_PLACEMENT_3D('',#12412,#12413,#12414);
#12412 = CARTESIAN_POINT('',(0.,0.,0.));
#12413 = DIRECTION('',(0.,0.,1.));
#12414 = DIRECTION('',(1.,0.,-0.));
#12415 = ADVANCED_FACE('',(#12416,#12531,#12542,#12578,#12589),#12625,
  .T.);
#12416 = FACE_BOUND('',#12417,.T.);
#12417 = EDGE_LOOP('',(#12418,#12419,#12420,#12428,#12436,#12444,#12452,
    #12460,#12468,#12476,#12484,#12492,#12500,#12508,#12516,#12524,
    #12530));
#12418 = ORIENTED_EDGE('',*,*,#12112,.F.);
#12419 = ORIENTED_EDGE('',*,*,#12152,.F.);
#12420 = ORIENTED_EDGE('',*,*,#12421,.F.);
#12421 = EDGE_CURVE('',#12422,#12145,#12424,.T.);
#12422 = VERTEX_POINT('',#12423);
#12423 = CARTESIAN_POINT('',(131.075,-91.357,1.));
#12424 = LINE('',#12425,#12426);
#12425 = CARTESIAN_POINT('',(131.075,-91.357,1.));
#12426 = VECTOR('',#12427,1.);
#12427 = DIRECTION('',(1.,0.,0.));
#12428 = ORIENTED_EDGE('',*,*,#12429,.F.);
#12429 = EDGE_CURVE('',#12430,#12422,#12432,.T.);
#12430 = VERTEX_POINT('',#12431);
#12431 = CARTESIAN_POINT('',(131.075,-94.96,1.));
#12432 = LINE('',#12433,#12434);
#12433 = CARTESIAN_POINT('',(131.075,-94.96,1.));
#12434 = VECTOR('',#12435,1.);
#12435 = DIRECTION('',(0.,1.,0.));
#12436 = ORIENTED_EDGE('',*,*,#12437,.F.);
#12437 = EDGE_CURVE('',#12438,#12430,#12440,.T.);
#12438 = VERTEX_POINT('',#12439);
#12439 = CARTESIAN_POINT('',(129.875,-94.964,1.));
#12440 = LINE('',#12441,#12442);
#12441 = CARTESIAN_POINT('',(129.875,-94.964,1.));
#12442 = VECTOR('',#12443,1.);
#12443 = DIRECTION('',(0.999994444491,3.333314814973E-03,0.));
#12444 = ORIENTED_EDGE('',*,*,#12445,.F.);
#12445 = EDGE_CURVE('',#12446,#12438,#12448,.T.);
#12446 = VERTEX_POINT('',#12447);
#12447 = CARTESIAN_POINT('',(129.875,-106.05,1.));
#12448 = LINE('',#12449,#12450);
#12449 = CARTESIAN_POINT('',(129.875,-106.05,1.));
#12450 = VECTOR('',#12451,1.);
#12451 = DIRECTION('',(0.,1.,0.));
#12452 = ORIENTED_EDGE('',*,*,#12453,.F.);
#12453 = EDGE_CURVE('',#12454,#12446,#12456,.T.);
#12454 = VERTEX_POINT('',#12455);
#12455 = CARTESIAN_POINT('',(151.075,-106.05,1.));
#12456 = LINE('',#12457,#12458);
#12457 = CARTESIAN_POINT('',(151.075,-106.05,1.));
#12458 = VECTOR('',#12459,1.);
#12459 = DIRECTION('',(-1.,0.,0.));
#12460 = ORIENTED_EDGE('',*,*,#12461,.F.);
#12461 = EDGE_CURVE('',#12462,#12454,#12464,.T.);
#12462 = VERTEX_POINT('',#12463);
#12463 = CARTESIAN_POINT('',(151.075,-94.964,1.));
#12464 = LINE('',#12465,#12466);
#12465 = CARTESIAN_POINT('',(151.075,-94.964,1.));
#12466 = VECTOR('',#12467,1.);
#12467 = DIRECTION('',(0.,-1.,0.));
#12468 = ORIENTED_EDGE('',*,*,#12469,.F.);
#12469 = EDGE_CURVE('',#12470,#12462,#12472,.T.);
#12470 = VERTEX_POINT('',#12471);
#12471 = CARTESIAN_POINT('',(151.075,-91.357,1.));
#12472 = LINE('',#12473,#12474);
#12473 = CARTESIAN_POINT('',(151.075,-91.357,1.));
#12474 = VECTOR('',#12475,1.);
#12475 = DIRECTION('',(0.,-1.,0.));
#12476 = ORIENTED_EDGE('',*,*,#12477,.F.);
#12477 = EDGE_CURVE('',#12478,#12470,#12480,.T.);
#12478 = VERTEX_POINT('',#12479);
#12479 = CARTESIAN_POINT('',(148.75,-91.357,1.));
#12480 = LINE('',#12481,#12482);
#12481 = CARTESIAN_POINT('',(148.75,-91.357,1.));
#12482 = VECTOR('',#12483,1.);
#12483 = DIRECTION('',(1.,0.,0.));
#12484 = ORIENTED_EDGE('',*,*,#12485,.F.);
#12485 = EDGE_CURVE('',#12486,#12478,#12488,.T.);
#12486 = VERTEX_POINT('',#12487);
#12487 = CARTESIAN_POINT('',(148.75,-94.96,1.));
#12488 = LINE('',#12489,#12490);
#12489 = CARTESIAN_POINT('',(148.75,-94.96,1.));
#12490 = VECTOR('',#12491,1.);
#12491 = DIRECTION('',(0.,1.,0.));
#12492 = ORIENTED_EDGE('',*,*,#12493,.F.);
#12493 = EDGE_CURVE('',#12494,#12486,#12496,.T.);
#12494 = VERTEX_POINT('',#12495);
#12495 = CARTESIAN_POINT('',(148.75,-99.225,1.));
#12496 = LINE('',#12497,#12498);
#12497 = CARTESIAN_POINT('',(148.75,-99.225,1.));
#12498 = VECTOR('',#12499,1.);
#12499 = DIRECTION('',(0.,1.,0.));
#12500 = ORIENTED_EDGE('',*,*,#12501,.F.);
#12501 = EDGE_CURVE('',#12502,#12494,#12504,.T.);
#12502 = VERTEX_POINT('',#12503);
#12503 = CARTESIAN_POINT('',(147.75,-99.225,1.));
#12504 = LINE('',#12505,#12506);
#12505 = CARTESIAN_POINT('',(147.75,-99.225,1.));
#12506 = VECTOR('',#12507,1.);
#12507 = DIRECTION('',(1.,0.,0.));
#12508 = ORIENTED_EDGE('',*,*,#12509,.F.);
#12509 = EDGE_CURVE('',#12510,#12502,#12512,.T.);
#12510 = VERTEX_POINT('',#12511);
#12511 = CARTESIAN_POINT('',(147.75,-94.96,1.));
#12512 = LINE('',#12513,#12514);
#12513 = CARTESIAN_POINT('',(147.75,-94.96,1.));
#12514 = VECTOR('',#12515,1.);
#12515 = DIRECTION('',(0.,-1.,0.));
#12516 = ORIENTED_EDGE('',*,*,#12517,.F.);
#12517 = EDGE_CURVE('',#12518,#12510,#12520,.T.);
#12518 = VERTEX_POINT('',#12519);
#12519 = CARTESIAN_POINT('',(147.75,-91.357,1.));
#12520 = LINE('',#12521,#12522);
#12521 = CARTESIAN_POINT('',(147.75,-91.357,1.));
#12522 = VECTOR('',#12523,1.);
#12523 = DIRECTION('',(0.,-1.,0.));
#12524 = ORIENTED_EDGE('',*,*,#12525,.F.);
#12525 = EDGE_CURVE('',#12175,#12518,#12526,.T.);
#12526 = LINE('',#12527,#12528);
#12527 = CARTESIAN_POINT('',(143.884,-91.357,1.));
#12528 = VECTOR('',#12529,1.);
#12529 = DIRECTION('',(1.,0.,0.));
#12530 = ORIENTED_EDGE('',*,*,#12174,.F.);
#12531 = FACE_BOUND('',#12532,.T.);
#12532 = EDGE_LOOP('',(#12533));
#12533 = ORIENTED_EDGE('',*,*,#12534,.T.);
#12534 = EDGE_CURVE('',#12535,#12535,#12537,.T.);
#12535 = VERTEX_POINT('',#12536);
#12536 = CARTESIAN_POINT('',(131.9,-104.825,1.));
#12537 = CIRCLE('',#12538,0.65);
#12538 = AXIS2_PLACEMENT_3D('',#12539,#12540,#12541);
#12539 = CARTESIAN_POINT('',(131.9,-104.175,1.));
#12540 = DIRECTION('',(-0.,0.,-1.));
#12541 = DIRECTION('',(-0.,-1.,0.));
#12542 = FACE_BOUND('',#12543,.T.);
#12543 = EDGE_LOOP('',(#12544,#12555,#12563,#12572));
#12544 = ORIENTED_EDGE('',*,*,#12545,.T.);
#12545 = EDGE_CURVE('',#12546,#12548,#12550,.T.);
#12546 = VERTEX_POINT('',#12547);
#12547 = CARTESIAN_POINT('',(149.64,-104.525,1.));
#12548 = VERTEX_POINT('',#12549);
#12549 = CARTESIAN_POINT('',(148.84,-104.525,1.));
#12550 = CIRCLE('',#12551,0.4);
#12551 = AXIS2_PLACEMENT_3D('',#12552,#12553,#12554);
#12552 = CARTESIAN_POINT('',(149.24,-104.525,1.));
#12553 = DIRECTION('',(-0.,0.,-1.));
#12554 = DIRECTION('',(-1.,0.,0.));
#12555 = ORIENTED_EDGE('',*,*,#12556,.T.);
#12556 = EDGE_CURVE('',#12548,#12557,#12559,.T.);
#12557 = VERTEX_POINT('',#12558);
#12558 = CARTESIAN_POINT('',(148.84,-103.525,1.));
#12559 = LINE('',#12560,#12561);
#12560 = CARTESIAN_POINT('',(148.84,-51.7625,1.));
#12561 = VECTOR('',#12562,1.);
#12562 = DIRECTION('',(-0.,1.,0.));
#12563 = ORIENTED_EDGE('',*,*,#12564,.T.);
#12564 = EDGE_CURVE('',#12557,#12565,#12567,.T.);
#12565 = VERTEX_POINT('',#12566);
#12566 = CARTESIAN_POINT('',(149.64,-103.525,1.));
#12567 = CIRCLE('',#12568,0.4);
#12568 = AXIS2_PLACEMENT_3D('',#12569,#12570,#12571);
#12569 = CARTESIAN_POINT('',(149.24,-103.525,1.));
#12570 = DIRECTION('',(0.,-0.,-1.));
#12571 = DIRECTION('',(1.,-3.552713678801E-14,0.));
#12572 = ORIENTED_EDGE('',*,*,#12573,.T.);
#12573 = EDGE_CURVE('',#12565,#12546,#12574,.T.);
#12574 = LINE('',#12575,#12576);
#12575 = CARTESIAN_POINT('',(149.64,-52.2625,1.));
#12576 = VECTOR('',#12577,1.);
#12577 = DIRECTION('',(0.,-1.,0.));
#12578 = FACE_BOUND('',#12579,.T.);
#12579 = EDGE_LOOP('',(#12580));
#12580 = ORIENTED_EDGE('',*,*,#12581,.T.);
#12581 = EDGE_CURVE('',#12582,#12582,#12584,.T.);
#12582 = VERTEX_POINT('',#12583);
#12583 = CARTESIAN_POINT('',(131.9,-97.325,1.));
#12584 = CIRCLE('',#12585,0.65);
#12585 = AXIS2_PLACEMENT_3D('',#12586,#12587,#12588);
#12586 = CARTESIAN_POINT('',(131.9,-96.675,1.));
#12587 = DIRECTION('',(-0.,0.,-1.));
#12588 = DIRECTION('',(-0.,-1.,0.));
#12589 = FACE_BOUND('',#12590,.T.);
#12590 = EDGE_LOOP('',(#12591,#12602,#12610,#12619));
#12591 = ORIENTED_EDGE('',*,*,#12592,.T.);
#12592 = EDGE_CURVE('',#12593,#12595,#12597,.T.);
#12593 = VERTEX_POINT('',#12594);
#12594 = CARTESIAN_POINT('',(147.1,-97.325,1.));
#12595 = VERTEX_POINT('',#12596);
#12596 = CARTESIAN_POINT('',(146.3,-97.325,1.));
#12597 = CIRCLE('',#12598,0.4);
#12598 = AXIS2_PLACEMENT_3D('',#12599,#12600,#12601);
#12599 = CARTESIAN_POINT('',(146.7,-97.325,1.));
#12600 = DIRECTION('',(-0.,0.,-1.));
#12601 = DIRECTION('',(-1.,3.552713678801E-14,0.));
#12602 = ORIENTED_EDGE('',*,*,#12603,.T.);
#12603 = EDGE_CURVE('',#12595,#12604,#12606,.T.);
#12604 = VERTEX_POINT('',#12605);
#12605 = CARTESIAN_POINT('',(146.3,-96.325,1.));
#12606 = LINE('',#12607,#12608);
#12607 = CARTESIAN_POINT('',(146.3,-48.1625,1.));
#12608 = VECTOR('',#12609,1.);
#12609 = DIRECTION('',(-0.,1.,0.));
#12610 = ORIENTED_EDGE('',*,*,#12611,.T.);
#12611 = EDGE_CURVE('',#12604,#12612,#12614,.T.);
#12612 = VERTEX_POINT('',#12613);
#12613 = CARTESIAN_POINT('',(147.1,-96.325,1.));
#12614 = CIRCLE('',#12615,0.4);
#12615 = AXIS2_PLACEMENT_3D('',#12616,#12617,#12618);
#12616 = CARTESIAN_POINT('',(146.7,-96.325,1.));
#12617 = DIRECTION('',(0.,-0.,-1.));
#12618 = DIRECTION('',(1.,-3.5527136788E-14,0.));
#12619 = ORIENTED_EDGE('',*,*,#12620,.T.);
#12620 = EDGE_CURVE('',#12612,#12593,#12621,.T.);
#12621 = LINE('',#12622,#12623);
#12622 = CARTESIAN_POINT('',(147.1,-48.6625,1.));
#12623 = VECTOR('',#12624,1.);
#12624 = DIRECTION('',(0.,-1.,0.));
#12625 = PLANE('',#12626);
#12626 = AXIS2_PLACEMENT_3D('',#12627,#12628,#12629);
#12627 = CARTESIAN_POINT('',(0.,0.,1.));
#12628 = DIRECTION('',(0.,0.,1.));
#12629 = DIRECTION('',(1.,0.,-0.));
#12630 = ADVANCED_FACE('',(#12631),#12642,.T.);
#12631 = FACE_BOUND('',#12632,.T.);
#12632 = EDGE_LOOP('',(#12633,#12639,#12640,#12641));
#12633 = ORIENTED_EDGE('',*,*,#12634,.T.);
#12634 = EDGE_CURVE('',#12207,#12422,#12635,.T.);
#12635 = LINE('',#12636,#12637);
#12636 = CARTESIAN_POINT('',(131.075,-91.357,0.));
#12637 = VECTOR('',#12638,1.);
#12638 = DIRECTION('',(0.,0.,1.));
#12639 = ORIENTED_EDGE('',*,*,#12421,.T.);
#12640 = ORIENTED_EDGE('',*,*,#12142,.F.);
#12641 = ORIENTED_EDGE('',*,*,#12206,.F.);
#12642 = PLANE('',#12643);
#12643 = AXIS2_PLACEMENT_3D('',#12644,#12645,#12646);
#12644 = CARTESIAN_POINT('',(131.075,-91.357,0.));
#12645 = DIRECTION('',(0.,1.,0.));
#12646 = DIRECTION('',(1.,0.,0.));
#12647 = ADVANCED_FACE('',(#12648),#12659,.T.);
#12648 = FACE_BOUND('',#12649,.T.);
#12649 = EDGE_LOOP('',(#12650,#12651,#12652,#12658));
#12650 = ORIENTED_EDGE('',*,*,#12182,.T.);
#12651 = ORIENTED_EDGE('',*,*,#12525,.T.);
#12652 = ORIENTED_EDGE('',*,*,#12653,.F.);
#12653 = EDGE_CURVE('',#12303,#12518,#12654,.T.);
#12654 = LINE('',#12655,#12656);
#12655 = CARTESIAN_POINT('',(147.75,-91.357,0.));
#12656 = VECTOR('',#12657,1.);
#12657 = DIRECTION('',(0.,0.,1.));
#12658 = ORIENTED_EDGE('',*,*,#12310,.F.);
#12659 = PLANE('',#12660);
#12660 = AXIS2_PLACEMENT_3D('',#12661,#12662,#12663);
#12661 = CARTESIAN_POINT('',(143.884,-91.357,0.));
#12662 = DIRECTION('',(0.,1.,0.));
#12663 = DIRECTION('',(1.,0.,0.));
#12664 = ADVANCED_FACE('',(#12665),#12676,.T.);
#12665 = FACE_BOUND('',#12666,.T.);
#12666 = EDGE_LOOP('',(#12667,#12673,#12674,#12675));
#12667 = ORIENTED_EDGE('',*,*,#12668,.T.);
#12668 = EDGE_CURVE('',#12215,#12430,#12669,.T.);
#12669 = LINE('',#12670,#12671);
#12670 = CARTESIAN_POINT('',(131.075,-94.96,0.));
#12671 = VECTOR('',#12672,1.);
#12672 = DIRECTION('',(0.,0.,1.));
#12673 = ORIENTED_EDGE('',*,*,#12429,.T.);
#12674 = ORIENTED_EDGE('',*,*,#12634,.F.);
#12675 = ORIENTED_EDGE('',*,*,#12214,.F.);
#12676 = PLANE('',#12677);
#12677 = AXIS2_PLACEMENT_3D('',#12678,#12679,#12680);
#12678 = CARTESIAN_POINT('',(131.075,-94.96,0.));
#12679 = DIRECTION('',(-1.,0.,0.));
#12680 = DIRECTION('',(0.,1.,0.));
#12681 = ADVANCED_FACE('',(#12682),#12693,.T.);
#12682 = FACE_BOUND('',#12683,.T.);
#12683 = EDGE_LOOP('',(#12684,#12685,#12686,#12692));
#12684 = ORIENTED_EDGE('',*,*,#12653,.T.);
#12685 = ORIENTED_EDGE('',*,*,#12517,.T.);
#12686 = ORIENTED_EDGE('',*,*,#12687,.F.);
#12687 = EDGE_CURVE('',#12295,#12510,#12688,.T.);
#12688 = LINE('',#12689,#12690);
#12689 = CARTESIAN_POINT('',(147.75,-94.96,0.));
#12690 = VECTOR('',#12691,1.);
#12691 = DIRECTION('',(0.,0.,1.));
#12692 = ORIENTED_EDGE('',*,*,#12302,.F.);
#12693 = PLANE('',#12694);
#12694 = AXIS2_PLACEMENT_3D('',#12695,#12696,#12697);
#12695 = CARTESIAN_POINT('',(147.75,-91.357,0.));
#12696 = DIRECTION('',(1.,0.,-0.));
#12697 = DIRECTION('',(0.,-1.,0.));
#12698 = ADVANCED_FACE('',(#12699),#12710,.T.);
#12699 = FACE_BOUND('',#12700,.T.);
#12700 = EDGE_LOOP('',(#12701,#12707,#12708,#12709));
#12701 = ORIENTED_EDGE('',*,*,#12702,.T.);
#12702 = EDGE_CURVE('',#12223,#12438,#12703,.T.);
#12703 = LINE('',#12704,#12705);
#12704 = CARTESIAN_POINT('',(129.875,-94.964,0.));
#12705 = VECTOR('',#12706,1.);
#12706 = DIRECTION('',(0.,0.,1.));
#12707 = ORIENTED_EDGE('',*,*,#12437,.T.);
#12708 = ORIENTED_EDGE('',*,*,#12668,.F.);
#12709 = ORIENTED_EDGE('',*,*,#12222,.F.);
#12710 = PLANE('',#12711);
#12711 = AXIS2_PLACEMENT_3D('',#12712,#12713,#12714);
#12712 = CARTESIAN_POINT('',(129.875,-94.964,0.));
#12713 = DIRECTION('',(-3.333314814973E-03,0.999994444491,0.));
#12714 = DIRECTION('',(0.999994444491,3.333314814973E-03,0.));
#12715 = ADVANCED_FACE('',(#12716),#12727,.T.);
#12716 = FACE_BOUND('',#12717,.T.);
#12717 = EDGE_LOOP('',(#12718,#12719,#12720,#12726));
#12718 = ORIENTED_EDGE('',*,*,#12687,.T.);
#12719 = ORIENTED_EDGE('',*,*,#12509,.T.);
#12720 = ORIENTED_EDGE('',*,*,#12721,.F.);
#12721 = EDGE_CURVE('',#12287,#12502,#12722,.T.);
#12722 = LINE('',#12723,#12724);
#12723 = CARTESIAN_POINT('',(147.75,-99.225,0.));
#12724 = VECTOR('',#12725,1.);
#12725 = DIRECTION('',(0.,0.,1.));
#12726 = ORIENTED_EDGE('',*,*,#12294,.F.);
#12727 = PLANE('',#12728);
#12728 = AXIS2_PLACEMENT_3D('',#12729,#12730,#12731);
#12729 = CARTESIAN_POINT('',(147.75,-94.96,0.));
#12730 = DIRECTION('',(1.,0.,-0.));
#12731 = DIRECTION('',(0.,-1.,0.));
#12732 = ADVANCED_FACE('',(#12733),#12744,.T.);
#12733 = FACE_BOUND('',#12734,.T.);
#12734 = EDGE_LOOP('',(#12735,#12741,#12742,#12743));
#12735 = ORIENTED_EDGE('',*,*,#12736,.T.);
#12736 = EDGE_CURVE('',#12231,#12446,#12737,.T.);
#12737 = LINE('',#12738,#12739);
#12738 = CARTESIAN_POINT('',(129.875,-106.05,0.));
#12739 = VECTOR('',#12740,1.);
#12740 = DIRECTION('',(0.,0.,1.));
#12741 = ORIENTED_EDGE('',*,*,#12445,.T.);
#12742 = ORIENTED_EDGE('',*,*,#12702,.F.);
#12743 = ORIENTED_EDGE('',*,*,#12230,.F.);
#12744 = PLANE('',#12745);
#12745 = AXIS2_PLACEMENT_3D('',#12746,#12747,#12748);
#12746 = CARTESIAN_POINT('',(129.875,-106.05,0.));
#12747 = DIRECTION('',(-1.,0.,0.));
#12748 = DIRECTION('',(0.,1.,0.));
#12749 = ADVANCED_FACE('',(#12750),#12761,.T.);
#12750 = FACE_BOUND('',#12751,.T.);
#12751 = EDGE_LOOP('',(#12752,#12753,#12754,#12760));
#12752 = ORIENTED_EDGE('',*,*,#12721,.T.);
#12753 = ORIENTED_EDGE('',*,*,#12501,.T.);
#12754 = ORIENTED_EDGE('',*,*,#12755,.F.);
#12755 = EDGE_CURVE('',#12279,#12494,#12756,.T.);
#12756 = LINE('',#12757,#12758);
#12757 = CARTESIAN_POINT('',(148.75,-99.225,0.));
#12758 = VECTOR('',#12759,1.);
#12759 = DIRECTION('',(0.,0.,1.));
#12760 = ORIENTED_EDGE('',*,*,#12286,.F.);
#12761 = PLANE('',#12762);
#12762 = AXIS2_PLACEMENT_3D('',#12763,#12764,#12765);
#12763 = CARTESIAN_POINT('',(147.75,-99.225,0.));
#12764 = DIRECTION('',(0.,1.,0.));
#12765 = DIRECTION('',(1.,0.,0.));
#12766 = ADVANCED_FACE('',(#12767),#12778,.T.);
#12767 = FACE_BOUND('',#12768,.T.);
#12768 = EDGE_LOOP('',(#12769,#12775,#12776,#12777));
#12769 = ORIENTED_EDGE('',*,*,#12770,.T.);
#12770 = EDGE_CURVE('',#12239,#12454,#12771,.T.);
#12771 = LINE('',#12772,#12773);
#12772 = CARTESIAN_POINT('',(151.075,-106.05,0.));
#12773 = VECTOR('',#12774,1.);
#12774 = DIRECTION('',(0.,0.,1.));
#12775 = ORIENTED_EDGE('',*,*,#12453,.T.);
#12776 = ORIENTED_EDGE('',*,*,#12736,.F.);
#12777 = ORIENTED_EDGE('',*,*,#12238,.F.);
#12778 = PLANE('',#12779);
#12779 = AXIS2_PLACEMENT_3D('',#12780,#12781,#12782);
#12780 = CARTESIAN_POINT('',(151.075,-106.05,0.));
#12781 = DIRECTION('',(0.,-1.,0.));
#12782 = DIRECTION('',(-1.,0.,0.));
#12783 = ADVANCED_FACE('',(#12784),#12795,.T.);
#12784 = FACE_BOUND('',#12785,.T.);
#12785 = EDGE_LOOP('',(#12786,#12787,#12788,#12794));
#12786 = ORIENTED_EDGE('',*,*,#12755,.T.);
#12787 = ORIENTED_EDGE('',*,*,#12493,.T.);
#12788 = ORIENTED_EDGE('',*,*,#12789,.F.);
#12789 = EDGE_CURVE('',#12271,#12486,#12790,.T.);
#12790 = LINE('',#12791,#12792);
#12791 = CARTESIAN_POINT('',(148.75,-94.96,0.));
#12792 = VECTOR('',#12793,1.);
#12793 = DIRECTION('',(0.,0.,1.));
#12794 = ORIENTED_EDGE('',*,*,#12278,.F.);
#12795 = PLANE('',#12796);
#12796 = AXIS2_PLACEMENT_3D('',#12797,#12798,#12799);
#12797 = CARTESIAN_POINT('',(148.75,-99.225,0.));
#12798 = DIRECTION('',(-1.,0.,0.));
#12799 = DIRECTION('',(0.,1.,0.));
#12800 = ADVANCED_FACE('',(#12801),#12812,.T.);
#12801 = FACE_BOUND('',#12802,.T.);
#12802 = EDGE_LOOP('',(#12803,#12809,#12810,#12811));
#12803 = ORIENTED_EDGE('',*,*,#12804,.T.);
#12804 = EDGE_CURVE('',#12247,#12462,#12805,.T.);
#12805 = LINE('',#12806,#12807);
#12806 = CARTESIAN_POINT('',(151.075,-94.964,0.));
#12807 = VECTOR('',#12808,1.);
#12808 = DIRECTION('',(0.,0.,1.));
#12809 = ORIENTED_EDGE('',*,*,#12461,.T.);
#12810 = ORIENTED_EDGE('',*,*,#12770,.F.);
#12811 = ORIENTED_EDGE('',*,*,#12246,.F.);
#12812 = PLANE('',#12813);
#12813 = AXIS2_PLACEMENT_3D('',#12814,#12815,#12816);
#12814 = CARTESIAN_POINT('',(151.075,-94.964,0.));
#12815 = DIRECTION('',(1.,0.,-0.));
#12816 = DIRECTION('',(0.,-1.,0.));
#12817 = ADVANCED_FACE('',(#12818),#12829,.T.);
#12818 = FACE_BOUND('',#12819,.T.);
#12819 = EDGE_LOOP('',(#12820,#12821,#12822,#12828));
#12820 = ORIENTED_EDGE('',*,*,#12789,.T.);
#12821 = ORIENTED_EDGE('',*,*,#12485,.T.);
#12822 = ORIENTED_EDGE('',*,*,#12823,.F.);
#12823 = EDGE_CURVE('',#12263,#12478,#12824,.T.);
#12824 = LINE('',#12825,#12826);
#12825 = CARTESIAN_POINT('',(148.75,-91.357,0.));
#12826 = VECTOR('',#12827,1.);
#12827 = DIRECTION('',(0.,0.,1.));
#12828 = ORIENTED_EDGE('',*,*,#12270,.F.);
#12829 = PLANE('',#12830);
#12830 = AXIS2_PLACEMENT_3D('',#12831,#12832,#12833);
#12831 = CARTESIAN_POINT('',(148.75,-94.96,0.));
#12832 = DIRECTION('',(-1.,0.,0.));
#12833 = DIRECTION('',(0.,1.,0.));
#12834 = ADVANCED_FACE('',(#12835),#12846,.T.);
#12835 = FACE_BOUND('',#12836,.T.);
#12836 = EDGE_LOOP('',(#12837,#12843,#12844,#12845));
#12837 = ORIENTED_EDGE('',*,*,#12838,.T.);
#12838 = EDGE_CURVE('',#12255,#12470,#12839,.T.);
#12839 = LINE('',#12840,#12841);
#12840 = CARTESIAN_POINT('',(151.075,-91.357,0.));
#12841 = VECTOR('',#12842,1.);
#12842 = DIRECTION('',(0.,0.,1.));
#12843 = ORIENTED_EDGE('',*,*,#12469,.T.);
#12844 = ORIENTED_EDGE('',*,*,#12804,.F.);
#12845 = ORIENTED_EDGE('',*,*,#12254,.F.);
#12846 = PLANE('',#12847);
#12847 = AXIS2_PLACEMENT_3D('',#12848,#12849,#12850);
#12848 = CARTESIAN_POINT('',(151.075,-91.357,0.));
#12849 = DIRECTION('',(1.,0.,-0.));
#12850 = DIRECTION('',(0.,-1.,0.));
#12851 = ADVANCED_FACE('',(#12852),#12858,.T.);
#12852 = FACE_BOUND('',#12853,.T.);
#12853 = EDGE_LOOP('',(#12854,#12855,#12856,#12857));
#12854 = ORIENTED_EDGE('',*,*,#12823,.T.);
#12855 = ORIENTED_EDGE('',*,*,#12477,.T.);
#12856 = ORIENTED_EDGE('',*,*,#12838,.F.);
#12857 = ORIENTED_EDGE('',*,*,#12262,.F.);
#12858 = PLANE('',#12859);
#12859 = AXIS2_PLACEMENT_3D('',#12860,#12861,#12862);
#12860 = CARTESIAN_POINT('',(148.75,-91.357,0.));
#12861 = DIRECTION('',(0.,1.,0.));
#12862 = DIRECTION('',(1.,0.,0.));
#12863 = ADVANCED_FACE('',(#12864),#12875,.F.);
#12864 = FACE_BOUND('',#12865,.T.);
#12865 = EDGE_LOOP('',(#12866,#12867,#12873,#12874));
#12866 = ORIENTED_EDGE('',*,*,#12319,.T.);
#12867 = ORIENTED_EDGE('',*,*,#12868,.T.);
#12868 = EDGE_CURVE('',#12320,#12535,#12869,.T.);
#12869 = LINE('',#12870,#12871);
#12870 = CARTESIAN_POINT('',(131.9,-104.825,-4.5E-02));
#12871 = VECTOR('',#12872,1.);
#12872 = DIRECTION('',(0.,0.,1.));
#12873 = ORIENTED_EDGE('',*,*,#12534,.F.);
#12874 = ORIENTED_EDGE('',*,*,#12868,.F.);
#12875 = CYLINDRICAL_SURFACE('',#12876,0.65);
#12876 = AXIS2_PLACEMENT_3D('',#12877,#12878,#12879);
#12877 = CARTESIAN_POINT('',(131.9,-104.175,-4.5E-02));
#12878 = DIRECTION('',(-0.,-0.,-1.));
#12879 = DIRECTION('',(-0.,-1.,0.));
#12880 = ADVANCED_FACE('',(#12881),#12897,.F.);
#12881 = FACE_BOUND('',#12882,.T.);
#12882 = EDGE_LOOP('',(#12883,#12884,#12890,#12891));
#12883 = ORIENTED_EDGE('',*,*,#12330,.T.);
#12884 = ORIENTED_EDGE('',*,*,#12885,.T.);
#12885 = EDGE_CURVE('',#12333,#12548,#12886,.T.);
#12886 = LINE('',#12887,#12888);
#12887 = CARTESIAN_POINT('',(148.84,-104.525,-4.5E-02));
#12888 = VECTOR('',#12889,1.);
#12889 = DIRECTION('',(0.,0.,1.));
#12890 = ORIENTED_EDGE('',*,*,#12545,.F.);
#12891 = ORIENTED_EDGE('',*,*,#12892,.F.);
#12892 = EDGE_CURVE('',#12331,#12546,#12893,.T.);
#12893 = LINE('',#12894,#12895);
#12894 = CARTESIAN_POINT('',(149.64,-104.525,-4.5E-02));
#12895 = VECTOR('',#12896,1.);
#12896 = DIRECTION('',(0.,0.,1.));
#12897 = CYLINDRICAL_SURFACE('',#12898,0.4);
#12898 = AXIS2_PLACEMENT_3D('',#12899,#12900,#12901);
#12899 = CARTESIAN_POINT('',(149.24,-104.525,-4.5E-02));
#12900 = DIRECTION('',(-0.,-0.,-1.));
#12901 = DIRECTION('',(-1.,0.,-0.));
#12902 = ADVANCED_FACE('',(#12903),#12914,.T.);
#12903 = FACE_BOUND('',#12904,.T.);
#12904 = EDGE_LOOP('',(#12905,#12906,#12907,#12908));
#12905 = ORIENTED_EDGE('',*,*,#12358,.T.);
#12906 = ORIENTED_EDGE('',*,*,#12892,.T.);
#12907 = ORIENTED_EDGE('',*,*,#12573,.F.);
#12908 = ORIENTED_EDGE('',*,*,#12909,.F.);
#12909 = EDGE_CURVE('',#12350,#12565,#12910,.T.);
#12910 = LINE('',#12911,#12912);
#12911 = CARTESIAN_POINT('',(149.64,-103.525,-4.5E-02));
#12912 = VECTOR('',#12913,1.);
#12913 = DIRECTION('',(0.,0.,1.));
#12914 = PLANE('',#12915);
#12915 = AXIS2_PLACEMENT_3D('',#12916,#12917,#12918);
#12916 = CARTESIAN_POINT('',(149.64,-104.525,-4.5E-02));
#12917 = DIRECTION('',(-1.,0.,0.));
#12918 = DIRECTION('',(0.,1.,0.));
#12919 = ADVANCED_FACE('',(#12920),#12931,.F.);
#12920 = FACE_BOUND('',#12921,.T.);
#12921 = EDGE_LOOP('',(#12922,#12923,#12924,#12925));
#12922 = ORIENTED_EDGE('',*,*,#12349,.T.);
#12923 = ORIENTED_EDGE('',*,*,#12909,.T.);
#12924 = ORIENTED_EDGE('',*,*,#12564,.F.);
#12925 = ORIENTED_EDGE('',*,*,#12926,.F.);
#12926 = EDGE_CURVE('',#12342,#12557,#12927,.T.);
#12927 = LINE('',#12928,#12929);
#12928 = CARTESIAN_POINT('',(148.84,-103.525,-4.5E-02));
#12929 = VECTOR('',#12930,1.);
#12930 = DIRECTION('',(0.,0.,1.));
#12931 = CYLINDRICAL_SURFACE('',#12932,0.4);
#12932 = AXIS2_PLACEMENT_3D('',#12933,#12934,#12935);
#12933 = CARTESIAN_POINT('',(149.24,-103.525,-4.5E-02));
#12934 = DIRECTION('',(-0.,-0.,-1.));
#12935 = DIRECTION('',(1.,-3.552713678801E-14,0.));
#12936 = ADVANCED_FACE('',(#12937),#12943,.T.);
#12937 = FACE_BOUND('',#12938,.T.);
#12938 = EDGE_LOOP('',(#12939,#12940,#12941,#12942));
#12939 = ORIENTED_EDGE('',*,*,#12341,.T.);
#12940 = ORIENTED_EDGE('',*,*,#12926,.T.);
#12941 = ORIENTED_EDGE('',*,*,#12556,.F.);
#12942 = ORIENTED_EDGE('',*,*,#12885,.F.);
#12943 = PLANE('',#12944);
#12944 = AXIS2_PLACEMENT_3D('',#12945,#12946,#12947);
#12945 = CARTESIAN_POINT('',(148.84,-103.525,-4.5E-02));
#12946 = DIRECTION('',(1.,0.,-0.));
#12947 = DIRECTION('',(0.,-1.,0.));
#12948 = ADVANCED_FACE('',(#12949),#12960,.F.);
#12949 = FACE_BOUND('',#12950,.T.);
#12950 = EDGE_LOOP('',(#12951,#12952,#12958,#12959));
#12951 = ORIENTED_EDGE('',*,*,#12366,.T.);
#12952 = ORIENTED_EDGE('',*,*,#12953,.T.);
#12953 = EDGE_CURVE('',#12367,#12582,#12954,.T.);
#12954 = LINE('',#12955,#12956);
#12955 = CARTESIAN_POINT('',(131.9,-97.325,-4.5E-02));
#12956 = VECTOR('',#12957,1.);
#12957 = DIRECTION('',(0.,0.,1.));
#12958 = ORIENTED_EDGE('',*,*,#12581,.F.);
#12959 = ORIENTED_EDGE('',*,*,#12953,.F.);
#12960 = CYLINDRICAL_SURFACE('',#12961,0.65);
#12961 = AXIS2_PLACEMENT_3D('',#12962,#12963,#12964);
#12962 = CARTESIAN_POINT('',(131.9,-96.675,-4.5E-02));
#12963 = DIRECTION('',(-0.,-0.,-1.));
#12964 = DIRECTION('',(-0.,-1.,0.));
#12965 = ADVANCED_FACE('',(#12966),#12982,.F.);
#12966 = FACE_BOUND('',#12967,.T.);
#12967 = EDGE_LOOP('',(#12968,#12969,#12975,#12976));
#12968 = ORIENTED_EDGE('',*,*,#12377,.T.);
#12969 = ORIENTED_EDGE('',*,*,#12970,.T.);
#12970 = EDGE_CURVE('',#12380,#12595,#12971,.T.);
#12971 = LINE('',#12972,#12973);
#12972 = CARTESIAN_POINT('',(146.3,-97.325,-4.5E-02));
#12973 = VECTOR('',#12974,1.);
#12974 = DIRECTION('',(0.,0.,1.));
#12975 = ORIENTED_EDGE('',*,*,#12592,.F.);
#12976 = ORIENTED_EDGE('',*,*,#12977,.F.);
#12977 = EDGE_CURVE('',#12378,#12593,#12978,.T.);
#12978 = LINE('',#12979,#12980);
#12979 = CARTESIAN_POINT('',(147.1,-97.325,-4.5E-02));
#12980 = VECTOR('',#12981,1.);
#12981 = DIRECTION('',(0.,0.,1.));
#12982 = CYLINDRICAL_SURFACE('',#12983,0.4);
#12983 = AXIS2_PLACEMENT_3D('',#12984,#12985,#12986);
#12984 = CARTESIAN_POINT('',(146.7,-97.325,-4.5E-02));
#12985 = DIRECTION('',(-0.,-0.,-1.));
#12986 = DIRECTION('',(-1.,3.552713678801E-14,-0.));
#12987 = ADVANCED_FACE('',(#12988),#12999,.T.);
#12988 = FACE_BOUND('',#12989,.T.);
#12989 = EDGE_LOOP('',(#12990,#12991,#12992,#12993));
#12990 = ORIENTED_EDGE('',*,*,#12405,.T.);
#12991 = ORIENTED_EDGE('',*,*,#12977,.T.);
#12992 = ORIENTED_EDGE('',*,*,#12620,.F.);
#12993 = ORIENTED_EDGE('',*,*,#12994,.F.);
#12994 = EDGE_CURVE('',#12397,#12612,#12995,.T.);
#12995 = LINE('',#12996,#12997);
#12996 = CARTESIAN_POINT('',(147.1,-96.325,-4.5E-02));
#12997 = VECTOR('',#12998,1.);
#12998 = DIRECTION('',(0.,0.,1.));
#12999 = PLANE('',#13000);
#13000 = AXIS2_PLACEMENT_3D('',#13001,#13002,#13003);
#13001 = CARTESIAN_POINT('',(147.1,-97.325,-4.5E-02));
#13002 = DIRECTION('',(-1.,0.,0.));
#13003 = DIRECTION('',(0.,1.,0.));
#13004 = ADVANCED_FACE('',(#13005),#13016,.F.);
#13005 = FACE_BOUND('',#13006,.T.);
#13006 = EDGE_LOOP('',(#13007,#13008,#13009,#13010));
#13007 = ORIENTED_EDGE('',*,*,#12396,.T.);
#13008 = ORIENTED_EDGE('',*,*,#12994,.T.);
#13009 = ORIENTED_EDGE('',*,*,#12611,.F.);
#13010 = ORIENTED_EDGE('',*,*,#13011,.F.);
#13011 = EDGE_CURVE('',#12389,#12604,#13012,.T.);
#13012 = LINE('',#13013,#13014);
#13013 = CARTESIAN_POINT('',(146.3,-96.325,-4.5E-02));
#13014 = VECTOR('',#13015,1.);
#13015 = DIRECTION('',(0.,0.,1.));
#13016 = CYLINDRICAL_SURFACE('',#13017,0.4);
#13017 = AXIS2_PLACEMENT_3D('',#13018,#13019,#13020);
#13018 = CARTESIAN_POINT('',(146.7,-96.325,-4.5E-02));
#13019 = DIRECTION('',(-0.,-0.,-1.));
#13020 = DIRECTION('',(1.,-3.5527136788E-14,0.));
#13021 = ADVANCED_FACE('',(#13022),#13028,.T.);
#13022 = FACE_BOUND('',#13023,.T.);
#13023 = EDGE_LOOP('',(#13024,#13025,#13026,#13027));
#13024 = ORIENTED_EDGE('',*,*,#12388,.T.);
#13025 = ORIENTED_EDGE('',*,*,#13011,.T.);
#13026 = ORIENTED_EDGE('',*,*,#12603,.F.);
#13027 = ORIENTED_EDGE('',*,*,#12970,.F.);
#13028 = PLANE('',#13029);
#13029 = AXIS2_PLACEMENT_3D('',#13030,#13031,#13032);
#13030 = CARTESIAN_POINT('',(146.3,-96.325,-4.5E-02));
#13031 = DIRECTION('',(1.,0.,-0.));
#13032 = DIRECTION('',(0.,-1.,0.));
#13033 = ( GEOMETRIC_REPRESENTATION_CONTEXT(3) 
GLOBAL_UNCERTAINTY_ASSIGNED_CONTEXT((#13037)) 
GLOBAL_UNIT_ASSIGNED_CONTEXT((#13034,#13035,#13036)) 
REPRESENTATION_CONTEXT('Context #1',
  '3D Context with UNIT and UNCERTAINTY') );
#13034 = ( LENGTH_UNIT() NAMED_UNIT(*) SI_UNIT(.MILLI.,.METRE.) );
#13035 = ( NAMED_UNIT(*) PLANE_ANGLE_UNIT() SI_UNIT($,.RADIAN.) );
#13036 = ( NAMED_UNIT(*) SI_UNIT($,.STERADIAN.) SOLID_ANGLE_UNIT() );
#13037 = UNCERTAINTY_MEASURE_WITH_UNIT(LENGTH_MEASURE(5.E-05),#13034,
  'distance_accuracy_value','confusion accuracy');
#13038 = CONTEXT_DEPENDENT_SHAPE_REPRESENTATION(#13039,#13041);
#13039 = ( REPRESENTATION_RELATIONSHIP('','',#12095,#10) 
REPRESENTATION_RELATIONSHIP_WITH_TRANSFORMATION(#13040) 
SHAPE_REPRESENTATION_RELATIONSHIP() );
#13040 = ITEM_DEFINED_TRANSFORMATION('','',#11,#51);
#13041 = PRODUCT_DEFINITION_SHAPE('Placement','Placement of an item',
  #13042);
#13042 = NEXT_ASSEMBLY_USAGE_OCCURRENCE('17','=>[0:1:1:16]','',#5,#12090
  ,$);
#13043 = PRODUCT_RELATED_PRODUCT_CATEGORY('part',$,(#12092));
#13044 = MECHANICAL_DESIGN_GEOMETRIC_PRESENTATION_REPRESENTATION('',(
    #13045,#13053,#13060,#13067,#13074,#13081,#13088,#13095,#13102,
    #13109,#13116,#13123,#13130,#13137,#13144,#13151,#13159,#13166,
    #13173,#13180,#13187,#13194,#13201,#13208,#13215,#13222,#13229,
    #13236,#13243,#13250,#13257,#13264,#13271,#13278,#13285,#13292,
    #13299,#13306,#13313,#13320,#13327,#13334,#13341,#13348,#13355,
    #13362,#13369,#13376,#13383,#13390,#13397,#13404,#13411,#13418,
    #13425,#13432,#13439,#13446,#13453,#13460,#13467,#13474,#13481,
    #13488,#13495,#13502,#13509,#13516,#13523,#13530,#13537,#13544,
    #13551,#13558,#13565,#13572),#4790);
#13045 = STYLED_ITEM('color',(#13046),#2718);
#13046 = PRESENTATION_STYLE_ASSIGNMENT((#13047));
#13047 = SURFACE_STYLE_USAGE(.BOTH.,#13048);
#13048 = SURFACE_SIDE_STYLE('',(#13049));
#13049 = SURFACE_STYLE_FILL_AREA(#13050);
#13050 = FILL_AREA_STYLE('',(#13051));
#13051 = FILL_AREA_STYLE_COLOUR('',#13052);
#13052 = COLOUR_RGB('',0.145098047169,0.14117647753,0.14117647753);
#13053 = STYLED_ITEM('color',(#13054),#2756);
#13054 = PRESENTATION_STYLE_ASSIGNMENT((#13055));
#13055 = SURFACE_STYLE_USAGE(.BOTH.,#13056);
#13056 = SURFACE_SIDE_STYLE('',(#13057));
#13057 = SURFACE_STYLE_FILL_AREA(#13058);
#13058 = FILL_AREA_STYLE('',(#13059));
#13059 = FILL_AREA_STYLE_COLOUR('',#13052);
#13060 = STYLED_ITEM('color',(#13061),#2819);
#13061 = PRESENTATION_STYLE_ASSIGNMENT((#13062));
#13062 = SURFACE_STYLE_USAGE(.BOTH.,#13063);
#13063 = SURFACE_SIDE_STYLE('',(#13064));
#13064 = SURFACE_STYLE_FILL_AREA(#13065);
#13065 = FILL_AREA_STYLE('',(#13066));
#13066 = FILL_AREA_STYLE_COLOUR('',#13052);
#13067 = STYLED_ITEM('color',(#13068),#2842);
#13068 = PRESENTATION_STYLE_ASSIGNMENT((#13069));
#13069 = SURFACE_STYLE_USAGE(.BOTH.,#13070);
#13070 = SURFACE_SIDE_STYLE('',(#13071));
#13071 = SURFACE_STYLE_FILL_AREA(#13072);
#13072 = FILL_AREA_STYLE('',(#13073));
#13073 = FILL_AREA_STYLE_COLOUR('',#13052);
#13074 = STYLED_ITEM('color',(#13075),#2871);
#13075 = PRESENTATION_STYLE_ASSIGNMENT((#13076));
#13076 = SURFACE_STYLE_USAGE(.BOTH.,#13077);
#13077 = SURFACE_SIDE_STYLE('',(#13078));
#13078 = SURFACE_STYLE_FILL_AREA(#13079);
#13079 = FILL_AREA_STYLE('',(#13080));
#13080 = FILL_AREA_STYLE_COLOUR('',#13052);
#13081 = STYLED_ITEM('color',(#13082),#2894);
#13082 = PRESENTATION_STYLE_ASSIGNMENT((#13083));
#13083 = SURFACE_STYLE_USAGE(.BOTH.,#13084);
#13084 = SURFACE_SIDE_STYLE('',(#13085));
#13085 = SURFACE_STYLE_FILL_AREA(#13086);
#13086 = FILL_AREA_STYLE('',(#13087));
#13087 = FILL_AREA_STYLE_COLOUR('',#13052);
#13088 = STYLED_ITEM('color',(#13089),#2933);
#13089 = PRESENTATION_STYLE_ASSIGNMENT((#13090));
#13090 = SURFACE_STYLE_USAGE(.BOTH.,#13091);
#13091 = SURFACE_SIDE_STYLE('',(#13092));
#13092 = SURFACE_STYLE_FILL_AREA(#13093);
#13093 = FILL_AREA_STYLE('',(#13094));
#13094 = FILL_AREA_STYLE_COLOUR('',#13052);
#13095 = STYLED_ITEM('color',(#13096),#2956);
#13096 = PRESENTATION_STYLE_ASSIGNMENT((#13097));
#13097 = SURFACE_STYLE_USAGE(.BOTH.,#13098);
#13098 = SURFACE_SIDE_STYLE('',(#13099));
#13099 = SURFACE_STYLE_FILL_AREA(#13100);
#13100 = FILL_AREA_STYLE('',(#13101));
#13101 = FILL_AREA_STYLE_COLOUR('',#13052);
#13102 = STYLED_ITEM('color',(#13103),#2979);
#13103 = PRESENTATION_STYLE_ASSIGNMENT((#13104));
#13104 = SURFACE_STYLE_USAGE(.BOTH.,#13105);
#13105 = SURFACE_SIDE_STYLE('',(#13106));
#13106 = SURFACE_STYLE_FILL_AREA(#13107);
#13107 = FILL_AREA_STYLE('',(#13108));
#13108 = FILL_AREA_STYLE_COLOUR('',#13052);
#13109 = STYLED_ITEM('color',(#13110),#3002);
#13110 = PRESENTATION_STYLE_ASSIGNMENT((#13111));
#13111 = SURFACE_STYLE_USAGE(.BOTH.,#13112);
#13112 = SURFACE_SIDE_STYLE('',(#13113));
#13113 = SURFACE_STYLE_FILL_AREA(#13114);
#13114 = FILL_AREA_STYLE('',(#13115));
#13115 = FILL_AREA_STYLE_COLOUR('',#13052);
#13116 = STYLED_ITEM('color',(#13117),#3051);
#13117 = PRESENTATION_STYLE_ASSIGNMENT((#13118));
#13118 = SURFACE_STYLE_USAGE(.BOTH.,#13119);
#13119 = SURFACE_SIDE_STYLE('',(#13120));
#13120 = SURFACE_STYLE_FILL_AREA(#13121);
#13121 = FILL_AREA_STYLE('',(#13122));
#13122 = FILL_AREA_STYLE_COLOUR('',#13052);
#13123 = STYLED_ITEM('color',(#13124),#3074);
#13124 = PRESENTATION_STYLE_ASSIGNMENT((#13125));
#13125 = SURFACE_STYLE_USAGE(.BOTH.,#13126);
#13126 = SURFACE_SIDE_STYLE('',(#13127));
#13127 = SURFACE_STYLE_FILL_AREA(#13128);
#13128 = FILL_AREA_STYLE('',(#13129));
#13129 = FILL_AREA_STYLE_COLOUR('',#13052);
#13130 = STYLED_ITEM('color',(#13131),#3103);
#13131 = PRESENTATION_STYLE_ASSIGNMENT((#13132));
#13132 = SURFACE_STYLE_USAGE(.BOTH.,#13133);
#13133 = SURFACE_SIDE_STYLE('',(#13134));
#13134 = SURFACE_STYLE_FILL_AREA(#13135);
#13135 = FILL_AREA_STYLE('',(#13136));
#13136 = FILL_AREA_STYLE_COLOUR('',#13052);
#13137 = STYLED_ITEM('color',(#13138),#3126);
#13138 = PRESENTATION_STYLE_ASSIGNMENT((#13139));
#13139 = SURFACE_STYLE_USAGE(.BOTH.,#13140);
#13140 = SURFACE_SIDE_STYLE('',(#13141));
#13141 = SURFACE_STYLE_FILL_AREA(#13142);
#13142 = FILL_AREA_STYLE('',(#13143));
#13143 = FILL_AREA_STYLE_COLOUR('',#13052);
#13144 = STYLED_ITEM('color',(#13145),#3150);
#13145 = PRESENTATION_STYLE_ASSIGNMENT((#13146));
#13146 = SURFACE_STYLE_USAGE(.BOTH.,#13147);
#13147 = SURFACE_SIDE_STYLE('',(#13148));
#13148 = SURFACE_STYLE_FILL_AREA(#13149);
#13149 = FILL_AREA_STYLE('',(#13150));
#13150 = FILL_AREA_STYLE_COLOUR('',#13052);
#13151 = STYLED_ITEM('color',(#13152),#3180);
#13152 = PRESENTATION_STYLE_ASSIGNMENT((#13153));
#13153 = SURFACE_STYLE_USAGE(.BOTH.,#13154);
#13154 = SURFACE_SIDE_STYLE('',(#13155));
#13155 = SURFACE_STYLE_FILL_AREA(#13156);
#13156 = FILL_AREA_STYLE('',(#13157));
#13157 = FILL_AREA_STYLE_COLOUR('',#13158);
#13158 = COLOUR_RGB('',0.823529417451,0.819607860991,0.780392170416);
#13159 = STYLED_ITEM('color',(#13160),#3213);
#13160 = PRESENTATION_STYLE_ASSIGNMENT((#13161));
#13161 = SURFACE_STYLE_USAGE(.BOTH.,#13162);
#13162 = SURFACE_SIDE_STYLE('',(#13163));
#13163 = SURFACE_STYLE_FILL_AREA(#13164);
#13164 = FILL_AREA_STYLE('',(#13165));
#13165 = FILL_AREA_STYLE_COLOUR('',#13052);
#13166 = STYLED_ITEM('color',(#13167),#3236);
#13167 = PRESENTATION_STYLE_ASSIGNMENT((#13168));
#13168 = SURFACE_STYLE_USAGE(.BOTH.,#13169);
#13169 = SURFACE_SIDE_STYLE('',(#13170));
#13170 = SURFACE_STYLE_FILL_AREA(#13171);
#13171 = FILL_AREA_STYLE('',(#13172));
#13172 = FILL_AREA_STYLE_COLOUR('',#13052);
#13173 = STYLED_ITEM('color',(#13174),#3259);
#13174 = PRESENTATION_STYLE_ASSIGNMENT((#13175));
#13175 = SURFACE_STYLE_USAGE(.BOTH.,#13176);
#13176 = SURFACE_SIDE_STYLE('',(#13177));
#13177 = SURFACE_STYLE_FILL_AREA(#13178);
#13178 = FILL_AREA_STYLE('',(#13179));
#13179 = FILL_AREA_STYLE_COLOUR('',#13052);
#13180 = STYLED_ITEM('color',(#13181),#3282);
#13181 = PRESENTATION_STYLE_ASSIGNMENT((#13182));
#13182 = SURFACE_STYLE_USAGE(.BOTH.,#13183);
#13183 = SURFACE_SIDE_STYLE('',(#13184));
#13184 = SURFACE_STYLE_FILL_AREA(#13185);
#13185 = FILL_AREA_STYLE('',(#13186));
#13186 = FILL_AREA_STYLE_COLOUR('',#13052);
#13187 = STYLED_ITEM('color',(#13188),#3306);
#13188 = PRESENTATION_STYLE_ASSIGNMENT((#13189));
#13189 = SURFACE_STYLE_USAGE(.BOTH.,#13190);
#13190 = SURFACE_SIDE_STYLE('',(#13191));
#13191 = SURFACE_STYLE_FILL_AREA(#13192);
#13192 = FILL_AREA_STYLE('',(#13193));
#13193 = FILL_AREA_STYLE_COLOUR('',#13052);
#13194 = STYLED_ITEM('color',(#13195),#3330);
#13195 = PRESENTATION_STYLE_ASSIGNMENT((#13196));
#13196 = SURFACE_STYLE_USAGE(.BOTH.,#13197);
#13197 = SURFACE_SIDE_STYLE('',(#13198));
#13198 = SURFACE_STYLE_FILL_AREA(#13199);
#13199 = FILL_AREA_STYLE('',(#13200));
#13200 = FILL_AREA_STYLE_COLOUR('',#13158);
#13201 = STYLED_ITEM('color',(#13202),#3363);
#13202 = PRESENTATION_STYLE_ASSIGNMENT((#13203));
#13203 = SURFACE_STYLE_USAGE(.BOTH.,#13204);
#13204 = SURFACE_SIDE_STYLE('',(#13205));
#13205 = SURFACE_STYLE_FILL_AREA(#13206);
#13206 = FILL_AREA_STYLE('',(#13207));
#13207 = FILL_AREA_STYLE_COLOUR('',#13158);
#13208 = STYLED_ITEM('color',(#13209),#3396);
#13209 = PRESENTATION_STYLE_ASSIGNMENT((#13210));
#13210 = SURFACE_STYLE_USAGE(.BOTH.,#13211);
#13211 = SURFACE_SIDE_STYLE('',(#13212));
#13212 = SURFACE_STYLE_FILL_AREA(#13213);
#13213 = FILL_AREA_STYLE('',(#13214));
#13214 = FILL_AREA_STYLE_COLOUR('',#13052);
#13215 = STYLED_ITEM('color',(#13216),#3427);
#13216 = PRESENTATION_STYLE_ASSIGNMENT((#13217));
#13217 = SURFACE_STYLE_USAGE(.BOTH.,#13218);
#13218 = SURFACE_SIDE_STYLE('',(#13219));
#13219 = SURFACE_STYLE_FILL_AREA(#13220);
#13220 = FILL_AREA_STYLE('',(#13221));
#13221 = FILL_AREA_STYLE_COLOUR('',#13052);
#13222 = STYLED_ITEM('color',(#13223),#3450);
#13223 = PRESENTATION_STYLE_ASSIGNMENT((#13224));
#13224 = SURFACE_STYLE_USAGE(.BOTH.,#13225);
#13225 = SURFACE_SIDE_STYLE('',(#13226));
#13226 = SURFACE_STYLE_FILL_AREA(#13227);
#13227 = FILL_AREA_STYLE('',(#13228));
#13228 = FILL_AREA_STYLE_COLOUR('',#13052);
#13229 = STYLED_ITEM('color',(#13230),#3479);
#13230 = PRESENTATION_STYLE_ASSIGNMENT((#13231));
#13231 = SURFACE_STYLE_USAGE(.BOTH.,#13232);
#13232 = SURFACE_SIDE_STYLE('',(#13233));
#13233 = SURFACE_STYLE_FILL_AREA(#13234);
#13234 = FILL_AREA_STYLE('',(#13235));
#13235 = FILL_AREA_STYLE_COLOUR('',#13052);
#13236 = STYLED_ITEM('color',(#13237),#3502);
#13237 = PRESENTATION_STYLE_ASSIGNMENT((#13238));
#13238 = SURFACE_STYLE_USAGE(.BOTH.,#13239);
#13239 = SURFACE_SIDE_STYLE('',(#13240));
#13240 = SURFACE_STYLE_FILL_AREA(#13241);
#13241 = FILL_AREA_STYLE('',(#13242));
#13242 = FILL_AREA_STYLE_COLOUR('',#13052);
#13243 = STYLED_ITEM('color',(#13244),#3526);
#13244 = PRESENTATION_STYLE_ASSIGNMENT((#13245));
#13245 = SURFACE_STYLE_USAGE(.BOTH.,#13246);
#13246 = SURFACE_SIDE_STYLE('',(#13247));
#13247 = SURFACE_STYLE_FILL_AREA(#13248);
#13248 = FILL_AREA_STYLE('',(#13249));
#13249 = FILL_AREA_STYLE_COLOUR('',#13158);
#13250 = STYLED_ITEM('color',(#13251),#3601);
#13251 = PRESENTATION_STYLE_ASSIGNMENT((#13252));
#13252 = SURFACE_STYLE_USAGE(.BOTH.,#13253);
#13253 = SURFACE_SIDE_STYLE('',(#13254));
#13254 = SURFACE_STYLE_FILL_AREA(#13255);
#13255 = FILL_AREA_STYLE('',(#13256));
#13256 = FILL_AREA_STYLE_COLOUR('',#13158);
#13257 = STYLED_ITEM('color',(#13258),#3676);
#13258 = PRESENTATION_STYLE_ASSIGNMENT((#13259));
#13259 = SURFACE_STYLE_USAGE(.BOTH.,#13260);
#13260 = SURFACE_SIDE_STYLE('',(#13261));
#13261 = SURFACE_STYLE_FILL_AREA(#13262);
#13262 = FILL_AREA_STYLE('',(#13263));
#13263 = FILL_AREA_STYLE_COLOUR('',#13052);
#13264 = STYLED_ITEM('color',(#13265),#3706);
#13265 = PRESENTATION_STYLE_ASSIGNMENT((#13266));
#13266 = SURFACE_STYLE_USAGE(.BOTH.,#13267);
#13267 = SURFACE_SIDE_STYLE('',(#13268));
#13268 = SURFACE_STYLE_FILL_AREA(#13269);
#13269 = FILL_AREA_STYLE('',(#13270));
#13270 = FILL_AREA_STYLE_COLOUR('',#13158);
#13271 = STYLED_ITEM('color',(#13272),#3723);
#13272 = PRESENTATION_STYLE_ASSIGNMENT((#13273));
#13273 = SURFACE_STYLE_USAGE(.BOTH.,#13274);
#13274 = SURFACE_SIDE_STYLE('',(#13275));
#13275 = SURFACE_STYLE_FILL_AREA(#13276);
#13276 = FILL_AREA_STYLE('',(#13277));
#13277 = FILL_AREA_STYLE_COLOUR('',#13052);
#13278 = STYLED_ITEM('color',(#13279),#3746);
#13279 = PRESENTATION_STYLE_ASSIGNMENT((#13280));
#13280 = SURFACE_STYLE_USAGE(.BOTH.,#13281);
#13281 = SURFACE_SIDE_STYLE('',(#13282));
#13282 = SURFACE_STYLE_FILL_AREA(#13283);
#13283 = FILL_AREA_STYLE('',(#13284));
#13284 = FILL_AREA_STYLE_COLOUR('',#13052);
#13285 = STYLED_ITEM('color',(#13286),#3769);
#13286 = PRESENTATION_STYLE_ASSIGNMENT((#13287));
#13287 = SURFACE_STYLE_USAGE(.BOTH.,#13288);
#13288 = SURFACE_SIDE_STYLE('',(#13289));
#13289 = SURFACE_STYLE_FILL_AREA(#13290);
#13290 = FILL_AREA_STYLE('',(#13291));
#13291 = FILL_AREA_STYLE_COLOUR('',#13052);
#13292 = STYLED_ITEM('color',(#13293),#3792);
#13293 = PRESENTATION_STYLE_ASSIGNMENT((#13294));
#13294 = SURFACE_STYLE_USAGE(.BOTH.,#13295);
#13295 = SURFACE_SIDE_STYLE('',(#13296));
#13296 = SURFACE_STYLE_FILL_AREA(#13297);
#13297 = FILL_AREA_STYLE('',(#13298));
#13298 = FILL_AREA_STYLE_COLOUR('',#13052);
#13299 = STYLED_ITEM('color',(#13300),#3816);
#13300 = PRESENTATION_STYLE_ASSIGNMENT((#13301));
#13301 = SURFACE_STYLE_USAGE(.BOTH.,#13302);
#13302 = SURFACE_SIDE_STYLE('',(#13303));
#13303 = SURFACE_STYLE_FILL_AREA(#13304);
#13304 = FILL_AREA_STYLE('',(#13305));
#13305 = FILL_AREA_STYLE_COLOUR('',#13158);
#13306 = STYLED_ITEM('color',(#13307),#3891);
#13307 = PRESENTATION_STYLE_ASSIGNMENT((#13308));
#13308 = SURFACE_STYLE_USAGE(.BOTH.,#13309);
#13309 = SURFACE_SIDE_STYLE('',(#13310));
#13310 = SURFACE_STYLE_FILL_AREA(#13311);
#13311 = FILL_AREA_STYLE('',(#13312));
#13312 = FILL_AREA_STYLE_COLOUR('',#13158);
#13313 = STYLED_ITEM('color',(#13314),#3966);
#13314 = PRESENTATION_STYLE_ASSIGNMENT((#13315));
#13315 = SURFACE_STYLE_USAGE(.BOTH.,#13316);
#13316 = SURFACE_SIDE_STYLE('',(#13317));
#13317 = SURFACE_STYLE_FILL_AREA(#13318);
#13318 = FILL_AREA_STYLE('',(#13319));
#13319 = FILL_AREA_STYLE_COLOUR('',#13052);
#13320 = STYLED_ITEM('color',(#13321),#3990);
#13321 = PRESENTATION_STYLE_ASSIGNMENT((#13322));
#13322 = SURFACE_STYLE_USAGE(.BOTH.,#13323);
#13323 = SURFACE_SIDE_STYLE('',(#13324));
#13324 = SURFACE_STYLE_FILL_AREA(#13325);
#13325 = FILL_AREA_STYLE('',(#13326));
#13326 = FILL_AREA_STYLE_COLOUR('',#13158);
#13327 = STYLED_ITEM('color',(#13328),#4065);
#13328 = PRESENTATION_STYLE_ASSIGNMENT((#13329));
#13329 = SURFACE_STYLE_USAGE(.BOTH.,#13330);
#13330 = SURFACE_SIDE_STYLE('',(#13331));
#13331 = SURFACE_STYLE_FILL_AREA(#13332);
#13332 = FILL_AREA_STYLE('',(#13333));
#13333 = FILL_AREA_STYLE_COLOUR('',#13158);
#13334 = STYLED_ITEM('color',(#13335),#4082);
#13335 = PRESENTATION_STYLE_ASSIGNMENT((#13336));
#13336 = SURFACE_STYLE_USAGE(.BOTH.,#13337);
#13337 = SURFACE_SIDE_STYLE('',(#13338));
#13338 = SURFACE_STYLE_FILL_AREA(#13339);
#13339 = FILL_AREA_STYLE('',(#13340));
#13340 = FILL_AREA_STYLE_COLOUR('',#13158);
#13341 = STYLED_ITEM('color',(#13342),#4157);
#13342 = PRESENTATION_STYLE_ASSIGNMENT((#13343));
#13343 = SURFACE_STYLE_USAGE(.BOTH.,#13344);
#13344 = SURFACE_SIDE_STYLE('',(#13345));
#13345 = SURFACE_STYLE_FILL_AREA(#13346);
#13346 = FILL_AREA_STYLE('',(#13347));
#13347 = FILL_AREA_STYLE_COLOUR('',#13158);
#13348 = STYLED_ITEM('color',(#13349),#4174);
#13349 = PRESENTATION_STYLE_ASSIGNMENT((#13350));
#13350 = SURFACE_STYLE_USAGE(.BOTH.,#13351);
#13351 = SURFACE_SIDE_STYLE('',(#13352));
#13352 = SURFACE_STYLE_FILL_AREA(#13353);
#13353 = FILL_AREA_STYLE('',(#13354));
#13354 = FILL_AREA_STYLE_COLOUR('',#13052);
#13355 = STYLED_ITEM('color',(#13356),#4205);
#13356 = PRESENTATION_STYLE_ASSIGNMENT((#13357));
#13357 = SURFACE_STYLE_USAGE(.BOTH.,#13358);
#13358 = SURFACE_SIDE_STYLE('',(#13359));
#13359 = SURFACE_STYLE_FILL_AREA(#13360);
#13360 = FILL_AREA_STYLE('',(#13361));
#13361 = FILL_AREA_STYLE_COLOUR('',#13052);
#13362 = STYLED_ITEM('color',(#13363),#4228);
#13363 = PRESENTATION_STYLE_ASSIGNMENT((#13364));
#13364 = SURFACE_STYLE_USAGE(.BOTH.,#13365);
#13365 = SURFACE_SIDE_STYLE('',(#13366));
#13366 = SURFACE_STYLE_FILL_AREA(#13367);
#13367 = FILL_AREA_STYLE('',(#13368));
#13368 = FILL_AREA_STYLE_COLOUR('',#13052);
#13369 = STYLED_ITEM('color',(#13370),#4284);
#13370 = PRESENTATION_STYLE_ASSIGNMENT((#13371));
#13371 = SURFACE_STYLE_USAGE(.BOTH.,#13372);
#13372 = SURFACE_SIDE_STYLE('',(#13373));
#13373 = SURFACE_STYLE_FILL_AREA(#13374);
#13374 = FILL_AREA_STYLE('',(#13375));
#13375 = FILL_AREA_STYLE_COLOUR('',#13052);
#13376 = STYLED_ITEM('color',(#13377),#4300);
#13377 = PRESENTATION_STYLE_ASSIGNMENT((#13378));
#13378 = SURFACE_STYLE_USAGE(.BOTH.,#13379);
#13379 = SURFACE_SIDE_STYLE('',(#13380));
#13380 = SURFACE_STYLE_FILL_AREA(#13381);
#13381 = FILL_AREA_STYLE('',(#13382));
#13382 = FILL_AREA_STYLE_COLOUR('',#13052);
#13383 = STYLED_ITEM('color',(#13384),#4323);
#13384 = PRESENTATION_STYLE_ASSIGNMENT((#13385));
#13385 = SURFACE_STYLE_USAGE(.BOTH.,#13386);
#13386 = SURFACE_SIDE_STYLE('',(#13387));
#13387 = SURFACE_STYLE_FILL_AREA(#13388);
#13388 = FILL_AREA_STYLE('',(#13389));
#13389 = FILL_AREA_STYLE_COLOUR('',#13158);
#13390 = STYLED_ITEM('color',(#13391),#4340);
#13391 = PRESENTATION_STYLE_ASSIGNMENT((#13392));
#13392 = SURFACE_STYLE_USAGE(.BOTH.,#13393);
#13393 = SURFACE_SIDE_STYLE('',(#13394));
#13394 = SURFACE_STYLE_FILL_AREA(#13395);
#13395 = FILL_AREA_STYLE('',(#13396));
#13396 = FILL_AREA_STYLE_COLOUR('',#13158);
#13397 = STYLED_ITEM('color',(#13398),#4357);
#13398 = PRESENTATION_STYLE_ASSIGNMENT((#13399));
#13399 = SURFACE_STYLE_USAGE(.BOTH.,#13400);
#13400 = SURFACE_SIDE_STYLE('',(#13401));
#13401 = SURFACE_STYLE_FILL_AREA(#13402);
#13402 = FILL_AREA_STYLE('',(#13403));
#13403 = FILL_AREA_STYLE_COLOUR('',#13158);
#13404 = STYLED_ITEM('color',(#13405),#4374);
#13405 = PRESENTATION_STYLE_ASSIGNMENT((#13406));
#13406 = SURFACE_STYLE_USAGE(.BOTH.,#13407);
#13407 = SURFACE_SIDE_STYLE('',(#13408));
#13408 = SURFACE_STYLE_FILL_AREA(#13409);
#13409 = FILL_AREA_STYLE('',(#13410));
#13410 = FILL_AREA_STYLE_COLOUR('',#13158);
#13411 = STYLED_ITEM('color',(#13412),#4391);
#13412 = PRESENTATION_STYLE_ASSIGNMENT((#13413));
#13413 = SURFACE_STYLE_USAGE(.BOTH.,#13414);
#13414 = SURFACE_SIDE_STYLE('',(#13415));
#13415 = SURFACE_STYLE_FILL_AREA(#13416);
#13416 = FILL_AREA_STYLE('',(#13417));
#13417 = FILL_AREA_STYLE_COLOUR('',#13158);
#13418 = STYLED_ITEM('color',(#13419),#4408);
#13419 = PRESENTATION_STYLE_ASSIGNMENT((#13420));
#13420 = SURFACE_STYLE_USAGE(.BOTH.,#13421);
#13421 = SURFACE_SIDE_STYLE('',(#13422));
#13422 = SURFACE_STYLE_FILL_AREA(#13423);
#13423 = FILL_AREA_STYLE('',(#13424));
#13424 = FILL_AREA_STYLE_COLOUR('',#13158);
#13425 = STYLED_ITEM('color',(#13426),#4425);
#13426 = PRESENTATION_STYLE_ASSIGNMENT((#13427));
#13427 = SURFACE_STYLE_USAGE(.BOTH.,#13428);
#13428 = SURFACE_SIDE_STYLE('',(#13429));
#13429 = SURFACE_STYLE_FILL_AREA(#13430);
#13430 = FILL_AREA_STYLE('',(#13431));
#13431 = FILL_AREA_STYLE_COLOUR('',#13158);
#13432 = STYLED_ITEM('color',(#13433),#4442);
#13433 = PRESENTATION_STYLE_ASSIGNMENT((#13434));
#13434 = SURFACE_STYLE_USAGE(.BOTH.,#13435);
#13435 = SURFACE_SIDE_STYLE('',(#13436));
#13436 = SURFACE_STYLE_FILL_AREA(#13437);
#13437 = FILL_AREA_STYLE('',(#13438));
#13438 = FILL_AREA_STYLE_COLOUR('',#13158);
#13439 = STYLED_ITEM('color',(#13440),#4454);
#13440 = PRESENTATION_STYLE_ASSIGNMENT((#13441));
#13441 = SURFACE_STYLE_USAGE(.BOTH.,#13442);
#13442 = SURFACE_SIDE_STYLE('',(#13443));
#13443 = SURFACE_STYLE_FILL_AREA(#13444);
#13444 = FILL_AREA_STYLE('',(#13445));
#13445 = FILL_AREA_STYLE_COLOUR('',#13052);
#13446 = STYLED_ITEM('color',(#13447),#4470);
#13447 = PRESENTATION_STYLE_ASSIGNMENT((#13448));
#13448 = SURFACE_STYLE_USAGE(.BOTH.,#13449);
#13449 = SURFACE_SIDE_STYLE('',(#13450));
#13450 = SURFACE_STYLE_FILL_AREA(#13451);
#13451 = FILL_AREA_STYLE('',(#13452));
#13452 = FILL_AREA_STYLE_COLOUR('',#13052);
#13453 = STYLED_ITEM('color',(#13454),#4486);
#13454 = PRESENTATION_STYLE_ASSIGNMENT((#13455));
#13455 = SURFACE_STYLE_USAGE(.BOTH.,#13456);
#13456 = SURFACE_SIDE_STYLE('',(#13457));
#13457 = SURFACE_STYLE_FILL_AREA(#13458);
#13458 = FILL_AREA_STYLE('',(#13459));
#13459 = FILL_AREA_STYLE_COLOUR('',#13052);
#13460 = STYLED_ITEM('color',(#13461),#4502);
#13461 = PRESENTATION_STYLE_ASSIGNMENT((#13462));
#13462 = SURFACE_STYLE_USAGE(.BOTH.,#13463);
#13463 = SURFACE_SIDE_STYLE('',(#13464));
#13464 = SURFACE_STYLE_FILL_AREA(#13465);
#13465 = FILL_AREA_STYLE('',(#13466));
#13466 = FILL_AREA_STYLE_COLOUR('',#13052);
#13467 = STYLED_ITEM('color',(#13468),#4528);
#13468 = PRESENTATION_STYLE_ASSIGNMENT((#13469));
#13469 = SURFACE_STYLE_USAGE(.BOTH.,#13470);
#13470 = SURFACE_SIDE_STYLE('',(#13471));
#13471 = SURFACE_STYLE_FILL_AREA(#13472);
#13472 = FILL_AREA_STYLE('',(#13473));
#13473 = FILL_AREA_STYLE_COLOUR('',#13158);
#13474 = STYLED_ITEM('color',(#13475),#4545);
#13475 = PRESENTATION_STYLE_ASSIGNMENT((#13476));
#13476 = SURFACE_STYLE_USAGE(.BOTH.,#13477);
#13477 = SURFACE_SIDE_STYLE('',(#13478));
#13478 = SURFACE_STYLE_FILL_AREA(#13479);
#13479 = FILL_AREA_STYLE('',(#13480));
#13480 = FILL_AREA_STYLE_COLOUR('',#13158);
#13481 = STYLED_ITEM('color',(#13482),#4562);
#13482 = PRESENTATION_STYLE_ASSIGNMENT((#13483));
#13483 = SURFACE_STYLE_USAGE(.BOTH.,#13484);
#13484 = SURFACE_SIDE_STYLE('',(#13485));
#13485 = SURFACE_STYLE_FILL_AREA(#13486);
#13486 = FILL_AREA_STYLE('',(#13487));
#13487 = FILL_AREA_STYLE_COLOUR('',#13158);
#13488 = STYLED_ITEM('color',(#13489),#4579);
#13489 = PRESENTATION_STYLE_ASSIGNMENT((#13490));
#13490 = SURFACE_STYLE_USAGE(.BOTH.,#13491);
#13491 = SURFACE_SIDE_STYLE('',(#13492));
#13492 = SURFACE_STYLE_FILL_AREA(#13493);
#13493 = FILL_AREA_STYLE('',(#13494));
#13494 = FILL_AREA_STYLE_COLOUR('',#13158);
#13495 = STYLED_ITEM('color',(#13496),#4596);
#13496 = PRESENTATION_STYLE_ASSIGNMENT((#13497));
#13497 = SURFACE_STYLE_USAGE(.BOTH.,#13498);
#13498 = SURFACE_SIDE_STYLE('',(#13499));
#13499 = SURFACE_STYLE_FILL_AREA(#13500);
#13500 = FILL_AREA_STYLE('',(#13501));
#13501 = FILL_AREA_STYLE_COLOUR('',#13158);
#13502 = STYLED_ITEM('color',(#13503),#4613);
#13503 = PRESENTATION_STYLE_ASSIGNMENT((#13504));
#13504 = SURFACE_STYLE_USAGE(.BOTH.,#13505);
#13505 = SURFACE_SIDE_STYLE('',(#13506));
#13506 = SURFACE_STYLE_FILL_AREA(#13507);
#13507 = FILL_AREA_STYLE('',(#13508));
#13508 = FILL_AREA_STYLE_COLOUR('',#13158);
#13509 = STYLED_ITEM('color',(#13510),#4630);
#13510 = PRESENTATION_STYLE_ASSIGNMENT((#13511));
#13511 = SURFACE_STYLE_USAGE(.BOTH.,#13512);
#13512 = SURFACE_SIDE_STYLE('',(#13513));
#13513 = SURFACE_STYLE_FILL_AREA(#13514);
#13514 = FILL_AREA_STYLE('',(#13515));
#13515 = FILL_AREA_STYLE_COLOUR('',#13158);
#13516 = STYLED_ITEM('color',(#13517),#4647);
#13517 = PRESENTATION_STYLE_ASSIGNMENT((#13518));
#13518 = SURFACE_STYLE_USAGE(.BOTH.,#13519);
#13519 = SURFACE_SIDE_STYLE('',(#13520));
#13520 = SURFACE_STYLE_FILL_AREA(#13521);
#13521 = FILL_AREA_STYLE('',(#13522));
#13522 = FILL_AREA_STYLE_COLOUR('',#13158);
#13523 = STYLED_ITEM('color',(#13524),#4659);
#13524 = PRESENTATION_STYLE_ASSIGNMENT((#13525));
#13525 = SURFACE_STYLE_USAGE(.BOTH.,#13526);
#13526 = SURFACE_SIDE_STYLE('',(#13527));
#13527 = SURFACE_STYLE_FILL_AREA(#13528);
#13528 = FILL_AREA_STYLE('',(#13529));
#13529 = FILL_AREA_STYLE_COLOUR('',#13158);
#13530 = STYLED_ITEM('color',(#13531),#4681);
#13531 = PRESENTATION_STYLE_ASSIGNMENT((#13532));
#13532 = SURFACE_STYLE_USAGE(.BOTH.,#13533);
#13533 = SURFACE_SIDE_STYLE('',(#13534));
#13534 = SURFACE_STYLE_FILL_AREA(#13535);
#13535 = FILL_AREA_STYLE('',(#13536));
#13536 = FILL_AREA_STYLE_COLOUR('',#13158);
#13537 = STYLED_ITEM('color',(#13538),#4698);
#13538 = PRESENTATION_STYLE_ASSIGNMENT((#13539));
#13539 = SURFACE_STYLE_USAGE(.BOTH.,#13540);
#13540 = SURFACE_SIDE_STYLE('',(#13541));
#13541 = SURFACE_STYLE_FILL_AREA(#13542);
#13542 = FILL_AREA_STYLE('',(#13543));
#13543 = FILL_AREA_STYLE_COLOUR('',#13158);
#13544 = STYLED_ITEM('color',(#13545),#4715);
#13545 = PRESENTATION_STYLE_ASSIGNMENT((#13546));
#13546 = SURFACE_STYLE_USAGE(.BOTH.,#13547);
#13547 = SURFACE_SIDE_STYLE('',(#13548));
#13548 = SURFACE_STYLE_FILL_AREA(#13549);
#13549 = FILL_AREA_STYLE('',(#13550));
#13550 = FILL_AREA_STYLE_COLOUR('',#13158);
#13551 = STYLED_ITEM('color',(#13552),#4732);
#13552 = PRESENTATION_STYLE_ASSIGNMENT((#13553));
#13553 = SURFACE_STYLE_USAGE(.BOTH.,#13554);
#13554 = SURFACE_SIDE_STYLE('',(#13555));
#13555 = SURFACE_STYLE_FILL_AREA(#13556);
#13556 = FILL_AREA_STYLE('',(#13557));
#13557 = FILL_AREA_STYLE_COLOUR('',#13158);
#13558 = STYLED_ITEM('color',(#13559),#4749);
#13559 = PRESENTATION_STYLE_ASSIGNMENT((#13560));
#13560 = SURFACE_STYLE_USAGE(.BOTH.,#13561);
#13561 = SURFACE_SIDE_STYLE('',(#13562));
#13562 = SURFACE_STYLE_FILL_AREA(#13563);
#13563 = FILL_AREA_STYLE('',(#13564));
#13564 = FILL_AREA_STYLE_COLOUR('',#13158);
#13565 = STYLED_ITEM('color',(#13566),#4766);
#13566 = PRESENTATION_STYLE_ASSIGNMENT((#13567));
#13567 = SURFACE_STYLE_USAGE(.BOTH.,#13568);
#13568 = SURFACE_SIDE_STYLE('',(#13569));
#13569 = SURFACE_STYLE_FILL_AREA(#13570);
#13570 = FILL_AREA_STYLE('',(#13571));
#13571 = FILL_AREA_STYLE_COLOUR('',#13158);
#13572 = STYLED_ITEM('color',(#13573),#4778);
#13573 = PRESENTATION_STYLE_ASSIGNMENT((#13574));
#13574 = SURFACE_STYLE_USAGE(.BOTH.,#13575);
#13575 = SURFACE_SIDE_STYLE('',(#13576));
#13576 = SURFACE_STYLE_FILL_AREA(#13577);
#13577 = FILL_AREA_STYLE('',(#13578));
#13578 = FILL_AREA_STYLE_COLOUR('',#13158);
#13579 = MECHANICAL_DESIGN_GEOMETRIC_PRESENTATION_REPRESENTATION('',(
    #13580,#13588,#13595,#13602,#13609,#13616,#13623,#13630,#13637,
    #13644,#13651,#13659,#13666,#13673,#13680,#13687,#13694,#13701,
    #13708,#13715,#13722,#13729,#13736,#13743,#13750,#13757,#13764,
    #13771),#946);
#13580 = STYLED_ITEM('color',(#13581),#94);
#13581 = PRESENTATION_STYLE_ASSIGNMENT((#13582));
#13582 = SURFACE_STYLE_USAGE(.BOTH.,#13583);
#13583 = SURFACE_SIDE_STYLE('',(#13584));
#13584 = SURFACE_STYLE_FILL_AREA(#13585);
#13585 = FILL_AREA_STYLE('',(#13586));
#13586 = FILL_AREA_STYLE_COLOUR('',#13587);
#13587 = COLOUR_RGB('',0.823999987314,0.819999987296,0.781000009244);
#13588 = STYLED_ITEM('color',(#13589),#170);
#13589 = PRESENTATION_STYLE_ASSIGNMENT((#13590));
#13590 = SURFACE_STYLE_USAGE(.BOTH.,#13591);
#13591 = SURFACE_SIDE_STYLE('',(#13592));
#13592 = SURFACE_STYLE_FILL_AREA(#13593);
#13593 = FILL_AREA_STYLE('',(#13594));
#13594 = FILL_AREA_STYLE_COLOUR('',#13587);
#13595 = STYLED_ITEM('color',(#13596),#201);
#13596 = PRESENTATION_STYLE_ASSIGNMENT((#13597));
#13597 = SURFACE_STYLE_USAGE(.BOTH.,#13598);
#13598 = SURFACE_SIDE_STYLE('',(#13599));
#13599 = SURFACE_STYLE_FILL_AREA(#13600);
#13600 = FILL_AREA_STYLE('',(#13601));
#13601 = FILL_AREA_STYLE_COLOUR('',#13587);
#13602 = STYLED_ITEM('color',(#13603),#226);
#13603 = PRESENTATION_STYLE_ASSIGNMENT((#13604));
#13604 = SURFACE_STYLE_USAGE(.BOTH.,#13605);
#13605 = SURFACE_SIDE_STYLE('',(#13606));
#13606 = SURFACE_STYLE_FILL_AREA(#13607);
#13607 = FILL_AREA_STYLE('',(#13608));
#13608 = FILL_AREA_STYLE_COLOUR('',#13587);
#13609 = STYLED_ITEM('color',(#13610),#251);
#13610 = PRESENTATION_STYLE_ASSIGNMENT((#13611));
#13611 = SURFACE_STYLE_USAGE(.BOTH.,#13612);
#13612 = SURFACE_SIDE_STYLE('',(#13613));
#13613 = SURFACE_STYLE_FILL_AREA(#13614);
#13614 = FILL_AREA_STYLE('',(#13615));
#13615 = FILL_AREA_STYLE_COLOUR('',#13587);
#13616 = STYLED_ITEM('color',(#13617),#275);
#13617 = PRESENTATION_STYLE_ASSIGNMENT((#13618));
#13618 = SURFACE_STYLE_USAGE(.BOTH.,#13619);
#13619 = SURFACE_SIDE_STYLE('',(#13620));
#13620 = SURFACE_STYLE_FILL_AREA(#13621);
#13621 = FILL_AREA_STYLE('',(#13622));
#13622 = FILL_AREA_STYLE_COLOUR('',#13587);
#13623 = STYLED_ITEM('color',(#13624),#299);
#13624 = PRESENTATION_STYLE_ASSIGNMENT((#13625));
#13625 = SURFACE_STYLE_USAGE(.BOTH.,#13626);
#13626 = SURFACE_SIDE_STYLE('',(#13627));
#13627 = SURFACE_STYLE_FILL_AREA(#13628);
#13628 = FILL_AREA_STYLE('',(#13629));
#13629 = FILL_AREA_STYLE_COLOUR('',#13587);
#13630 = STYLED_ITEM('color',(#13631),#324);
#13631 = PRESENTATION_STYLE_ASSIGNMENT((#13632));
#13632 = SURFACE_STYLE_USAGE(.BOTH.,#13633);
#13633 = SURFACE_SIDE_STYLE('',(#13634));
#13634 = SURFACE_STYLE_FILL_AREA(#13635);
#13635 = FILL_AREA_STYLE('',(#13636));
#13636 = FILL_AREA_STYLE_COLOUR('',#13587);
#13637 = STYLED_ITEM('color',(#13638),#349);
#13638 = PRESENTATION_STYLE_ASSIGNMENT((#13639));
#13639 = SURFACE_STYLE_USAGE(.BOTH.,#13640);
#13640 = SURFACE_SIDE_STYLE('',(#13641));
#13641 = SURFACE_STYLE_FILL_AREA(#13642);
#13642 = FILL_AREA_STYLE('',(#13643));
#13643 = FILL_AREA_STYLE_COLOUR('',#13587);
#13644 = STYLED_ITEM('color',(#13645),#366);
#13645 = PRESENTATION_STYLE_ASSIGNMENT((#13646));
#13646 = SURFACE_STYLE_USAGE(.BOTH.,#13647);
#13647 = SURFACE_SIDE_STYLE('',(#13648));
#13648 = SURFACE_STYLE_FILL_AREA(#13649);
#13649 = FILL_AREA_STYLE('',(#13650));
#13650 = FILL_AREA_STYLE_COLOUR('',#13587);
#13651 = STYLED_ITEM('color',(#13652),#452);
#13652 = PRESENTATION_STYLE_ASSIGNMENT((#13653));
#13653 = SURFACE_STYLE_USAGE(.BOTH.,#13654);
#13654 = SURFACE_SIDE_STYLE('',(#13655));
#13655 = SURFACE_STYLE_FILL_AREA(#13656);
#13656 = FILL_AREA_STYLE('',(#13657));
#13657 = FILL_AREA_STYLE_COLOUR('',#13658);
#13658 = COLOUR_RGB('',0.379000005575,0.270000008848,0.214999999939);
#13659 = STYLED_ITEM('color',(#13660),#484);
#13660 = PRESENTATION_STYLE_ASSIGNMENT((#13661));
#13661 = SURFACE_STYLE_USAGE(.BOTH.,#13662);
#13662 = SURFACE_SIDE_STYLE('',(#13663));
#13663 = SURFACE_STYLE_FILL_AREA(#13664);
#13664 = FILL_AREA_STYLE('',(#13665));
#13665 = FILL_AREA_STYLE_COLOUR('',#13658);
#13666 = STYLED_ITEM('color',(#13667),#508);
#13667 = PRESENTATION_STYLE_ASSIGNMENT((#13668));
#13668 = SURFACE_STYLE_USAGE(.BOTH.,#13669);
#13669 = SURFACE_SIDE_STYLE('',(#13670));
#13670 = SURFACE_STYLE_FILL_AREA(#13671);
#13671 = FILL_AREA_STYLE('',(#13672));
#13672 = FILL_AREA_STYLE_COLOUR('',#13658);
#13673 = STYLED_ITEM('color',(#13674),#533);
#13674 = PRESENTATION_STYLE_ASSIGNMENT((#13675));
#13675 = SURFACE_STYLE_USAGE(.BOTH.,#13676);
#13676 = SURFACE_SIDE_STYLE('',(#13677));
#13677 = SURFACE_STYLE_FILL_AREA(#13678);
#13678 = FILL_AREA_STYLE('',(#13679));
#13679 = FILL_AREA_STYLE_COLOUR('',#13658);
#13680 = STYLED_ITEM('color',(#13681),#557);
#13681 = PRESENTATION_STYLE_ASSIGNMENT((#13682));
#13682 = SURFACE_STYLE_USAGE(.BOTH.,#13683);
#13683 = SURFACE_SIDE_STYLE('',(#13684));
#13684 = SURFACE_STYLE_FILL_AREA(#13685);
#13685 = FILL_AREA_STYLE('',(#13686));
#13686 = FILL_AREA_STYLE_COLOUR('',#13658);
#13687 = STYLED_ITEM('color',(#13688),#582);
#13688 = PRESENTATION_STYLE_ASSIGNMENT((#13689));
#13689 = SURFACE_STYLE_USAGE(.BOTH.,#13690);
#13690 = SURFACE_SIDE_STYLE('',(#13691));
#13691 = SURFACE_STYLE_FILL_AREA(#13692);
#13692 = FILL_AREA_STYLE('',(#13693));
#13693 = FILL_AREA_STYLE_COLOUR('',#13658);
#13694 = STYLED_ITEM('color',(#13695),#606);
#13695 = PRESENTATION_STYLE_ASSIGNMENT((#13696));
#13696 = SURFACE_STYLE_USAGE(.BOTH.,#13697);
#13697 = SURFACE_SIDE_STYLE('',(#13698));
#13698 = SURFACE_STYLE_FILL_AREA(#13699);
#13699 = FILL_AREA_STYLE('',(#13700));
#13700 = FILL_AREA_STYLE_COLOUR('',#13658);
#13701 = STYLED_ITEM('color',(#13702),#631);
#13702 = PRESENTATION_STYLE_ASSIGNMENT((#13703));
#13703 = SURFACE_STYLE_USAGE(.BOTH.,#13704);
#13704 = SURFACE_SIDE_STYLE('',(#13705));
#13705 = SURFACE_STYLE_FILL_AREA(#13706);
#13706 = FILL_AREA_STYLE('',(#13707));
#13707 = FILL_AREA_STYLE_COLOUR('',#13658);
#13708 = STYLED_ITEM('color',(#13709),#648);
#13709 = PRESENTATION_STYLE_ASSIGNMENT((#13710));
#13710 = SURFACE_STYLE_USAGE(.BOTH.,#13711);
#13711 = SURFACE_SIDE_STYLE('',(#13712));
#13712 = SURFACE_STYLE_FILL_AREA(#13713);
#13713 = FILL_AREA_STYLE('',(#13714));
#13714 = FILL_AREA_STYLE_COLOUR('',#13587);
#13715 = STYLED_ITEM('color',(#13716),#734);
#13716 = PRESENTATION_STYLE_ASSIGNMENT((#13717));
#13717 = SURFACE_STYLE_USAGE(.BOTH.,#13718);
#13718 = SURFACE_SIDE_STYLE('',(#13719));
#13719 = SURFACE_STYLE_FILL_AREA(#13720);
#13720 = FILL_AREA_STYLE('',(#13721));
#13721 = FILL_AREA_STYLE_COLOUR('',#13587);
#13722 = STYLED_ITEM('color',(#13723),#765);
#13723 = PRESENTATION_STYLE_ASSIGNMENT((#13724));
#13724 = SURFACE_STYLE_USAGE(.BOTH.,#13725);
#13725 = SURFACE_SIDE_STYLE('',(#13726));
#13726 = SURFACE_STYLE_FILL_AREA(#13727);
#13727 = FILL_AREA_STYLE('',(#13728));
#13728 = FILL_AREA_STYLE_COLOUR('',#13587);
#13729 = STYLED_ITEM('color',(#13730),#790);
#13730 = PRESENTATION_STYLE_ASSIGNMENT((#13731));
#13731 = SURFACE_STYLE_USAGE(.BOTH.,#13732);
#13732 = SURFACE_SIDE_STYLE('',(#13733));
#13733 = SURFACE_STYLE_FILL_AREA(#13734);
#13734 = FILL_AREA_STYLE('',(#13735));
#13735 = FILL_AREA_STYLE_COLOUR('',#13587);
#13736 = STYLED_ITEM('color',(#13737),#815);
#13737 = PRESENTATION_STYLE_ASSIGNMENT((#13738));
#13738 = SURFACE_STYLE_USAGE(.BOTH.,#13739);
#13739 = SURFACE_SIDE_STYLE('',(#13740));
#13740 = SURFACE_STYLE_FILL_AREA(#13741);
#13741 = FILL_AREA_STYLE('',(#13742));
#13742 = FILL_AREA_STYLE_COLOUR('',#13587);
#13743 = STYLED_ITEM('color',(#13744),#839);
#13744 = PRESENTATION_STYLE_ASSIGNMENT((#13745));
#13745 = SURFACE_STYLE_USAGE(.BOTH.,#13746);
#13746 = SURFACE_SIDE_STYLE('',(#13747));
#13747 = SURFACE_STYLE_FILL_AREA(#13748);
#13748 = FILL_AREA_STYLE('',(#13749));
#13749 = FILL_AREA_STYLE_COLOUR('',#13587);
#13750 = STYLED_ITEM('color',(#13751),#863);
#13751 = PRESENTATION_STYLE_ASSIGNMENT((#13752));
#13752 = SURFACE_STYLE_USAGE(.BOTH.,#13753);
#13753 = SURFACE_SIDE_STYLE('',(#13754));
#13754 = SURFACE_STYLE_FILL_AREA(#13755);
#13755 = FILL_AREA_STYLE('',(#13756));
#13756 = FILL_AREA_STYLE_COLOUR('',#13587);
#13757 = STYLED_ITEM('color',(#13758),#888);
#13758 = PRESENTATION_STYLE_ASSIGNMENT((#13759));
#13759 = SURFACE_STYLE_USAGE(.BOTH.,#13760);
#13760 = SURFACE_SIDE_STYLE('',(#13761));
#13761 = SURFACE_STYLE_FILL_AREA(#13762);
#13762 = FILL_AREA_STYLE('',(#13763));
#13763 = FILL_AREA_STYLE_COLOUR('',#13587);
#13764 = STYLED_ITEM('color',(#13765),#913);
#13765 = PRESENTATION_STYLE_ASSIGNMENT((#13766));
#13766 = SURFACE_STYLE_USAGE(.BOTH.,#13767);
#13767 = SURFACE_SIDE_STYLE('',(#13768));
#13768 = SURFACE_STYLE_FILL_AREA(#13769);
#13769 = FILL_AREA_STYLE('',(#13770));
#13770 = FILL_AREA_STYLE_COLOUR('',#13587);
#13771 = STYLED_ITEM('color',(#13772),#930);
#13772 = PRESENTATION_STYLE_ASSIGNMENT((#13773));
#13773 = SURFACE_STYLE_USAGE(.BOTH.,#13774);
#13774 = SURFACE_SIDE_STYLE('',(#13775));
#13775 = SURFACE_STYLE_FILL_AREA(#13776);
#13776 = FILL_AREA_STYLE('',(#13777));
#13777 = FILL_AREA_STYLE_COLOUR('',#13587);
#13778 = MECHANICAL_DESIGN_GEOMETRIC_PRESENTATION_REPRESENTATION('',(
    #13779),#13033);
#13779 = STYLED_ITEM('color',(#13780),#12096);
#13780 = PRESENTATION_STYLE_ASSIGNMENT((#13781));
#13781 = SURFACE_STYLE_USAGE(.BOTH.,#13782);
#13782 = SURFACE_SIDE_STYLE('',(#13783));
#13783 = SURFACE_STYLE_FILL_AREA(#13784);
#13784 = FILL_AREA_STYLE('',(#13785));
#13785 = FILL_AREA_STYLE_COLOUR('',#13786);
#13786 = COLOUR_RGB('',0.313304153717,0.484529207832,0.410020903123);
#13787 = MECHANICAL_DESIGN_GEOMETRIC_PRESENTATION_REPRESENTATION('',(
    #13788,#13798,#13806,#13813,#13820,#13827,#13834,#13841,#13848,
    #13855,#13862,#13869,#13876,#13883,#13890,#13897,#13904,#13911,
    #13918,#13925,#13932,#13939,#13946,#13953,#13960,#13967),#12077);
#13788 = STYLED_ITEM('color',(#13789),#10387);
#13789 = PRESENTATION_STYLE_ASSIGNMENT((#13790,#13796));
#13790 = SURFACE_STYLE_USAGE(.BOTH.,#13791);
#13791 = SURFACE_SIDE_STYLE('',(#13792));
#13792 = SURFACE_STYLE_FILL_AREA(#13793);
#13793 = FILL_AREA_STYLE('',(#13794));
#13794 = FILL_AREA_STYLE_COLOUR('',#13795);
#13795 = DRAUGHTING_PRE_DEFINED_COLOUR('black');
#13796 = CURVE_STYLE('',#13797,POSITIVE_LENGTH_MEASURE(0.1),#13795);
#13797 = DRAUGHTING_PRE_DEFINED_CURVE_FONT('continuous');
#13798 = OVER_RIDING_STYLED_ITEM('overriding color',(#13799),#10389,
  #13788);
#13799 = PRESENTATION_STYLE_ASSIGNMENT((#13800));
#13800 = SURFACE_STYLE_USAGE(.BOTH.,#13801);
#13801 = SURFACE_SIDE_STYLE('',(#13802));
#13802 = SURFACE_STYLE_FILL_AREA(#13803);
#13803 = FILL_AREA_STYLE('',(#13804));
#13804 = FILL_AREA_STYLE_COLOUR('',#13805);
#13805 = COLOUR_RGB('',0.749019597622,0.749019597622,0.749019597622);
#13806 = OVER_RIDING_STYLED_ITEM('overriding color',(#13807),#10429,
  #13788);
#13807 = PRESENTATION_STYLE_ASSIGNMENT((#13808));
#13808 = SURFACE_STYLE_USAGE(.BOTH.,#13809);
#13809 = SURFACE_SIDE_STYLE('',(#13810));
#13810 = SURFACE_STYLE_FILL_AREA(#13811);
#13811 = FILL_AREA_STYLE('',(#13812));
#13812 = FILL_AREA_STYLE_COLOUR('',#13805);
#13813 = OVER_RIDING_STYLED_ITEM('overriding color',(#13814),#10782,
  #13788);
#13814 = PRESENTATION_STYLE_ASSIGNMENT((#13815));
#13815 = SURFACE_STYLE_USAGE(.BOTH.,#13816);
#13816 = SURFACE_SIDE_STYLE('',(#13817));
#13817 = SURFACE_STYLE_FILL_AREA(#13818);
#13818 = FILL_AREA_STYLE('',(#13819));
#13819 = FILL_AREA_STYLE_COLOUR('',#13805);
#13820 = OVER_RIDING_STYLED_ITEM('overriding color',(#13821),#10806,
  #13788);
#13821 = PRESENTATION_STYLE_ASSIGNMENT((#13822));
#13822 = SURFACE_STYLE_USAGE(.BOTH.,#13823);
#13823 = SURFACE_SIDE_STYLE('',(#13824));
#13824 = SURFACE_STYLE_FILL_AREA(#13825);
#13825 = FILL_AREA_STYLE('',(#13826));
#13826 = FILL_AREA_STYLE_COLOUR('',#13805);
#13827 = OVER_RIDING_STYLED_ITEM('overriding color',(#13828),#10823,
  #13788);
#13828 = PRESENTATION_STYLE_ASSIGNMENT((#13829));
#13829 = SURFACE_STYLE_USAGE(.BOTH.,#13830);
#13830 = SURFACE_SIDE_STYLE('',(#13831));
#13831 = SURFACE_STYLE_FILL_AREA(#13832);
#13832 = FILL_AREA_STYLE('',(#13833));
#13833 = FILL_AREA_STYLE_COLOUR('',#13805);
#13834 = OVER_RIDING_STYLED_ITEM('overriding color',(#13835),#10835,
  #13788);
#13835 = PRESENTATION_STYLE_ASSIGNMENT((#13836));
#13836 = SURFACE_STYLE_USAGE(.BOTH.,#13837);
#13837 = SURFACE_SIDE_STYLE('',(#13838));
#13838 = SURFACE_STYLE_FILL_AREA(#13839);
#13839 = FILL_AREA_STYLE('',(#13840));
#13840 = FILL_AREA_STYLE_COLOUR('',#13805);
#13841 = OVER_RIDING_STYLED_ITEM('overriding color',(#13842),#10943,
  #13788);
#13842 = PRESENTATION_STYLE_ASSIGNMENT((#13843));
#13843 = SURFACE_STYLE_USAGE(.BOTH.,#13844);
#13844 = SURFACE_SIDE_STYLE('',(#13845));
#13845 = SURFACE_STYLE_FILL_AREA(#13846);
#13846 = FILL_AREA_STYLE('',(#13847));
#13847 = FILL_AREA_STYLE_COLOUR('',#13805);
#13848 = OVER_RIDING_STYLED_ITEM('overriding color',(#13849),#10974,
  #13788);
#13849 = PRESENTATION_STYLE_ASSIGNMENT((#13850));
#13850 = SURFACE_STYLE_USAGE(.BOTH.,#13851);
#13851 = SURFACE_SIDE_STYLE('',(#13852));
#13852 = SURFACE_STYLE_FILL_AREA(#13853);
#13853 = FILL_AREA_STYLE('',(#13854));
#13854 = FILL_AREA_STYLE_COLOUR('',#13805);
#13855 = OVER_RIDING_STYLED_ITEM('overriding color',(#13856),#11029,
  #13788);
#13856 = PRESENTATION_STYLE_ASSIGNMENT((#13857));
#13857 = SURFACE_STYLE_USAGE(.BOTH.,#13858);
#13858 = SURFACE_SIDE_STYLE('',(#13859));
#13859 = SURFACE_STYLE_FILL_AREA(#13860);
#13860 = FILL_AREA_STYLE('',(#13861));
#13861 = FILL_AREA_STYLE_COLOUR('',#13805);
#13862 = OVER_RIDING_STYLED_ITEM('overriding color',(#13863),#11077,
  #13788);
#13863 = PRESENTATION_STYLE_ASSIGNMENT((#13864));
#13864 = SURFACE_STYLE_USAGE(.BOTH.,#13865);
#13865 = SURFACE_SIDE_STYLE('',(#13866));
#13866 = SURFACE_STYLE_FILL_AREA(#13867);
#13867 = FILL_AREA_STYLE('',(#13868));
#13868 = FILL_AREA_STYLE_COLOUR('',#13805);
#13869 = OVER_RIDING_STYLED_ITEM('overriding color',(#13870),#11108,
  #13788);
#13870 = PRESENTATION_STYLE_ASSIGNMENT((#13871));
#13871 = SURFACE_STYLE_USAGE(.BOTH.,#13872);
#13872 = SURFACE_SIDE_STYLE('',(#13873));
#13873 = SURFACE_STYLE_FILL_AREA(#13874);
#13874 = FILL_AREA_STYLE('',(#13875));
#13875 = FILL_AREA_STYLE_COLOUR('',#13805);
#13876 = OVER_RIDING_STYLED_ITEM('overriding color',(#13877),#11180,
  #13788);
#13877 = PRESENTATION_STYLE_ASSIGNMENT((#13878));
#13878 = SURFACE_STYLE_USAGE(.BOTH.,#13879);
#13879 = SURFACE_SIDE_STYLE('',(#13880));
#13880 = SURFACE_STYLE_FILL_AREA(#13881);
#13881 = FILL_AREA_STYLE('',(#13882));
#13882 = FILL_AREA_STYLE_COLOUR('',#13805);
#13883 = OVER_RIDING_STYLED_ITEM('overriding color',(#13884),#11235,
  #13788);
#13884 = PRESENTATION_STYLE_ASSIGNMENT((#13885));
#13885 = SURFACE_STYLE_USAGE(.BOTH.,#13886);
#13886 = SURFACE_SIDE_STYLE('',(#13887));
#13887 = SURFACE_STYLE_FILL_AREA(#13888);
#13888 = FILL_AREA_STYLE('',(#13889));
#13889 = FILL_AREA_STYLE_COLOUR('',#13805);
#13890 = OVER_RIDING_STYLED_ITEM('overriding color',(#13891),#11266,
  #13788);
#13891 = PRESENTATION_STYLE_ASSIGNMENT((#13892));
#13892 = SURFACE_STYLE_USAGE(.BOTH.,#13893);
#13893 = SURFACE_SIDE_STYLE('',(#13894));
#13894 = SURFACE_STYLE_FILL_AREA(#13895);
#13895 = FILL_AREA_STYLE('',(#13896));
#13896 = FILL_AREA_STYLE_COLOUR('',#13805);
#13897 = OVER_RIDING_STYLED_ITEM('overriding color',(#13898),#11283,
  #13788);
#13898 = PRESENTATION_STYLE_ASSIGNMENT((#13899));
#13899 = SURFACE_STYLE_USAGE(.BOTH.,#13900);
#13900 = SURFACE_SIDE_STYLE('',(#13901));
#13901 = SURFACE_STYLE_FILL_AREA(#13902);
#13902 = FILL_AREA_STYLE('',(#13903));
#13903 = FILL_AREA_STYLE_COLOUR('',#13805);
#13904 = OVER_RIDING_STYLED_ITEM('overriding color',(#13905),#11417,
  #13788);
#13905 = PRESENTATION_STYLE_ASSIGNMENT((#13906));
#13906 = SURFACE_STYLE_USAGE(.BOTH.,#13907);
#13907 = SURFACE_SIDE_STYLE('',(#13908));
#13908 = SURFACE_STYLE_FILL_AREA(#13909);
#13909 = FILL_AREA_STYLE('',(#13910));
#13910 = FILL_AREA_STYLE_COLOUR('',#13805);
#13911 = OVER_RIDING_STYLED_ITEM('overriding color',(#13912),#11531,
  #13788);
#13912 = PRESENTATION_STYLE_ASSIGNMENT((#13913));
#13913 = SURFACE_STYLE_USAGE(.BOTH.,#13914);
#13914 = SURFACE_SIDE_STYLE('',(#13915));
#13915 = SURFACE_STYLE_FILL_AREA(#13916);
#13916 = FILL_AREA_STYLE('',(#13917));
#13917 = FILL_AREA_STYLE_COLOUR('',#13805);
#13918 = OVER_RIDING_STYLED_ITEM('overriding color',(#13919),#11599,
  #13788);
#13919 = PRESENTATION_STYLE_ASSIGNMENT((#13920));
#13920 = SURFACE_STYLE_USAGE(.BOTH.,#13921);
#13921 = SURFACE_SIDE_STYLE('',(#13922));
#13922 = SURFACE_STYLE_FILL_AREA(#13923);
#13923 = FILL_AREA_STYLE('',(#13924));
#13924 = FILL_AREA_STYLE_COLOUR('',#13805);
#13925 = OVER_RIDING_STYLED_ITEM('overriding color',(#13926),#11616,
  #13788);
#13926 = PRESENTATION_STYLE_ASSIGNMENT((#13927));
#13927 = SURFACE_STYLE_USAGE(.BOTH.,#13928);
#13928 = SURFACE_SIDE_STYLE('',(#13929));
#13929 = SURFACE_STYLE_FILL_AREA(#13930);
#13930 = FILL_AREA_STYLE('',(#13931));
#13931 = FILL_AREA_STYLE_COLOUR('',#13805);
#13932 = OVER_RIDING_STYLED_ITEM('overriding color',(#13933),#11633,
  #13788);
#13933 = PRESENTATION_STYLE_ASSIGNMENT((#13934));
#13934 = SURFACE_STYLE_USAGE(.BOTH.,#13935);
#13935 = SURFACE_SIDE_STYLE('',(#13936));
#13936 = SURFACE_STYLE_FILL_AREA(#13937);
#13937 = FILL_AREA_STYLE('',(#13938));
#13938 = FILL_AREA_STYLE_COLOUR('',#13805);
#13939 = OVER_RIDING_STYLED_ITEM('overriding color',(#13940),#11650,
  #13788);
#13940 = PRESENTATION_STYLE_ASSIGNMENT((#13941));
#13941 = SURFACE_STYLE_USAGE(.BOTH.,#13942);
#13942 = SURFACE_SIDE_STYLE('',(#13943));
#13943 = SURFACE_STYLE_FILL_AREA(#13944);
#13944 = FILL_AREA_STYLE('',(#13945));
#13945 = FILL_AREA_STYLE_COLOUR('',#13805);
#13946 = OVER_RIDING_STYLED_ITEM('overriding color',(#13947),#11667,
  #13788);
#13947 = PRESENTATION_STYLE_ASSIGNMENT((#13948));
#13948 = SURFACE_STYLE_USAGE(.BOTH.,#13949);
#13949 = SURFACE_SIDE_STYLE('',(#13950));
#13950 = SURFACE_STYLE_FILL_AREA(#13951);
#13951 = FILL_AREA_STYLE('',(#13952));
#13952 = FILL_AREA_STYLE_COLOUR('',#13805);
#13953 = OVER_RIDING_STYLED_ITEM('overriding color',(#13954),#11769,
  #13788);
#13954 = PRESENTATION_STYLE_ASSIGNMENT((#13955));
#13955 = SURFACE_STYLE_USAGE(.BOTH.,#13956);
#13956 = SURFACE_SIDE_STYLE('',(#13957));
#13957 = SURFACE_STYLE_FILL_AREA(#13958);
#13958 = FILL_AREA_STYLE('',(#13959));
#13959 = FILL_AREA_STYLE_COLOUR('',#13805);
#13960 = OVER_RIDING_STYLED_ITEM('overriding color',(#13961),#11781,
  #13788);
#13961 = PRESENTATION_STYLE_ASSIGNMENT((#13962));
#13962 = SURFACE_STYLE_USAGE(.BOTH.,#13963);
#13963 = SURFACE_SIDE_STYLE('',(#13964));
#13964 = SURFACE_STYLE_FILL_AREA(#13965);
#13965 = FILL_AREA_STYLE('',(#13966));
#13966 = FILL_AREA_STYLE_COLOUR('',#13805);
#13967 = OVER_RIDING_STYLED_ITEM('overriding color',(#13968),#11793,
  #13788);
#13968 = PRESENTATION_STYLE_ASSIGNMENT((#13969));
#13969 = SURFACE_STYLE_USAGE(.BOTH.,#13970);
#13970 = SURFACE_SIDE_STYLE('',(#13971));
#13971 = SURFACE_STYLE_FILL_AREA(#13972);
#13972 = FILL_AREA_STYLE('',(#13973));
#13973 = FILL_AREA_STYLE_COLOUR('',#13805);
#13974 = MECHANICAL_DESIGN_GEOMETRIC_PRESENTATION_REPRESENTATION('',(
    #13975,#13982,#13989,#13996,#14003,#14010,#14017,#14024,#14031,
    #14038,#14045,#14052,#14059,#14066,#14073,#14080,#14087,#14094,
    #14101,#14108,#14115,#14122,#14129,#14136,#14143,#14150,#14157,
    #14164,#14171,#14178,#14185,#14192,#14199,#14206,#14213,#14220,
    #14227,#14234,#14241,#14248,#14255,#14262,#14269,#14276,#14283,
    #14290,#14297,#14304,#14311,#14318,#14325,#14332,#14339,#14346,
    #14353,#14360,#14367,#14374,#14381,#14388,#14395,#14402,#14409,
    #14416,#14423,#14430,#14437,#14444,#14451,#14458,#14465,#14472,
    #14479,#14486,#14493,#14500,#14507,#14514,#14521,#14528,#14535,
    #14542,#14549,#14556,#14563,#14570,#14577,#14584,#14591,#14598,
    #14605,#14612,#14619,#14626,#14633,#14640,#14647,#14654,#14661,
    #14669,#14676,#14683,#14690,#14697,#14704,#14711,#14718,#14725,
    #14732,#14739,#14746,#14753,#14760,#14767,#14774,#14781,#14788,
    #14795,#14802,#14809,#14816,#14823,#14830,#14837,#14844,#14851,
    #14858,#14865,#14872,#14879,#14886,#14893,#14900,#14907,#14914,
    #14921,#14928,#14935,#14942,#14949,#14956,#14963,#14970,#14977,
    #14984,#14991,#14998,#15005,#15012,#15019,#15026,#15033,#15040,
    #15047,#15054,#15061),#9439);
#13975 = STYLED_ITEM('color',(#13976),#4834);
#13976 = PRESENTATION_STYLE_ASSIGNMENT((#13977));
#13977 = SURFACE_STYLE_USAGE(.BOTH.,#13978);
#13978 = SURFACE_SIDE_STYLE('',(#13979));
#13979 = SURFACE_STYLE_FILL_AREA(#13980);
#13980 = FILL_AREA_STYLE('',(#13981));
#13981 = FILL_AREA_STYLE_COLOUR('',#13158);
#13982 = STYLED_ITEM('color',(#13983),#4876);
#13983 = PRESENTATION_STYLE_ASSIGNMENT((#13984));
#13984 = SURFACE_STYLE_USAGE(.BOTH.,#13985);
#13985 = SURFACE_SIDE_STYLE('',(#13986));
#13986 = SURFACE_STYLE_FILL_AREA(#13987);
#13987 = FILL_AREA_STYLE('',(#13988));
#13988 = FILL_AREA_STYLE_COLOUR('',#13158);
#13989 = STYLED_ITEM('color',(#13990),#4907);
#13990 = PRESENTATION_STYLE_ASSIGNMENT((#13991));
#13991 = SURFACE_STYLE_USAGE(.BOTH.,#13992);
#13992 = SURFACE_SIDE_STYLE('',(#13993));
#13993 = SURFACE_STYLE_FILL_AREA(#13994);
#13994 = FILL_AREA_STYLE('',(#13995));
#13995 = FILL_AREA_STYLE_COLOUR('',#13158);
#13996 = STYLED_ITEM('color',(#13997),#4938);
#13997 = PRESENTATION_STYLE_ASSIGNMENT((#13998));
#13998 = SURFACE_STYLE_USAGE(.BOTH.,#13999);
#13999 = SURFACE_SIDE_STYLE('',(#14000));
#14000 = SURFACE_STYLE_FILL_AREA(#14001);
#14001 = FILL_AREA_STYLE('',(#14002));
#14002 = FILL_AREA_STYLE_COLOUR('',#13158);
#14003 = STYLED_ITEM('color',(#14004),#5022);
#14004 = PRESENTATION_STYLE_ASSIGNMENT((#14005));
#14005 = SURFACE_STYLE_USAGE(.BOTH.,#14006);
#14006 = SURFACE_SIDE_STYLE('',(#14007));
#14007 = SURFACE_STYLE_FILL_AREA(#14008);
#14008 = FILL_AREA_STYLE('',(#14009));
#14009 = FILL_AREA_STYLE_COLOUR('',#13158);
#14010 = STYLED_ITEM('color',(#14011),#5106);
#14011 = PRESENTATION_STYLE_ASSIGNMENT((#14012));
#14012 = SURFACE_STYLE_USAGE(.BOTH.,#14013);
#14013 = SURFACE_SIDE_STYLE('',(#14014));
#14014 = SURFACE_STYLE_FILL_AREA(#14015);
#14015 = FILL_AREA_STYLE('',(#14016));
#14016 = FILL_AREA_STYLE_COLOUR('',#13052);
#14017 = STYLED_ITEM('color',(#14018),#5199);
#14018 = PRESENTATION_STYLE_ASSIGNMENT((#14019));
#14019 = SURFACE_STYLE_USAGE(.BOTH.,#14020);
#14020 = SURFACE_SIDE_STYLE('',(#14021));
#14021 = SURFACE_STYLE_FILL_AREA(#14022);
#14022 = FILL_AREA_STYLE('',(#14023));
#14023 = FILL_AREA_STYLE_COLOUR('',#13158);
#14024 = STYLED_ITEM('color',(#14025),#5216);
#14025 = PRESENTATION_STYLE_ASSIGNMENT((#14026));
#14026 = SURFACE_STYLE_USAGE(.BOTH.,#14027);
#14027 = SURFACE_SIDE_STYLE('',(#14028));
#14028 = SURFACE_STYLE_FILL_AREA(#14029);
#14029 = FILL_AREA_STYLE('',(#14030));
#14030 = FILL_AREA_STYLE_COLOUR('',#13052);
#14031 = STYLED_ITEM('color',(#14032),#5239);
#14032 = PRESENTATION_STYLE_ASSIGNMENT((#14033));
#14033 = SURFACE_STYLE_USAGE(.BOTH.,#14034);
#14034 = SURFACE_SIDE_STYLE('',(#14035));
#14035 = SURFACE_STYLE_FILL_AREA(#14036);
#14036 = FILL_AREA_STYLE('',(#14037));
#14037 = FILL_AREA_STYLE_COLOUR('',#13158);
#14038 = STYLED_ITEM('color',(#14039),#5277);
#14039 = PRESENTATION_STYLE_ASSIGNMENT((#14040));
#14040 = SURFACE_STYLE_USAGE(.BOTH.,#14041);
#14041 = SURFACE_SIDE_STYLE('',(#14042));
#14042 = SURFACE_STYLE_FILL_AREA(#14043);
#14043 = FILL_AREA_STYLE('',(#14044));
#14044 = FILL_AREA_STYLE_COLOUR('',#13158);
#14045 = STYLED_ITEM('color',(#14046),#5294);
#14046 = PRESENTATION_STYLE_ASSIGNMENT((#14047));
#14047 = SURFACE_STYLE_USAGE(.BOTH.,#14048);
#14048 = SURFACE_SIDE_STYLE('',(#14049));
#14049 = SURFACE_STYLE_FILL_AREA(#14050);
#14050 = FILL_AREA_STYLE('',(#14051));
#14051 = FILL_AREA_STYLE_COLOUR('',#13158);
#14052 = STYLED_ITEM('color',(#14053),#5311);
#14053 = PRESENTATION_STYLE_ASSIGNMENT((#14054));
#14054 = SURFACE_STYLE_USAGE(.BOTH.,#14055);
#14055 = SURFACE_SIDE_STYLE('',(#14056));
#14056 = SURFACE_STYLE_FILL_AREA(#14057);
#14057 = FILL_AREA_STYLE('',(#14058));
#14058 = FILL_AREA_STYLE_COLOUR('',#13158);
#14059 = STYLED_ITEM('color',(#14060),#5328);
#14060 = PRESENTATION_STYLE_ASSIGNMENT((#14061));
#14061 = SURFACE_STYLE_USAGE(.BOTH.,#14062);
#14062 = SURFACE_SIDE_STYLE('',(#14063));
#14063 = SURFACE_STYLE_FILL_AREA(#14064);
#14064 = FILL_AREA_STYLE('',(#14065));
#14065 = FILL_AREA_STYLE_COLOUR('',#13158);
#14066 = STYLED_ITEM('color',(#14067),#5345);
#14067 = PRESENTATION_STYLE_ASSIGNMENT((#14068));
#14068 = SURFACE_STYLE_USAGE(.BOTH.,#14069);
#14069 = SURFACE_SIDE_STYLE('',(#14070));
#14070 = SURFACE_STYLE_FILL_AREA(#14071);
#14071 = FILL_AREA_STYLE('',(#14072));
#14072 = FILL_AREA_STYLE_COLOUR('',#13158);
#14073 = STYLED_ITEM('color',(#14074),#5362);
#14074 = PRESENTATION_STYLE_ASSIGNMENT((#14075));
#14075 = SURFACE_STYLE_USAGE(.BOTH.,#14076);
#14076 = SURFACE_SIDE_STYLE('',(#14077));
#14077 = SURFACE_STYLE_FILL_AREA(#14078);
#14078 = FILL_AREA_STYLE('',(#14079));
#14079 = FILL_AREA_STYLE_COLOUR('',#13158);
#14080 = STYLED_ITEM('color',(#14081),#5374);
#14081 = PRESENTATION_STYLE_ASSIGNMENT((#14082));
#14082 = SURFACE_STYLE_USAGE(.BOTH.,#14083);
#14083 = SURFACE_SIDE_STYLE('',(#14084));
#14084 = SURFACE_STYLE_FILL_AREA(#14085);
#14085 = FILL_AREA_STYLE('',(#14086));
#14086 = FILL_AREA_STYLE_COLOUR('',#13052);
#14087 = STYLED_ITEM('color',(#14088),#5398);
#14088 = PRESENTATION_STYLE_ASSIGNMENT((#14089));
#14089 = SURFACE_STYLE_USAGE(.BOTH.,#14090);
#14090 = SURFACE_SIDE_STYLE('',(#14091));
#14091 = SURFACE_STYLE_FILL_AREA(#14092);
#14092 = FILL_AREA_STYLE('',(#14093));
#14093 = FILL_AREA_STYLE_COLOUR('',#13052);
#14094 = STYLED_ITEM('color',(#14095),#5461);
#14095 = PRESENTATION_STYLE_ASSIGNMENT((#14096));
#14096 = SURFACE_STYLE_USAGE(.BOTH.,#14097);
#14097 = SURFACE_SIDE_STYLE('',(#14098));
#14098 = SURFACE_STYLE_FILL_AREA(#14099);
#14099 = FILL_AREA_STYLE('',(#14100));
#14100 = FILL_AREA_STYLE_COLOUR('',#13052);
#14101 = STYLED_ITEM('color',(#14102),#5484);
#14102 = PRESENTATION_STYLE_ASSIGNMENT((#14103));
#14103 = SURFACE_STYLE_USAGE(.BOTH.,#14104);
#14104 = SURFACE_SIDE_STYLE('',(#14105));
#14105 = SURFACE_STYLE_FILL_AREA(#14106);
#14106 = FILL_AREA_STYLE('',(#14107));
#14107 = FILL_AREA_STYLE_COLOUR('',#13052);
#14108 = STYLED_ITEM('color',(#14109),#5507);
#14109 = PRESENTATION_STYLE_ASSIGNMENT((#14110));
#14110 = SURFACE_STYLE_USAGE(.BOTH.,#14111);
#14111 = SURFACE_SIDE_STYLE('',(#14112));
#14112 = SURFACE_STYLE_FILL_AREA(#14113);
#14113 = FILL_AREA_STYLE('',(#14114));
#14114 = FILL_AREA_STYLE_COLOUR('',#13052);
#14115 = STYLED_ITEM('color',(#14116),#5537);
#14116 = PRESENTATION_STYLE_ASSIGNMENT((#14117));
#14117 = SURFACE_STYLE_USAGE(.BOTH.,#14118);
#14118 = SURFACE_SIDE_STYLE('',(#14119));
#14119 = SURFACE_STYLE_FILL_AREA(#14120);
#14120 = FILL_AREA_STYLE('',(#14121));
#14121 = FILL_AREA_STYLE_COLOUR('',#13158);
#14122 = STYLED_ITEM('color',(#14123),#5568);
#14123 = PRESENTATION_STYLE_ASSIGNMENT((#14124));
#14124 = SURFACE_STYLE_USAGE(.BOTH.,#14125);
#14125 = SURFACE_SIDE_STYLE('',(#14126));
#14126 = SURFACE_STYLE_FILL_AREA(#14127);
#14127 = FILL_AREA_STYLE('',(#14128));
#14128 = FILL_AREA_STYLE_COLOUR('',#13052);
#14129 = STYLED_ITEM('color',(#14130),#5599);
#14130 = PRESENTATION_STYLE_ASSIGNMENT((#14131));
#14131 = SURFACE_STYLE_USAGE(.BOTH.,#14132);
#14132 = SURFACE_SIDE_STYLE('',(#14133));
#14133 = SURFACE_STYLE_FILL_AREA(#14134);
#14134 = FILL_AREA_STYLE('',(#14135));
#14135 = FILL_AREA_STYLE_COLOUR('',#13158);
#14136 = STYLED_ITEM('color',(#14137),#5630);
#14137 = PRESENTATION_STYLE_ASSIGNMENT((#14138));
#14138 = SURFACE_STYLE_USAGE(.BOTH.,#14139);
#14139 = SURFACE_SIDE_STYLE('',(#14140));
#14140 = SURFACE_STYLE_FILL_AREA(#14141);
#14141 = FILL_AREA_STYLE('',(#14142));
#14142 = FILL_AREA_STYLE_COLOUR('',#13158);
#14143 = STYLED_ITEM('color',(#14144),#5661);
#14144 = PRESENTATION_STYLE_ASSIGNMENT((#14145));
#14145 = SURFACE_STYLE_USAGE(.BOTH.,#14146);
#14146 = SURFACE_SIDE_STYLE('',(#14147));
#14147 = SURFACE_STYLE_FILL_AREA(#14148);
#14148 = FILL_AREA_STYLE('',(#14149));
#14149 = FILL_AREA_STYLE_COLOUR('',#13052);
#14150 = STYLED_ITEM('color',(#14151),#5692);
#14151 = PRESENTATION_STYLE_ASSIGNMENT((#14152));
#14152 = SURFACE_STYLE_USAGE(.BOTH.,#14153);
#14153 = SURFACE_SIDE_STYLE('',(#14154));
#14154 = SURFACE_STYLE_FILL_AREA(#14155);
#14155 = FILL_AREA_STYLE('',(#14156));
#14156 = FILL_AREA_STYLE_COLOUR('',#13052);
#14157 = STYLED_ITEM('color',(#14158),#5715);
#14158 = PRESENTATION_STYLE_ASSIGNMENT((#14159));
#14159 = SURFACE_STYLE_USAGE(.BOTH.,#14160);
#14160 = SURFACE_SIDE_STYLE('',(#14161));
#14161 = SURFACE_STYLE_FILL_AREA(#14162);
#14162 = FILL_AREA_STYLE('',(#14163));
#14163 = FILL_AREA_STYLE_COLOUR('',#13052);
#14164 = STYLED_ITEM('color',(#14165),#5738);
#14165 = PRESENTATION_STYLE_ASSIGNMENT((#14166));
#14166 = SURFACE_STYLE_USAGE(.BOTH.,#14167);
#14167 = SURFACE_SIDE_STYLE('',(#14168));
#14168 = SURFACE_STYLE_FILL_AREA(#14169);
#14169 = FILL_AREA_STYLE('',(#14170));
#14170 = FILL_AREA_STYLE_COLOUR('',#13052);
#14171 = STYLED_ITEM('color',(#14172),#5824);
#14172 = PRESENTATION_STYLE_ASSIGNMENT((#14173));
#14173 = SURFACE_STYLE_USAGE(.BOTH.,#14174);
#14174 = SURFACE_SIDE_STYLE('',(#14175));
#14175 = SURFACE_STYLE_FILL_AREA(#14176);
#14176 = FILL_AREA_STYLE('',(#14177));
#14177 = FILL_AREA_STYLE_COLOUR('',#13052);
#14178 = STYLED_ITEM('color',(#14179),#5841);
#14179 = PRESENTATION_STYLE_ASSIGNMENT((#14180));
#14180 = SURFACE_STYLE_USAGE(.BOTH.,#14181);
#14181 = SURFACE_SIDE_STYLE('',(#14182));
#14182 = SURFACE_STYLE_FILL_AREA(#14183);
#14183 = FILL_AREA_STYLE('',(#14184));
#14184 = FILL_AREA_STYLE_COLOUR('',#13158);
#14185 = STYLED_ITEM('color',(#14186),#5933);
#14186 = PRESENTATION_STYLE_ASSIGNMENT((#14187));
#14187 = SURFACE_STYLE_USAGE(.BOTH.,#14188);
#14188 = SURFACE_SIDE_STYLE('',(#14189));
#14189 = SURFACE_STYLE_FILL_AREA(#14190);
#14190 = FILL_AREA_STYLE('',(#14191));
#14191 = FILL_AREA_STYLE_COLOUR('',#13052);
#14192 = STYLED_ITEM('color',(#14193),#5956);
#14193 = PRESENTATION_STYLE_ASSIGNMENT((#14194));
#14194 = SURFACE_STYLE_USAGE(.BOTH.,#14195);
#14195 = SURFACE_SIDE_STYLE('',(#14196));
#14196 = SURFACE_STYLE_FILL_AREA(#14197);
#14197 = FILL_AREA_STYLE('',(#14198));
#14198 = FILL_AREA_STYLE_COLOUR('',#13052);
#14199 = STYLED_ITEM('color',(#14200),#5979);
#14200 = PRESENTATION_STYLE_ASSIGNMENT((#14201));
#14201 = SURFACE_STYLE_USAGE(.BOTH.,#14202);
#14202 = SURFACE_SIDE_STYLE('',(#14203));
#14203 = SURFACE_STYLE_FILL_AREA(#14204);
#14204 = FILL_AREA_STYLE('',(#14205));
#14205 = FILL_AREA_STYLE_COLOUR('',#13052);
#14206 = STYLED_ITEM('color',(#14207),#6002);
#14207 = PRESENTATION_STYLE_ASSIGNMENT((#14208));
#14208 = SURFACE_STYLE_USAGE(.BOTH.,#14209);
#14209 = SURFACE_SIDE_STYLE('',(#14210));
#14210 = SURFACE_STYLE_FILL_AREA(#14211);
#14211 = FILL_AREA_STYLE('',(#14212));
#14212 = FILL_AREA_STYLE_COLOUR('',#13052);
#14213 = STYLED_ITEM('color',(#14214),#6089);
#14214 = PRESENTATION_STYLE_ASSIGNMENT((#14215));
#14215 = SURFACE_STYLE_USAGE(.BOTH.,#14216);
#14216 = SURFACE_SIDE_STYLE('',(#14217));
#14217 = SURFACE_STYLE_FILL_AREA(#14218);
#14218 = FILL_AREA_STYLE('',(#14219));
#14219 = FILL_AREA_STYLE_COLOUR('',#13052);
#14220 = STYLED_ITEM('color',(#14221),#6106);
#14221 = PRESENTATION_STYLE_ASSIGNMENT((#14222));
#14222 = SURFACE_STYLE_USAGE(.BOTH.,#14223);
#14223 = SURFACE_SIDE_STYLE('',(#14224));
#14224 = SURFACE_STYLE_FILL_AREA(#14225);
#14225 = FILL_AREA_STYLE('',(#14226));
#14226 = FILL_AREA_STYLE_COLOUR('',#13052);
#14227 = STYLED_ITEM('color',(#14228),#6129);
#14228 = PRESENTATION_STYLE_ASSIGNMENT((#14229));
#14229 = SURFACE_STYLE_USAGE(.BOTH.,#14230);
#14230 = SURFACE_SIDE_STYLE('',(#14231));
#14231 = SURFACE_STYLE_FILL_AREA(#14232);
#14232 = FILL_AREA_STYLE('',(#14233));
#14233 = FILL_AREA_STYLE_COLOUR('',#13158);
#14234 = STYLED_ITEM('color',(#14235),#6221);
#14235 = PRESENTATION_STYLE_ASSIGNMENT((#14236));
#14236 = SURFACE_STYLE_USAGE(.BOTH.,#14237);
#14237 = SURFACE_SIDE_STYLE('',(#14238));
#14238 = SURFACE_STYLE_FILL_AREA(#14239);
#14239 = FILL_AREA_STYLE('',(#14240));
#14240 = FILL_AREA_STYLE_COLOUR('',#13052);
#14241 = STYLED_ITEM('color',(#14242),#6242);
#14242 = PRESENTATION_STYLE_ASSIGNMENT((#14243));
#14243 = SURFACE_STYLE_USAGE(.BOTH.,#14244);
#14244 = SURFACE_SIDE_STYLE('',(#14245));
#14245 = SURFACE_STYLE_FILL_AREA(#14246);
#14246 = FILL_AREA_STYLE('',(#14247));
#14247 = FILL_AREA_STYLE_COLOUR('',#13158);
#14248 = STYLED_ITEM('color',(#14249),#6334);
#14249 = PRESENTATION_STYLE_ASSIGNMENT((#14250));
#14250 = SURFACE_STYLE_USAGE(.BOTH.,#14251);
#14251 = SURFACE_SIDE_STYLE('',(#14252));
#14252 = SURFACE_STYLE_FILL_AREA(#14253);
#14253 = FILL_AREA_STYLE('',(#14254));
#14254 = FILL_AREA_STYLE_COLOUR('',#13158);
#14255 = STYLED_ITEM('color',(#14256),#6351);
#14256 = PRESENTATION_STYLE_ASSIGNMENT((#14257));
#14257 = SURFACE_STYLE_USAGE(.BOTH.,#14258);
#14258 = SURFACE_SIDE_STYLE('',(#14259));
#14259 = SURFACE_STYLE_FILL_AREA(#14260);
#14260 = FILL_AREA_STYLE('',(#14261));
#14261 = FILL_AREA_STYLE_COLOUR('',#13158);
#14262 = STYLED_ITEM('color',(#14263),#6443);
#14263 = PRESENTATION_STYLE_ASSIGNMENT((#14264));
#14264 = SURFACE_STYLE_USAGE(.BOTH.,#14265);
#14265 = SURFACE_SIDE_STYLE('',(#14266));
#14266 = SURFACE_STYLE_FILL_AREA(#14267);
#14267 = FILL_AREA_STYLE('',(#14268));
#14268 = FILL_AREA_STYLE_COLOUR('',#13052);
#14269 = STYLED_ITEM('color',(#14270),#6465);
#14270 = PRESENTATION_STYLE_ASSIGNMENT((#14271));
#14271 = SURFACE_STYLE_USAGE(.BOTH.,#14272);
#14272 = SURFACE_SIDE_STYLE('',(#14273));
#14273 = SURFACE_STYLE_FILL_AREA(#14274);
#14274 = FILL_AREA_STYLE('',(#14275));
#14275 = FILL_AREA_STYLE_COLOUR('',#13158);
#14276 = STYLED_ITEM('color',(#14277),#6490);
#14277 = PRESENTATION_STYLE_ASSIGNMENT((#14278));
#14278 = SURFACE_STYLE_USAGE(.BOTH.,#14279);
#14279 = SURFACE_SIDE_STYLE('',(#14280));
#14280 = SURFACE_STYLE_FILL_AREA(#14281);
#14281 = FILL_AREA_STYLE('',(#14282));
#14282 = FILL_AREA_STYLE_COLOUR('',#13158);
#14283 = STYLED_ITEM('color',(#14284),#6574);
#14284 = PRESENTATION_STYLE_ASSIGNMENT((#14285));
#14285 = SURFACE_STYLE_USAGE(.BOTH.,#14286);
#14286 = SURFACE_SIDE_STYLE('',(#14287));
#14287 = SURFACE_STYLE_FILL_AREA(#14288);
#14288 = FILL_AREA_STYLE('',(#14289));
#14289 = FILL_AREA_STYLE_COLOUR('',#13158);
#14290 = STYLED_ITEM('color',(#14291),#6666);
#14291 = PRESENTATION_STYLE_ASSIGNMENT((#14292));
#14292 = SURFACE_STYLE_USAGE(.BOTH.,#14293);
#14293 = SURFACE_SIDE_STYLE('',(#14294));
#14294 = SURFACE_STYLE_FILL_AREA(#14295);
#14295 = FILL_AREA_STYLE('',(#14296));
#14296 = FILL_AREA_STYLE_COLOUR('',#13158);
#14297 = STYLED_ITEM('color',(#14298),#6683);
#14298 = PRESENTATION_STYLE_ASSIGNMENT((#14299));
#14299 = SURFACE_STYLE_USAGE(.BOTH.,#14300);
#14300 = SURFACE_SIDE_STYLE('',(#14301));
#14301 = SURFACE_STYLE_FILL_AREA(#14302);
#14302 = FILL_AREA_STYLE('',(#14303));
#14303 = FILL_AREA_STYLE_COLOUR('',#13052);
#14304 = STYLED_ITEM('color',(#14305),#6705);
#14305 = PRESENTATION_STYLE_ASSIGNMENT((#14306));
#14306 = SURFACE_STYLE_USAGE(.BOTH.,#14307);
#14307 = SURFACE_SIDE_STYLE('',(#14308));
#14308 = SURFACE_STYLE_FILL_AREA(#14309);
#14309 = FILL_AREA_STYLE('',(#14310));
#14310 = FILL_AREA_STYLE_COLOUR('',#13052);
#14311 = STYLED_ITEM('color',(#14312),#6728);
#14312 = PRESENTATION_STYLE_ASSIGNMENT((#14313));
#14313 = SURFACE_STYLE_USAGE(.BOTH.,#14314);
#14314 = SURFACE_SIDE_STYLE('',(#14315));
#14315 = SURFACE_STYLE_FILL_AREA(#14316);
#14316 = FILL_AREA_STYLE('',(#14317));
#14317 = FILL_AREA_STYLE_COLOUR('',#13052);
#14318 = STYLED_ITEM('color',(#14319),#6751);
#14319 = PRESENTATION_STYLE_ASSIGNMENT((#14320));
#14320 = SURFACE_STYLE_USAGE(.BOTH.,#14321);
#14321 = SURFACE_SIDE_STYLE('',(#14322));
#14322 = SURFACE_STYLE_FILL_AREA(#14323);
#14323 = FILL_AREA_STYLE('',(#14324));
#14324 = FILL_AREA_STYLE_COLOUR('',#13052);
#14325 = STYLED_ITEM('color',(#14326),#6774);
#14326 = PRESENTATION_STYLE_ASSIGNMENT((#14327));
#14327 = SURFACE_STYLE_USAGE(.BOTH.,#14328);
#14328 = SURFACE_SIDE_STYLE('',(#14329));
#14329 = SURFACE_STYLE_FILL_AREA(#14330);
#14330 = FILL_AREA_STYLE('',(#14331));
#14331 = FILL_AREA_STYLE_COLOUR('',#13052);
#14332 = STYLED_ITEM('color',(#14333),#6841);
#14333 = PRESENTATION_STYLE_ASSIGNMENT((#14334));
#14334 = SURFACE_STYLE_USAGE(.BOTH.,#14335);
#14335 = SURFACE_SIDE_STYLE('',(#14336));
#14336 = SURFACE_STYLE_FILL_AREA(#14337);
#14337 = FILL_AREA_STYLE('',(#14338));
#14338 = FILL_AREA_STYLE_COLOUR('',#13052);
#14339 = STYLED_ITEM('color',(#14340),#6864);
#14340 = PRESENTATION_STYLE_ASSIGNMENT((#14341));
#14341 = SURFACE_STYLE_USAGE(.BOTH.,#14342);
#14342 = SURFACE_SIDE_STYLE('',(#14343));
#14343 = SURFACE_STYLE_FILL_AREA(#14344);
#14344 = FILL_AREA_STYLE('',(#14345));
#14345 = FILL_AREA_STYLE_COLOUR('',#13158);
#14346 = STYLED_ITEM('color',(#14347),#6883);
#14347 = PRESENTATION_STYLE_ASSIGNMENT((#14348));
#14348 = SURFACE_STYLE_USAGE(.BOTH.,#14349);
#14349 = SURFACE_SIDE_STYLE('',(#14350));
#14350 = SURFACE_STYLE_FILL_AREA(#14351);
#14351 = FILL_AREA_STYLE('',(#14352));
#14352 = FILL_AREA_STYLE_COLOUR('',#13158);
#14353 = STYLED_ITEM('color',(#14354),#6902);
#14354 = PRESENTATION_STYLE_ASSIGNMENT((#14355));
#14355 = SURFACE_STYLE_USAGE(.BOTH.,#14356);
#14356 = SURFACE_SIDE_STYLE('',(#14357));
#14357 = SURFACE_STYLE_FILL_AREA(#14358);
#14358 = FILL_AREA_STYLE('',(#14359));
#14359 = FILL_AREA_STYLE_COLOUR('',#13158);
#14360 = STYLED_ITEM('color',(#14361),#6921);
#14361 = PRESENTATION_STYLE_ASSIGNMENT((#14362));
#14362 = SURFACE_STYLE_USAGE(.BOTH.,#14363);
#14363 = SURFACE_SIDE_STYLE('',(#14364));
#14364 = SURFACE_STYLE_FILL_AREA(#14365);
#14365 = FILL_AREA_STYLE('',(#14366));
#14366 = FILL_AREA_STYLE_COLOUR('',#13158);
#14367 = STYLED_ITEM('color',(#14368),#6938);
#14368 = PRESENTATION_STYLE_ASSIGNMENT((#14369));
#14369 = SURFACE_STYLE_USAGE(.BOTH.,#14370);
#14370 = SURFACE_SIDE_STYLE('',(#14371));
#14371 = SURFACE_STYLE_FILL_AREA(#14372);
#14372 = FILL_AREA_STYLE('',(#14373));
#14373 = FILL_AREA_STYLE_COLOUR('',#13158);
#14374 = STYLED_ITEM('color',(#14375),#6955);
#14375 = PRESENTATION_STYLE_ASSIGNMENT((#14376));
#14376 = SURFACE_STYLE_USAGE(.BOTH.,#14377);
#14377 = SURFACE_SIDE_STYLE('',(#14378));
#14378 = SURFACE_STYLE_FILL_AREA(#14379);
#14379 = FILL_AREA_STYLE('',(#14380));
#14380 = FILL_AREA_STYLE_COLOUR('',#13158);
#14381 = STYLED_ITEM('color',(#14382),#6972);
#14382 = PRESENTATION_STYLE_ASSIGNMENT((#14383));
#14383 = SURFACE_STYLE_USAGE(.BOTH.,#14384);
#14384 = SURFACE_SIDE_STYLE('',(#14385));
#14385 = SURFACE_STYLE_FILL_AREA(#14386);
#14386 = FILL_AREA_STYLE('',(#14387));
#14387 = FILL_AREA_STYLE_COLOUR('',#13158);
#14388 = STYLED_ITEM('color',(#14389),#6989);
#14389 = PRESENTATION_STYLE_ASSIGNMENT((#14390));
#14390 = SURFACE_STYLE_USAGE(.BOTH.,#14391);
#14391 = SURFACE_SIDE_STYLE('',(#14392));
#14392 = SURFACE_STYLE_FILL_AREA(#14393);
#14393 = FILL_AREA_STYLE('',(#14394));
#14394 = FILL_AREA_STYLE_COLOUR('',#13158);
#14395 = STYLED_ITEM('color',(#14396),#7006);
#14396 = PRESENTATION_STYLE_ASSIGNMENT((#14397));
#14397 = SURFACE_STYLE_USAGE(.BOTH.,#14398);
#14398 = SURFACE_SIDE_STYLE('',(#14399));
#14399 = SURFACE_STYLE_FILL_AREA(#14400);
#14400 = FILL_AREA_STYLE('',(#14401));
#14401 = FILL_AREA_STYLE_COLOUR('',#13158);
#14402 = STYLED_ITEM('color',(#14403),#7023);
#14403 = PRESENTATION_STYLE_ASSIGNMENT((#14404));
#14404 = SURFACE_STYLE_USAGE(.BOTH.,#14405);
#14405 = SURFACE_SIDE_STYLE('',(#14406));
#14406 = SURFACE_STYLE_FILL_AREA(#14407);
#14407 = FILL_AREA_STYLE('',(#14408));
#14408 = FILL_AREA_STYLE_COLOUR('',#13158);
#14409 = STYLED_ITEM('color',(#14410),#7040);
#14410 = PRESENTATION_STYLE_ASSIGNMENT((#14411));
#14411 = SURFACE_STYLE_USAGE(.BOTH.,#14412);
#14412 = SURFACE_SIDE_STYLE('',(#14413));
#14413 = SURFACE_STYLE_FILL_AREA(#14414);
#14414 = FILL_AREA_STYLE('',(#14415));
#14415 = FILL_AREA_STYLE_COLOUR('',#13158);
#14416 = STYLED_ITEM('color',(#14417),#7052);
#14417 = PRESENTATION_STYLE_ASSIGNMENT((#14418));
#14418 = SURFACE_STYLE_USAGE(.BOTH.,#14419);
#14419 = SURFACE_SIDE_STYLE('',(#14420));
#14420 = SURFACE_STYLE_FILL_AREA(#14421);
#14421 = FILL_AREA_STYLE('',(#14422));
#14422 = FILL_AREA_STYLE_COLOUR('',#13052);
#14423 = STYLED_ITEM('color',(#14424),#7075);
#14424 = PRESENTATION_STYLE_ASSIGNMENT((#14425));
#14425 = SURFACE_STYLE_USAGE(.BOTH.,#14426);
#14426 = SURFACE_SIDE_STYLE('',(#14427));
#14427 = SURFACE_STYLE_FILL_AREA(#14428);
#14428 = FILL_AREA_STYLE('',(#14429));
#14429 = FILL_AREA_STYLE_COLOUR('',#13052);
#14430 = STYLED_ITEM('color',(#14431),#7098);
#14431 = PRESENTATION_STYLE_ASSIGNMENT((#14432));
#14432 = SURFACE_STYLE_USAGE(.BOTH.,#14433);
#14433 = SURFACE_SIDE_STYLE('',(#14434));
#14434 = SURFACE_STYLE_FILL_AREA(#14435);
#14435 = FILL_AREA_STYLE('',(#14436));
#14436 = FILL_AREA_STYLE_COLOUR('',#13052);
#14437 = STYLED_ITEM('color',(#14438),#7122);
#14438 = PRESENTATION_STYLE_ASSIGNMENT((#14439));
#14439 = SURFACE_STYLE_USAGE(.BOTH.,#14440);
#14440 = SURFACE_SIDE_STYLE('',(#14441));
#14441 = SURFACE_STYLE_FILL_AREA(#14442);
#14442 = FILL_AREA_STYLE('',(#14443));
#14443 = FILL_AREA_STYLE_COLOUR('',#13052);
#14444 = STYLED_ITEM('color',(#14445),#7152);
#14445 = PRESENTATION_STYLE_ASSIGNMENT((#14446));
#14446 = SURFACE_STYLE_USAGE(.BOTH.,#14447);
#14447 = SURFACE_SIDE_STYLE('',(#14448));
#14448 = SURFACE_STYLE_FILL_AREA(#14449);
#14449 = FILL_AREA_STYLE('',(#14450));
#14450 = FILL_AREA_STYLE_COLOUR('',#13158);
#14451 = STYLED_ITEM('color',(#14452),#7183);
#14452 = PRESENTATION_STYLE_ASSIGNMENT((#14453));
#14453 = SURFACE_STYLE_USAGE(.BOTH.,#14454);
#14454 = SURFACE_SIDE_STYLE('',(#14455));
#14455 = SURFACE_STYLE_FILL_AREA(#14456);
#14456 = FILL_AREA_STYLE('',(#14457));
#14457 = FILL_AREA_STYLE_COLOUR('',#13158);
#14458 = STYLED_ITEM('color',(#14459),#7214);
#14459 = PRESENTATION_STYLE_ASSIGNMENT((#14460));
#14460 = SURFACE_STYLE_USAGE(.BOTH.,#14461);
#14461 = SURFACE_SIDE_STYLE('',(#14462));
#14462 = SURFACE_STYLE_FILL_AREA(#14463);
#14463 = FILL_AREA_STYLE('',(#14464));
#14464 = FILL_AREA_STYLE_COLOUR('',#13052);
#14465 = STYLED_ITEM('color',(#14466),#7245);
#14466 = PRESENTATION_STYLE_ASSIGNMENT((#14467));
#14467 = SURFACE_STYLE_USAGE(.BOTH.,#14468);
#14468 = SURFACE_SIDE_STYLE('',(#14469));
#14469 = SURFACE_STYLE_FILL_AREA(#14470);
#14470 = FILL_AREA_STYLE('',(#14471));
#14471 = FILL_AREA_STYLE_COLOUR('',#13052);
#14472 = STYLED_ITEM('color',(#14473),#7276);
#14473 = PRESENTATION_STYLE_ASSIGNMENT((#14474));
#14474 = SURFACE_STYLE_USAGE(.BOTH.,#14475);
#14475 = SURFACE_SIDE_STYLE('',(#14476));
#14476 = SURFACE_STYLE_FILL_AREA(#14477);
#14477 = FILL_AREA_STYLE('',(#14478));
#14478 = FILL_AREA_STYLE_COLOUR('',#13158);
#14479 = STYLED_ITEM('color',(#14480),#7307);
#14480 = PRESENTATION_STYLE_ASSIGNMENT((#14481));
#14481 = SURFACE_STYLE_USAGE(.BOTH.,#14482);
#14482 = SURFACE_SIDE_STYLE('',(#14483));
#14483 = SURFACE_STYLE_FILL_AREA(#14484);
#14484 = FILL_AREA_STYLE('',(#14485));
#14485 = FILL_AREA_STYLE_COLOUR('',#13158);
#14486 = STYLED_ITEM('color',(#14487),#7338);
#14487 = PRESENTATION_STYLE_ASSIGNMENT((#14488));
#14488 = SURFACE_STYLE_USAGE(.BOTH.,#14489);
#14489 = SURFACE_SIDE_STYLE('',(#14490));
#14490 = SURFACE_STYLE_FILL_AREA(#14491);
#14491 = FILL_AREA_STYLE('',(#14492));
#14492 = FILL_AREA_STYLE_COLOUR('',#13052);
#14493 = STYLED_ITEM('color',(#14494),#7369);
#14494 = PRESENTATION_STYLE_ASSIGNMENT((#14495));
#14495 = SURFACE_STYLE_USAGE(.BOTH.,#14496);
#14496 = SURFACE_SIDE_STYLE('',(#14497));
#14497 = SURFACE_STYLE_FILL_AREA(#14498);
#14498 = FILL_AREA_STYLE('',(#14499));
#14499 = FILL_AREA_STYLE_COLOUR('',#13052);
#14500 = STYLED_ITEM('color',(#14501),#7386);
#14501 = PRESENTATION_STYLE_ASSIGNMENT((#14502));
#14502 = SURFACE_STYLE_USAGE(.BOTH.,#14503);
#14503 = SURFACE_SIDE_STYLE('',(#14504));
#14504 = SURFACE_STYLE_FILL_AREA(#14505);
#14505 = FILL_AREA_STYLE('',(#14506));
#14506 = FILL_AREA_STYLE_COLOUR('',#13052);
#14507 = STYLED_ITEM('color',(#14508),#7402);
#14508 = PRESENTATION_STYLE_ASSIGNMENT((#14509));
#14509 = SURFACE_STYLE_USAGE(.BOTH.,#14510);
#14510 = SURFACE_SIDE_STYLE('',(#14511));
#14511 = SURFACE_STYLE_FILL_AREA(#14512);
#14512 = FILL_AREA_STYLE('',(#14513));
#14513 = FILL_AREA_STYLE_COLOUR('',#13158);
#14514 = STYLED_ITEM('color',(#14515),#7419);
#14515 = PRESENTATION_STYLE_ASSIGNMENT((#14516));
#14516 = SURFACE_STYLE_USAGE(.BOTH.,#14517);
#14517 = SURFACE_SIDE_STYLE('',(#14518));
#14518 = SURFACE_STYLE_FILL_AREA(#14519);
#14519 = FILL_AREA_STYLE('',(#14520));
#14520 = FILL_AREA_STYLE_COLOUR('',#13158);
#14521 = STYLED_ITEM('color',(#14522),#7436);
#14522 = PRESENTATION_STYLE_ASSIGNMENT((#14523));
#14523 = SURFACE_STYLE_USAGE(.BOTH.,#14524);
#14524 = SURFACE_SIDE_STYLE('',(#14525));
#14525 = SURFACE_STYLE_FILL_AREA(#14526);
#14526 = FILL_AREA_STYLE('',(#14527));
#14527 = FILL_AREA_STYLE_COLOUR('',#13158);
#14528 = STYLED_ITEM('color',(#14529),#7453);
#14529 = PRESENTATION_STYLE_ASSIGNMENT((#14530));
#14530 = SURFACE_STYLE_USAGE(.BOTH.,#14531);
#14531 = SURFACE_SIDE_STYLE('',(#14532));
#14532 = SURFACE_STYLE_FILL_AREA(#14533);
#14533 = FILL_AREA_STYLE('',(#14534));
#14534 = FILL_AREA_STYLE_COLOUR('',#13158);
#14535 = STYLED_ITEM('color',(#14536),#7470);
#14536 = PRESENTATION_STYLE_ASSIGNMENT((#14537));
#14537 = SURFACE_STYLE_USAGE(.BOTH.,#14538);
#14538 = SURFACE_SIDE_STYLE('',(#14539));
#14539 = SURFACE_STYLE_FILL_AREA(#14540);
#14540 = FILL_AREA_STYLE('',(#14541));
#14541 = FILL_AREA_STYLE_COLOUR('',#13158);
#14542 = STYLED_ITEM('color',(#14543),#7487);
#14543 = PRESENTATION_STYLE_ASSIGNMENT((#14544));
#14544 = SURFACE_STYLE_USAGE(.BOTH.,#14545);
#14545 = SURFACE_SIDE_STYLE('',(#14546));
#14546 = SURFACE_STYLE_FILL_AREA(#14547);
#14547 = FILL_AREA_STYLE('',(#14548));
#14548 = FILL_AREA_STYLE_COLOUR('',#13158);
#14549 = STYLED_ITEM('color',(#14550),#7504);
#14550 = PRESENTATION_STYLE_ASSIGNMENT((#14551));
#14551 = SURFACE_STYLE_USAGE(.BOTH.,#14552);
#14552 = SURFACE_SIDE_STYLE('',(#14553));
#14553 = SURFACE_STYLE_FILL_AREA(#14554);
#14554 = FILL_AREA_STYLE('',(#14555));
#14555 = FILL_AREA_STYLE_COLOUR('',#13158);
#14556 = STYLED_ITEM('color',(#14557),#7521);
#14557 = PRESENTATION_STYLE_ASSIGNMENT((#14558));
#14558 = SURFACE_STYLE_USAGE(.BOTH.,#14559);
#14559 = SURFACE_SIDE_STYLE('',(#14560));
#14560 = SURFACE_STYLE_FILL_AREA(#14561);
#14561 = FILL_AREA_STYLE('',(#14562));
#14562 = FILL_AREA_STYLE_COLOUR('',#13158);
#14563 = STYLED_ITEM('color',(#14564),#7533);
#14564 = PRESENTATION_STYLE_ASSIGNMENT((#14565));
#14565 = SURFACE_STYLE_USAGE(.BOTH.,#14566);
#14566 = SURFACE_SIDE_STYLE('',(#14567));
#14567 = SURFACE_STYLE_FILL_AREA(#14568);
#14568 = FILL_AREA_STYLE('',(#14569));
#14569 = FILL_AREA_STYLE_COLOUR('',#13158);
#14570 = STYLED_ITEM('color',(#14571),#7550);
#14571 = PRESENTATION_STYLE_ASSIGNMENT((#14572));
#14572 = SURFACE_STYLE_USAGE(.BOTH.,#14573);
#14573 = SURFACE_SIDE_STYLE('',(#14574));
#14574 = SURFACE_STYLE_FILL_AREA(#14575);
#14575 = FILL_AREA_STYLE('',(#14576));
#14576 = FILL_AREA_STYLE_COLOUR('',#13158);
#14577 = STYLED_ITEM('color',(#14578),#7567);
#14578 = PRESENTATION_STYLE_ASSIGNMENT((#14579));
#14579 = SURFACE_STYLE_USAGE(.BOTH.,#14580);
#14580 = SURFACE_SIDE_STYLE('',(#14581));
#14581 = SURFACE_STYLE_FILL_AREA(#14582);
#14582 = FILL_AREA_STYLE('',(#14583));
#14583 = FILL_AREA_STYLE_COLOUR('',#13158);
#14584 = STYLED_ITEM('color',(#14585),#7584);
#14585 = PRESENTATION_STYLE_ASSIGNMENT((#14586));
#14586 = SURFACE_STYLE_USAGE(.BOTH.,#14587);
#14587 = SURFACE_SIDE_STYLE('',(#14588));
#14588 = SURFACE_STYLE_FILL_AREA(#14589);
#14589 = FILL_AREA_STYLE('',(#14590));
#14590 = FILL_AREA_STYLE_COLOUR('',#13158);
#14591 = STYLED_ITEM('color',(#14592),#7601);
#14592 = PRESENTATION_STYLE_ASSIGNMENT((#14593));
#14593 = SURFACE_STYLE_USAGE(.BOTH.,#14594);
#14594 = SURFACE_SIDE_STYLE('',(#14595));
#14595 = SURFACE_STYLE_FILL_AREA(#14596);
#14596 = FILL_AREA_STYLE('',(#14597));
#14597 = FILL_AREA_STYLE_COLOUR('',#13158);
#14598 = STYLED_ITEM('color',(#14599),#7618);
#14599 = PRESENTATION_STYLE_ASSIGNMENT((#14600));
#14600 = SURFACE_STYLE_USAGE(.BOTH.,#14601);
#14601 = SURFACE_SIDE_STYLE('',(#14602));
#14602 = SURFACE_STYLE_FILL_AREA(#14603);
#14603 = FILL_AREA_STYLE('',(#14604));
#14604 = FILL_AREA_STYLE_COLOUR('',#13158);
#14605 = STYLED_ITEM('color',(#14606),#7635);
#14606 = PRESENTATION_STYLE_ASSIGNMENT((#14607));
#14607 = SURFACE_STYLE_USAGE(.BOTH.,#14608);
#14608 = SURFACE_SIDE_STYLE('',(#14609));
#14609 = SURFACE_STYLE_FILL_AREA(#14610);
#14610 = FILL_AREA_STYLE('',(#14611));
#14611 = FILL_AREA_STYLE_COLOUR('',#13158);
#14612 = STYLED_ITEM('color',(#14613),#7652);
#14613 = PRESENTATION_STYLE_ASSIGNMENT((#14614));
#14614 = SURFACE_STYLE_USAGE(.BOTH.,#14615);
#14615 = SURFACE_SIDE_STYLE('',(#14616));
#14616 = SURFACE_STYLE_FILL_AREA(#14617);
#14617 = FILL_AREA_STYLE('',(#14618));
#14618 = FILL_AREA_STYLE_COLOUR('',#13158);
#14619 = STYLED_ITEM('color',(#14620),#7664);
#14620 = PRESENTATION_STYLE_ASSIGNMENT((#14621));
#14621 = SURFACE_STYLE_USAGE(.BOTH.,#14622);
#14622 = SURFACE_SIDE_STYLE('',(#14623));
#14623 = SURFACE_STYLE_FILL_AREA(#14624);
#14624 = FILL_AREA_STYLE('',(#14625));
#14625 = FILL_AREA_STYLE_COLOUR('',#13052);
#14626 = STYLED_ITEM('color',(#14627),#7687);
#14627 = PRESENTATION_STYLE_ASSIGNMENT((#14628));
#14628 = SURFACE_STYLE_USAGE(.BOTH.,#14629);
#14629 = SURFACE_SIDE_STYLE('',(#14630));
#14630 = SURFACE_STYLE_FILL_AREA(#14631);
#14631 = FILL_AREA_STYLE('',(#14632));
#14632 = FILL_AREA_STYLE_COLOUR('',#13052);
#14633 = STYLED_ITEM('color',(#14634),#7703);
#14634 = PRESENTATION_STYLE_ASSIGNMENT((#14635));
#14635 = SURFACE_STYLE_USAGE(.BOTH.,#14636);
#14636 = SURFACE_SIDE_STYLE('',(#14637));
#14637 = SURFACE_STYLE_FILL_AREA(#14638);
#14638 = FILL_AREA_STYLE('',(#14639));
#14639 = FILL_AREA_STYLE_COLOUR('',#13052);
#14640 = STYLED_ITEM('color',(#14641),#7726);
#14641 = PRESENTATION_STYLE_ASSIGNMENT((#14642));
#14642 = SURFACE_STYLE_USAGE(.BOTH.,#14643);
#14643 = SURFACE_SIDE_STYLE('',(#14644));
#14644 = SURFACE_STYLE_FILL_AREA(#14645);
#14645 = FILL_AREA_STYLE('',(#14646));
#14646 = FILL_AREA_STYLE_COLOUR('',#13052);
#14647 = STYLED_ITEM('color',(#14648),#7813);
#14648 = PRESENTATION_STYLE_ASSIGNMENT((#14649));
#14649 = SURFACE_STYLE_USAGE(.BOTH.,#14650);
#14650 = SURFACE_SIDE_STYLE('',(#14651));
#14651 = SURFACE_STYLE_FILL_AREA(#14652);
#14652 = FILL_AREA_STYLE('',(#14653));
#14653 = FILL_AREA_STYLE_COLOUR('',#13052);
#14654 = STYLED_ITEM('color',(#14655),#7836);
#14655 = PRESENTATION_STYLE_ASSIGNMENT((#14656));
#14656 = SURFACE_STYLE_USAGE(.BOTH.,#14657);
#14657 = SURFACE_SIDE_STYLE('',(#14658));
#14658 = SURFACE_STYLE_FILL_AREA(#14659);
#14659 = FILL_AREA_STYLE('',(#14660));
#14660 = FILL_AREA_STYLE_COLOUR('',#13052);
#14661 = STYLED_ITEM('color',(#14662),#7853);
#14662 = PRESENTATION_STYLE_ASSIGNMENT((#14663));
#14663 = SURFACE_STYLE_USAGE(.BOTH.,#14664);
#14664 = SURFACE_SIDE_STYLE('',(#14665));
#14665 = SURFACE_STYLE_FILL_AREA(#14666);
#14666 = FILL_AREA_STYLE('',(#14667));
#14667 = FILL_AREA_STYLE_COLOUR('',#14668);
#14668 = COLOUR_RGB('',0.690196106937,0.662745111292,0.596078458879);
#14669 = STYLED_ITEM('color',(#14670),#7878);
#14670 = PRESENTATION_STYLE_ASSIGNMENT((#14671));
#14671 = SURFACE_STYLE_USAGE(.BOTH.,#14672);
#14672 = SURFACE_SIDE_STYLE('',(#14673));
#14673 = SURFACE_STYLE_FILL_AREA(#14674);
#14674 = FILL_AREA_STYLE('',(#14675));
#14675 = FILL_AREA_STYLE_COLOUR('',#13052);
#14676 = STYLED_ITEM('color',(#14677),#7894);
#14677 = PRESENTATION_STYLE_ASSIGNMENT((#14678));
#14678 = SURFACE_STYLE_USAGE(.BOTH.,#14679);
#14679 = SURFACE_SIDE_STYLE('',(#14680));
#14680 = SURFACE_STYLE_FILL_AREA(#14681);
#14681 = FILL_AREA_STYLE('',(#14682));
#14682 = FILL_AREA_STYLE_COLOUR('',#13052);
#14683 = STYLED_ITEM('color',(#14684),#7910);
#14684 = PRESENTATION_STYLE_ASSIGNMENT((#14685));
#14685 = SURFACE_STYLE_USAGE(.BOTH.,#14686);
#14686 = SURFACE_SIDE_STYLE('',(#14687));
#14687 = SURFACE_STYLE_FILL_AREA(#14688);
#14688 = FILL_AREA_STYLE('',(#14689));
#14689 = FILL_AREA_STYLE_COLOUR('',#13052);
#14690 = STYLED_ITEM('color',(#14691),#7927);
#14691 = PRESENTATION_STYLE_ASSIGNMENT((#14692));
#14692 = SURFACE_STYLE_USAGE(.BOTH.,#14693);
#14693 = SURFACE_SIDE_STYLE('',(#14694));
#14694 = SURFACE_STYLE_FILL_AREA(#14695);
#14695 = FILL_AREA_STYLE('',(#14696));
#14696 = FILL_AREA_STYLE_COLOUR('',#13158);
#14697 = STYLED_ITEM('color',(#14698),#8019);
#14698 = PRESENTATION_STYLE_ASSIGNMENT((#14699));
#14699 = SURFACE_STYLE_USAGE(.BOTH.,#14700);
#14700 = SURFACE_SIDE_STYLE('',(#14701));
#14701 = SURFACE_STYLE_FILL_AREA(#14702);
#14702 = FILL_AREA_STYLE('',(#14703));
#14703 = FILL_AREA_STYLE_COLOUR('',#13158);
#14704 = STYLED_ITEM('color',(#14705),#8111);
#14705 = PRESENTATION_STYLE_ASSIGNMENT((#14706));
#14706 = SURFACE_STYLE_USAGE(.BOTH.,#14707);
#14707 = SURFACE_SIDE_STYLE('',(#14708));
#14708 = SURFACE_STYLE_FILL_AREA(#14709);
#14709 = FILL_AREA_STYLE('',(#14710));
#14710 = FILL_AREA_STYLE_COLOUR('',#13052);
#14711 = STYLED_ITEM('color',(#14712),#8132);
#14712 = PRESENTATION_STYLE_ASSIGNMENT((#14713));
#14713 = SURFACE_STYLE_USAGE(.BOTH.,#14714);
#14714 = SURFACE_SIDE_STYLE('',(#14715));
#14715 = SURFACE_STYLE_FILL_AREA(#14716);
#14716 = FILL_AREA_STYLE('',(#14717));
#14717 = FILL_AREA_STYLE_COLOUR('',#13158);
#14718 = STYLED_ITEM('color',(#14719),#8157);
#14719 = PRESENTATION_STYLE_ASSIGNMENT((#14720));
#14720 = SURFACE_STYLE_USAGE(.BOTH.,#14721);
#14721 = SURFACE_SIDE_STYLE('',(#14722));
#14722 = SURFACE_STYLE_FILL_AREA(#14723);
#14723 = FILL_AREA_STYLE('',(#14724));
#14724 = FILL_AREA_STYLE_COLOUR('',#13158);
#14725 = STYLED_ITEM('color',(#14726),#8241);
#14726 = PRESENTATION_STYLE_ASSIGNMENT((#14727));
#14727 = SURFACE_STYLE_USAGE(.BOTH.,#14728);
#14728 = SURFACE_SIDE_STYLE('',(#14729));
#14729 = SURFACE_STYLE_FILL_AREA(#14730);
#14730 = FILL_AREA_STYLE('',(#14731));
#14731 = FILL_AREA_STYLE_COLOUR('',#13158);
#14732 = STYLED_ITEM('color',(#14733),#8333);
#14733 = PRESENTATION_STYLE_ASSIGNMENT((#14734));
#14734 = SURFACE_STYLE_USAGE(.BOTH.,#14735);
#14735 = SURFACE_SIDE_STYLE('',(#14736));
#14736 = SURFACE_STYLE_FILL_AREA(#14737);
#14737 = FILL_AREA_STYLE('',(#14738));
#14738 = FILL_AREA_STYLE_COLOUR('',#13158);
#14739 = STYLED_ITEM('color',(#14740),#8350);
#14740 = PRESENTATION_STYLE_ASSIGNMENT((#14741));
#14741 = SURFACE_STYLE_USAGE(.BOTH.,#14742);
#14742 = SURFACE_SIDE_STYLE('',(#14743));
#14743 = SURFACE_STYLE_FILL_AREA(#14744);
#14744 = FILL_AREA_STYLE('',(#14745));
#14745 = FILL_AREA_STYLE_COLOUR('',#13052);
#14746 = STYLED_ITEM('color',(#14747),#8372);
#14747 = PRESENTATION_STYLE_ASSIGNMENT((#14748));
#14748 = SURFACE_STYLE_USAGE(.BOTH.,#14749);
#14749 = SURFACE_SIDE_STYLE('',(#14750));
#14750 = SURFACE_STYLE_FILL_AREA(#14751);
#14751 = FILL_AREA_STYLE('',(#14752));
#14752 = FILL_AREA_STYLE_COLOUR('',#13158);
#14753 = STYLED_ITEM('color',(#14754),#8464);
#14754 = PRESENTATION_STYLE_ASSIGNMENT((#14755));
#14755 = SURFACE_STYLE_USAGE(.BOTH.,#14756);
#14756 = SURFACE_SIDE_STYLE('',(#14757));
#14757 = SURFACE_STYLE_FILL_AREA(#14758);
#14758 = FILL_AREA_STYLE('',(#14759));
#14759 = FILL_AREA_STYLE_COLOUR('',#13158);
#14760 = STYLED_ITEM('color',(#14761),#8556);
#14761 = PRESENTATION_STYLE_ASSIGNMENT((#14762));
#14762 = SURFACE_STYLE_USAGE(.BOTH.,#14763);
#14763 = SURFACE_SIDE_STYLE('',(#14764));
#14764 = SURFACE_STYLE_FILL_AREA(#14765);
#14765 = FILL_AREA_STYLE('',(#14766));
#14766 = FILL_AREA_STYLE_COLOUR('',#13052);
#14767 = STYLED_ITEM('color',(#14768),#8578);
#14768 = PRESENTATION_STYLE_ASSIGNMENT((#14769));
#14769 = SURFACE_STYLE_USAGE(.BOTH.,#14770);
#14770 = SURFACE_SIDE_STYLE('',(#14771));
#14771 = SURFACE_STYLE_FILL_AREA(#14772);
#14772 = FILL_AREA_STYLE('',(#14773));
#14773 = FILL_AREA_STYLE_COLOUR('',#13158);
#14774 = STYLED_ITEM('color',(#14775),#8603);
#14775 = PRESENTATION_STYLE_ASSIGNMENT((#14776));
#14776 = SURFACE_STYLE_USAGE(.BOTH.,#14777);
#14777 = SURFACE_SIDE_STYLE('',(#14778));
#14778 = SURFACE_STYLE_FILL_AREA(#14779);
#14779 = FILL_AREA_STYLE('',(#14780));
#14780 = FILL_AREA_STYLE_COLOUR('',#13158);
#14781 = STYLED_ITEM('color',(#14782),#8687);
#14782 = PRESENTATION_STYLE_ASSIGNMENT((#14783));
#14783 = SURFACE_STYLE_USAGE(.BOTH.,#14784);
#14784 = SURFACE_SIDE_STYLE('',(#14785));
#14785 = SURFACE_STYLE_FILL_AREA(#14786);
#14786 = FILL_AREA_STYLE('',(#14787));
#14787 = FILL_AREA_STYLE_COLOUR('',#13158);
#14788 = STYLED_ITEM('color',(#14789),#8779);
#14789 = PRESENTATION_STYLE_ASSIGNMENT((#14790));
#14790 = SURFACE_STYLE_USAGE(.BOTH.,#14791);
#14791 = SURFACE_SIDE_STYLE('',(#14792));
#14792 = SURFACE_STYLE_FILL_AREA(#14793);
#14793 = FILL_AREA_STYLE('',(#14794));
#14794 = FILL_AREA_STYLE_COLOUR('',#13158);
#14795 = STYLED_ITEM('color',(#14796),#8796);
#14796 = PRESENTATION_STYLE_ASSIGNMENT((#14797));
#14797 = SURFACE_STYLE_USAGE(.BOTH.,#14798);
#14798 = SURFACE_SIDE_STYLE('',(#14799));
#14799 = SURFACE_STYLE_FILL_AREA(#14800);
#14800 = FILL_AREA_STYLE('',(#14801));
#14801 = FILL_AREA_STYLE_COLOUR('',#13052);
#14802 = STYLED_ITEM('color',(#14803),#8818);
#14803 = PRESENTATION_STYLE_ASSIGNMENT((#14804));
#14804 = SURFACE_STYLE_USAGE(.BOTH.,#14805);
#14805 = SURFACE_SIDE_STYLE('',(#14806));
#14806 = SURFACE_STYLE_FILL_AREA(#14807);
#14807 = FILL_AREA_STYLE('',(#14808));
#14808 = FILL_AREA_STYLE_COLOUR('',#13052);
#14809 = STYLED_ITEM('color',(#14810),#8830);
#14810 = PRESENTATION_STYLE_ASSIGNMENT((#14811));
#14811 = SURFACE_STYLE_USAGE(.BOTH.,#14812);
#14812 = SURFACE_SIDE_STYLE('',(#14813));
#14813 = SURFACE_STYLE_FILL_AREA(#14814);
#14814 = FILL_AREA_STYLE('',(#14815));
#14815 = FILL_AREA_STYLE_COLOUR('',#13158);
#14816 = STYLED_ITEM('color',(#14817),#8849);
#14817 = PRESENTATION_STYLE_ASSIGNMENT((#14818));
#14818 = SURFACE_STYLE_USAGE(.BOTH.,#14819);
#14819 = SURFACE_SIDE_STYLE('',(#14820));
#14820 = SURFACE_STYLE_FILL_AREA(#14821);
#14821 = FILL_AREA_STYLE('',(#14822));
#14822 = FILL_AREA_STYLE_COLOUR('',#13158);
#14823 = STYLED_ITEM('color',(#14824),#8868);
#14824 = PRESENTATION_STYLE_ASSIGNMENT((#14825));
#14825 = SURFACE_STYLE_USAGE(.BOTH.,#14826);
#14826 = SURFACE_SIDE_STYLE('',(#14827));
#14827 = SURFACE_STYLE_FILL_AREA(#14828);
#14828 = FILL_AREA_STYLE('',(#14829));
#14829 = FILL_AREA_STYLE_COLOUR('',#13158);
#14830 = STYLED_ITEM('color',(#14831),#8887);
#14831 = PRESENTATION_STYLE_ASSIGNMENT((#14832));
#14832 = SURFACE_STYLE_USAGE(.BOTH.,#14833);
#14833 = SURFACE_SIDE_STYLE('',(#14834));
#14834 = SURFACE_STYLE_FILL_AREA(#14835);
#14835 = FILL_AREA_STYLE('',(#14836));
#14836 = FILL_AREA_STYLE_COLOUR('',#13158);
#14837 = STYLED_ITEM('color',(#14838),#8906);
#14838 = PRESENTATION_STYLE_ASSIGNMENT((#14839));
#14839 = SURFACE_STYLE_USAGE(.BOTH.,#14840);
#14840 = SURFACE_SIDE_STYLE('',(#14841));
#14841 = SURFACE_STYLE_FILL_AREA(#14842);
#14842 = FILL_AREA_STYLE('',(#14843));
#14843 = FILL_AREA_STYLE_COLOUR('',#14668);
#14844 = STYLED_ITEM('color',(#14845),#8915);
#14845 = PRESENTATION_STYLE_ASSIGNMENT((#14846));
#14846 = SURFACE_STYLE_USAGE(.BOTH.,#14847);
#14847 = SURFACE_SIDE_STYLE('',(#14848));
#14848 = SURFACE_STYLE_FILL_AREA(#14849);
#14849 = FILL_AREA_STYLE('',(#14850));
#14850 = FILL_AREA_STYLE_COLOUR('',#13158);
#14851 = STYLED_ITEM('color',(#14852),#8932);
#14852 = PRESENTATION_STYLE_ASSIGNMENT((#14853));
#14853 = SURFACE_STYLE_USAGE(.BOTH.,#14854);
#14854 = SURFACE_SIDE_STYLE('',(#14855));
#14855 = SURFACE_STYLE_FILL_AREA(#14856);
#14856 = FILL_AREA_STYLE('',(#14857));
#14857 = FILL_AREA_STYLE_COLOUR('',#13158);
#14858 = STYLED_ITEM('color',(#14859),#8949);
#14859 = PRESENTATION_STYLE_ASSIGNMENT((#14860));
#14860 = SURFACE_STYLE_USAGE(.BOTH.,#14861);
#14861 = SURFACE_SIDE_STYLE('',(#14862));
#14862 = SURFACE_STYLE_FILL_AREA(#14863);
#14863 = FILL_AREA_STYLE('',(#14864));
#14864 = FILL_AREA_STYLE_COLOUR('',#13158);
#14865 = STYLED_ITEM('color',(#14866),#8966);
#14866 = PRESENTATION_STYLE_ASSIGNMENT((#14867));
#14867 = SURFACE_STYLE_USAGE(.BOTH.,#14868);
#14868 = SURFACE_SIDE_STYLE('',(#14869));
#14869 = SURFACE_STYLE_FILL_AREA(#14870);
#14870 = FILL_AREA_STYLE('',(#14871));
#14871 = FILL_AREA_STYLE_COLOUR('',#13158);
#14872 = STYLED_ITEM('color',(#14873),#8983);
#14873 = PRESENTATION_STYLE_ASSIGNMENT((#14874));
#14874 = SURFACE_STYLE_USAGE(.BOTH.,#14875);
#14875 = SURFACE_SIDE_STYLE('',(#14876));
#14876 = SURFACE_STYLE_FILL_AREA(#14877);
#14877 = FILL_AREA_STYLE('',(#14878));
#14878 = FILL_AREA_STYLE_COLOUR('',#13158);
#14879 = STYLED_ITEM('color',(#14880),#9000);
#14880 = PRESENTATION_STYLE_ASSIGNMENT((#14881));
#14881 = SURFACE_STYLE_USAGE(.BOTH.,#14882);
#14882 = SURFACE_SIDE_STYLE('',(#14883));
#14883 = SURFACE_STYLE_FILL_AREA(#14884);
#14884 = FILL_AREA_STYLE('',(#14885));
#14885 = FILL_AREA_STYLE_COLOUR('',#13158);
#14886 = STYLED_ITEM('color',(#14887),#9017);
#14887 = PRESENTATION_STYLE_ASSIGNMENT((#14888));
#14888 = SURFACE_STYLE_USAGE(.BOTH.,#14889);
#14889 = SURFACE_SIDE_STYLE('',(#14890));
#14890 = SURFACE_STYLE_FILL_AREA(#14891);
#14891 = FILL_AREA_STYLE('',(#14892));
#14892 = FILL_AREA_STYLE_COLOUR('',#13158);
#14893 = STYLED_ITEM('color',(#14894),#9034);
#14894 = PRESENTATION_STYLE_ASSIGNMENT((#14895));
#14895 = SURFACE_STYLE_USAGE(.BOTH.,#14896);
#14896 = SURFACE_SIDE_STYLE('',(#14897));
#14897 = SURFACE_STYLE_FILL_AREA(#14898);
#14898 = FILL_AREA_STYLE('',(#14899));
#14899 = FILL_AREA_STYLE_COLOUR('',#13158);
#14900 = STYLED_ITEM('color',(#14901),#9046);
#14901 = PRESENTATION_STYLE_ASSIGNMENT((#14902));
#14902 = SURFACE_STYLE_USAGE(.BOTH.,#14903);
#14903 = SURFACE_SIDE_STYLE('',(#14904));
#14904 = SURFACE_STYLE_FILL_AREA(#14905);
#14905 = FILL_AREA_STYLE('',(#14906));
#14906 = FILL_AREA_STYLE_COLOUR('',#13158);
#14907 = STYLED_ITEM('color',(#14908),#9063);
#14908 = PRESENTATION_STYLE_ASSIGNMENT((#14909));
#14909 = SURFACE_STYLE_USAGE(.BOTH.,#14910);
#14910 = SURFACE_SIDE_STYLE('',(#14911));
#14911 = SURFACE_STYLE_FILL_AREA(#14912);
#14912 = FILL_AREA_STYLE('',(#14913));
#14913 = FILL_AREA_STYLE_COLOUR('',#13158);
#14914 = STYLED_ITEM('color',(#14915),#9080);
#14915 = PRESENTATION_STYLE_ASSIGNMENT((#14916));
#14916 = SURFACE_STYLE_USAGE(.BOTH.,#14917);
#14917 = SURFACE_SIDE_STYLE('',(#14918));
#14918 = SURFACE_STYLE_FILL_AREA(#14919);
#14919 = FILL_AREA_STYLE('',(#14920));
#14920 = FILL_AREA_STYLE_COLOUR('',#13158);
#14921 = STYLED_ITEM('color',(#14922),#9097);
#14922 = PRESENTATION_STYLE_ASSIGNMENT((#14923));
#14923 = SURFACE_STYLE_USAGE(.BOTH.,#14924);
#14924 = SURFACE_SIDE_STYLE('',(#14925));
#14925 = SURFACE_STYLE_FILL_AREA(#14926);
#14926 = FILL_AREA_STYLE('',(#14927));
#14927 = FILL_AREA_STYLE_COLOUR('',#13158);
#14928 = STYLED_ITEM('color',(#14929),#9114);
#14929 = PRESENTATION_STYLE_ASSIGNMENT((#14930));
#14930 = SURFACE_STYLE_USAGE(.BOTH.,#14931);
#14931 = SURFACE_SIDE_STYLE('',(#14932));
#14932 = SURFACE_STYLE_FILL_AREA(#14933);
#14933 = FILL_AREA_STYLE('',(#14934));
#14934 = FILL_AREA_STYLE_COLOUR('',#13158);
#14935 = STYLED_ITEM('color',(#14936),#9131);
#14936 = PRESENTATION_STYLE_ASSIGNMENT((#14937));
#14937 = SURFACE_STYLE_USAGE(.BOTH.,#14938);
#14938 = SURFACE_SIDE_STYLE('',(#14939));
#14939 = SURFACE_STYLE_FILL_AREA(#14940);
#14940 = FILL_AREA_STYLE('',(#14941));
#14941 = FILL_AREA_STYLE_COLOUR('',#13158);
#14942 = STYLED_ITEM('color',(#14943),#9148);
#14943 = PRESENTATION_STYLE_ASSIGNMENT((#14944));
#14944 = SURFACE_STYLE_USAGE(.BOTH.,#14945);
#14945 = SURFACE_SIDE_STYLE('',(#14946));
#14946 = SURFACE_STYLE_FILL_AREA(#14947);
#14947 = FILL_AREA_STYLE('',(#14948));
#14948 = FILL_AREA_STYLE_COLOUR('',#13158);
#14949 = STYLED_ITEM('color',(#14950),#9165);
#14950 = PRESENTATION_STYLE_ASSIGNMENT((#14951));
#14951 = SURFACE_STYLE_USAGE(.BOTH.,#14952);
#14952 = SURFACE_SIDE_STYLE('',(#14953));
#14953 = SURFACE_STYLE_FILL_AREA(#14954);
#14954 = FILL_AREA_STYLE('',(#14955));
#14955 = FILL_AREA_STYLE_COLOUR('',#13158);
#14956 = STYLED_ITEM('color',(#14957),#9177);
#14957 = PRESENTATION_STYLE_ASSIGNMENT((#14958));
#14958 = SURFACE_STYLE_USAGE(.BOTH.,#14959);
#14959 = SURFACE_SIDE_STYLE('',(#14960));
#14960 = SURFACE_STYLE_FILL_AREA(#14961);
#14961 = FILL_AREA_STYLE('',(#14962));
#14962 = FILL_AREA_STYLE_COLOUR('',#13158);
#14963 = STYLED_ITEM('color',(#14964),#9194);
#14964 = PRESENTATION_STYLE_ASSIGNMENT((#14965));
#14965 = SURFACE_STYLE_USAGE(.BOTH.,#14966);
#14966 = SURFACE_SIDE_STYLE('',(#14967));
#14967 = SURFACE_STYLE_FILL_AREA(#14968);
#14968 = FILL_AREA_STYLE('',(#14969));
#14969 = FILL_AREA_STYLE_COLOUR('',#13158);
#14970 = STYLED_ITEM('color',(#14971),#9211);
#14971 = PRESENTATION_STYLE_ASSIGNMENT((#14972));
#14972 = SURFACE_STYLE_USAGE(.BOTH.,#14973);
#14973 = SURFACE_SIDE_STYLE('',(#14974));
#14974 = SURFACE_STYLE_FILL_AREA(#14975);
#14975 = FILL_AREA_STYLE('',(#14976));
#14976 = FILL_AREA_STYLE_COLOUR('',#13158);
#14977 = STYLED_ITEM('color',(#14978),#9228);
#14978 = PRESENTATION_STYLE_ASSIGNMENT((#14979));
#14979 = SURFACE_STYLE_USAGE(.BOTH.,#14980);
#14980 = SURFACE_SIDE_STYLE('',(#14981));
#14981 = SURFACE_STYLE_FILL_AREA(#14982);
#14982 = FILL_AREA_STYLE('',(#14983));
#14983 = FILL_AREA_STYLE_COLOUR('',#13158);
#14984 = STYLED_ITEM('color',(#14985),#9245);
#14985 = PRESENTATION_STYLE_ASSIGNMENT((#14986));
#14986 = SURFACE_STYLE_USAGE(.BOTH.,#14987);
#14987 = SURFACE_SIDE_STYLE('',(#14988));
#14988 = SURFACE_STYLE_FILL_AREA(#14989);
#14989 = FILL_AREA_STYLE('',(#14990));
#14990 = FILL_AREA_STYLE_COLOUR('',#13158);
#14991 = STYLED_ITEM('color',(#14992),#9262);
#14992 = PRESENTATION_STYLE_ASSIGNMENT((#14993));
#14993 = SURFACE_STYLE_USAGE(.BOTH.,#14994);
#14994 = SURFACE_SIDE_STYLE('',(#14995));
#14995 = SURFACE_STYLE_FILL_AREA(#14996);
#14996 = FILL_AREA_STYLE('',(#14997));
#14997 = FILL_AREA_STYLE_COLOUR('',#13158);
#14998 = STYLED_ITEM('color',(#14999),#9279);
#14999 = PRESENTATION_STYLE_ASSIGNMENT((#15000));
#15000 = SURFACE_STYLE_USAGE(.BOTH.,#15001);
#15001 = SURFACE_SIDE_STYLE('',(#15002));
#15002 = SURFACE_STYLE_FILL_AREA(#15003);
#15003 = FILL_AREA_STYLE('',(#15004));
#15004 = FILL_AREA_STYLE_COLOUR('',#13158);
#15005 = STYLED_ITEM('color',(#15006),#9296);
#15006 = PRESENTATION_STYLE_ASSIGNMENT((#15007));
#15007 = SURFACE_STYLE_USAGE(.BOTH.,#15008);
#15008 = SURFACE_SIDE_STYLE('',(#15009));
#15009 = SURFACE_STYLE_FILL_AREA(#15010);
#15010 = FILL_AREA_STYLE('',(#15011));
#15011 = FILL_AREA_STYLE_COLOUR('',#13158);
#15012 = STYLED_ITEM('color',(#15013),#9308);
#15013 = PRESENTATION_STYLE_ASSIGNMENT((#15014));
#15014 = SURFACE_STYLE_USAGE(.BOTH.,#15015);
#15015 = SURFACE_SIDE_STYLE('',(#15016));
#15016 = SURFACE_STYLE_FILL_AREA(#15017);
#15017 = FILL_AREA_STYLE('',(#15018));
#15018 = FILL_AREA_STYLE_COLOUR('',#13158);
#15019 = STYLED_ITEM('color',(#15020),#9325);
#15020 = PRESENTATION_STYLE_ASSIGNMENT((#15021));
#15021 = SURFACE_STYLE_USAGE(.BOTH.,#15022);
#15022 = SURFACE_SIDE_STYLE('',(#15023));
#15023 = SURFACE_STYLE_FILL_AREA(#15024);
#15024 = FILL_AREA_STYLE('',(#15025));
#15025 = FILL_AREA_STYLE_COLOUR('',#13158);
#15026 = STYLED_ITEM('color',(#15027),#9342);
#15027 = PRESENTATION_STYLE_ASSIGNMENT((#15028));
#15028 = SURFACE_STYLE_USAGE(.BOTH.,#15029);
#15029 = SURFACE_SIDE_STYLE('',(#15030));
#15030 = SURFACE_STYLE_FILL_AREA(#15031);
#15031 = FILL_AREA_STYLE('',(#15032));
#15032 = FILL_AREA_STYLE_COLOUR('',#13158);
#15033 = STYLED_ITEM('color',(#15034),#9359);
#15034 = PRESENTATION_STYLE_ASSIGNMENT((#15035));
#15035 = SURFACE_STYLE_USAGE(.BOTH.,#15036);
#15036 = SURFACE_SIDE_STYLE('',(#15037));
#15037 = SURFACE_STYLE_FILL_AREA(#15038);
#15038 = FILL_AREA_STYLE('',(#15039));
#15039 = FILL_AREA_STYLE_COLOUR('',#13158);
#15040 = STYLED_ITEM('color',(#15041),#9376);
#15041 = PRESENTATION_STYLE_ASSIGNMENT((#15042));
#15042 = SURFACE_STYLE_USAGE(.BOTH.,#15043);
#15043 = SURFACE_SIDE_STYLE('',(#15044));
#15044 = SURFACE_STYLE_FILL_AREA(#15045);
#15045 = FILL_AREA_STYLE('',(#15046));
#15046 = FILL_AREA_STYLE_COLOUR('',#13158);
#15047 = STYLED_ITEM('color',(#15048),#9393);
#15048 = PRESENTATION_STYLE_ASSIGNMENT((#15049));
#15049 = SURFACE_STYLE_USAGE(.BOTH.,#15050);
#15050 = SURFACE_SIDE_STYLE('',(#15051));
#15051 = SURFACE_STYLE_FILL_AREA(#15052);
#15052 = FILL_AREA_STYLE('',(#15053));
#15053 = FILL_AREA_STYLE_COLOUR('',#13158);
#15054 = STYLED_ITEM('color',(#15055),#9410);
#15055 = PRESENTATION_STYLE_ASSIGNMENT((#15056));
#15056 = SURFACE_STYLE_USAGE(.BOTH.,#15057);
#15057 = SURFACE_SIDE_STYLE('',(#15058));
#15058 = SURFACE_STYLE_FILL_AREA(#15059);
#15059 = FILL_AREA_STYLE('',(#15060));
#15060 = FILL_AREA_STYLE_COLOUR('',#13158);
#15061 = STYLED_ITEM('color',(#15062),#9427);
#15062 = PRESENTATION_STYLE_ASSIGNMENT((#15063));
#15063 = SURFACE_STYLE_USAGE(.BOTH.,#15064);
#15064 = SURFACE_SIDE_STYLE('',(#15065));
#15065 = SURFACE_STYLE_FILL_AREA(#15066);
#15066 = FILL_AREA_STYLE('',(#15067));
#15067 = FILL_AREA_STYLE_COLOUR('',#13158);
#15068 = MECHANICAL_DESIGN_GEOMETRIC_PRESENTATION_REPRESENTATION('',(
    #15069,#15076,#15083,#15090,#15097,#15104,#15111,#15118,#15125,
    #15132,#15139,#15146,#15153,#15160,#15167,#15174,#15181,#15188,
    #15195,#15202,#15209,#15216,#15223,#15230,#15237,#15244,#15251,
    #15258),#1842);
#15069 = STYLED_ITEM('color',(#15070),#990);
#15070 = PRESENTATION_STYLE_ASSIGNMENT((#15071));
#15071 = SURFACE_STYLE_USAGE(.BOTH.,#15072);
#15072 = SURFACE_SIDE_STYLE('',(#15073));
#15073 = SURFACE_STYLE_FILL_AREA(#15074);
#15074 = FILL_AREA_STYLE('',(#15075));
#15075 = FILL_AREA_STYLE_COLOUR('',#13587);
#15076 = STYLED_ITEM('color',(#15077),#1066);
#15077 = PRESENTATION_STYLE_ASSIGNMENT((#15078));
#15078 = SURFACE_STYLE_USAGE(.BOTH.,#15079);
#15079 = SURFACE_SIDE_STYLE('',(#15080));
#15080 = SURFACE_STYLE_FILL_AREA(#15081);
#15081 = FILL_AREA_STYLE('',(#15082));
#15082 = FILL_AREA_STYLE_COLOUR('',#13587);
#15083 = STYLED_ITEM('color',(#15084),#1097);
#15084 = PRESENTATION_STYLE_ASSIGNMENT((#15085));
#15085 = SURFACE_STYLE_USAGE(.BOTH.,#15086);
#15086 = SURFACE_SIDE_STYLE('',(#15087));
#15087 = SURFACE_STYLE_FILL_AREA(#15088);
#15088 = FILL_AREA_STYLE('',(#15089));
#15089 = FILL_AREA_STYLE_COLOUR('',#13587);
#15090 = STYLED_ITEM('color',(#15091),#1122);
#15091 = PRESENTATION_STYLE_ASSIGNMENT((#15092));
#15092 = SURFACE_STYLE_USAGE(.BOTH.,#15093);
#15093 = SURFACE_SIDE_STYLE('',(#15094));
#15094 = SURFACE_STYLE_FILL_AREA(#15095);
#15095 = FILL_AREA_STYLE('',(#15096));
#15096 = FILL_AREA_STYLE_COLOUR('',#13587);
#15097 = STYLED_ITEM('color',(#15098),#1147);
#15098 = PRESENTATION_STYLE_ASSIGNMENT((#15099));
#15099 = SURFACE_STYLE_USAGE(.BOTH.,#15100);
#15100 = SURFACE_SIDE_STYLE('',(#15101));
#15101 = SURFACE_STYLE_FILL_AREA(#15102);
#15102 = FILL_AREA_STYLE('',(#15103));
#15103 = FILL_AREA_STYLE_COLOUR('',#13587);
#15104 = STYLED_ITEM('color',(#15105),#1171);
#15105 = PRESENTATION_STYLE_ASSIGNMENT((#15106));
#15106 = SURFACE_STYLE_USAGE(.BOTH.,#15107);
#15107 = SURFACE_SIDE_STYLE('',(#15108));
#15108 = SURFACE_STYLE_FILL_AREA(#15109);
#15109 = FILL_AREA_STYLE('',(#15110));
#15110 = FILL_AREA_STYLE_COLOUR('',#13587);
#15111 = STYLED_ITEM('color',(#15112),#1195);
#15112 = PRESENTATION_STYLE_ASSIGNMENT((#15113));
#15113 = SURFACE_STYLE_USAGE(.BOTH.,#15114);
#15114 = SURFACE_SIDE_STYLE('',(#15115));
#15115 = SURFACE_STYLE_FILL_AREA(#15116);
#15116 = FILL_AREA_STYLE('',(#15117));
#15117 = FILL_AREA_STYLE_COLOUR('',#13587);
#15118 = STYLED_ITEM('color',(#15119),#1220);
#15119 = PRESENTATION_STYLE_ASSIGNMENT((#15120));
#15120 = SURFACE_STYLE_USAGE(.BOTH.,#15121);
#15121 = SURFACE_SIDE_STYLE('',(#15122));
#15122 = SURFACE_STYLE_FILL_AREA(#15123);
#15123 = FILL_AREA_STYLE('',(#15124));
#15124 = FILL_AREA_STYLE_COLOUR('',#13587);
#15125 = STYLED_ITEM('color',(#15126),#1245);
#15126 = PRESENTATION_STYLE_ASSIGNMENT((#15127));
#15127 = SURFACE_STYLE_USAGE(.BOTH.,#15128);
#15128 = SURFACE_SIDE_STYLE('',(#15129));
#15129 = SURFACE_STYLE_FILL_AREA(#15130);
#15130 = FILL_AREA_STYLE('',(#15131));
#15131 = FILL_AREA_STYLE_COLOUR('',#13587);
#15132 = STYLED_ITEM('color',(#15133),#1262);
#15133 = PRESENTATION_STYLE_ASSIGNMENT((#15134));
#15134 = SURFACE_STYLE_USAGE(.BOTH.,#15135);
#15135 = SURFACE_SIDE_STYLE('',(#15136));
#15136 = SURFACE_STYLE_FILL_AREA(#15137);
#15137 = FILL_AREA_STYLE('',(#15138));
#15138 = FILL_AREA_STYLE_COLOUR('',#13587);
#15139 = STYLED_ITEM('color',(#15140),#1348);
#15140 = PRESENTATION_STYLE_ASSIGNMENT((#15141));
#15141 = SURFACE_STYLE_USAGE(.BOTH.,#15142);
#15142 = SURFACE_SIDE_STYLE('',(#15143));
#15143 = SURFACE_STYLE_FILL_AREA(#15144);
#15144 = FILL_AREA_STYLE('',(#15145));
#15145 = FILL_AREA_STYLE_COLOUR('',#13658);
#15146 = STYLED_ITEM('color',(#15147),#1380);
#15147 = PRESENTATION_STYLE_ASSIGNMENT((#15148));
#15148 = SURFACE_STYLE_USAGE(.BOTH.,#15149);
#15149 = SURFACE_SIDE_STYLE('',(#15150));
#15150 = SURFACE_STYLE_FILL_AREA(#15151);
#15151 = FILL_AREA_STYLE('',(#15152));
#15152 = FILL_AREA_STYLE_COLOUR('',#13658);
#15153 = STYLED_ITEM('color',(#15154),#1404);
#15154 = PRESENTATION_STYLE_ASSIGNMENT((#15155));
#15155 = SURFACE_STYLE_USAGE(.BOTH.,#15156);
#15156 = SURFACE_SIDE_STYLE('',(#15157));
#15157 = SURFACE_STYLE_FILL_AREA(#15158);
#15158 = FILL_AREA_STYLE('',(#15159));
#15159 = FILL_AREA_STYLE_COLOUR('',#13658);
#15160 = STYLED_ITEM('color',(#15161),#1429);
#15161 = PRESENTATION_STYLE_ASSIGNMENT((#15162));
#15162 = SURFACE_STYLE_USAGE(.BOTH.,#15163);
#15163 = SURFACE_SIDE_STYLE('',(#15164));
#15164 = SURFACE_STYLE_FILL_AREA(#15165);
#15165 = FILL_AREA_STYLE('',(#15166));
#15166 = FILL_AREA_STYLE_COLOUR('',#13658);
#15167 = STYLED_ITEM('color',(#15168),#1453);
#15168 = PRESENTATION_STYLE_ASSIGNMENT((#15169));
#15169 = SURFACE_STYLE_USAGE(.BOTH.,#15170);
#15170 = SURFACE_SIDE_STYLE('',(#15171));
#15171 = SURFACE_STYLE_FILL_AREA(#15172);
#15172 = FILL_AREA_STYLE('',(#15173));
#15173 = FILL_AREA_STYLE_COLOUR('',#13658);
#15174 = STYLED_ITEM('color',(#15175),#1478);
#15175 = PRESENTATION_STYLE_ASSIGNMENT((#15176));
#15176 = SURFACE_STYLE_USAGE(.BOTH.,#15177);
#15177 = SURFACE_SIDE_STYLE('',(#15178));
#15178 = SURFACE_STYLE_FILL_AREA(#15179);
#15179 = FILL_AREA_STYLE('',(#15180));
#15180 = FILL_AREA_STYLE_COLOUR('',#13658);
#15181 = STYLED_ITEM('color',(#15182),#1502);
#15182 = PRESENTATION_STYLE_ASSIGNMENT((#15183));
#15183 = SURFACE_STYLE_USAGE(.BOTH.,#15184);
#15184 = SURFACE_SIDE_STYLE('',(#15185));
#15185 = SURFACE_STYLE_FILL_AREA(#15186);
#15186 = FILL_AREA_STYLE('',(#15187));
#15187 = FILL_AREA_STYLE_COLOUR('',#13658);
#15188 = STYLED_ITEM('color',(#15189),#1527);
#15189 = PRESENTATION_STYLE_ASSIGNMENT((#15190));
#15190 = SURFACE_STYLE_USAGE(.BOTH.,#15191);
#15191 = SURFACE_SIDE_STYLE('',(#15192));
#15192 = SURFACE_STYLE_FILL_AREA(#15193);
#15193 = FILL_AREA_STYLE('',(#15194));
#15194 = FILL_AREA_STYLE_COLOUR('',#13658);
#15195 = STYLED_ITEM('color',(#15196),#1544);
#15196 = PRESENTATION_STYLE_ASSIGNMENT((#15197));
#15197 = SURFACE_STYLE_USAGE(.BOTH.,#15198);
#15198 = SURFACE_SIDE_STYLE('',(#15199));
#15199 = SURFACE_STYLE_FILL_AREA(#15200);
#15200 = FILL_AREA_STYLE('',(#15201));
#15201 = FILL_AREA_STYLE_COLOUR('',#13587);
#15202 = STYLED_ITEM('color',(#15203),#1630);
#15203 = PRESENTATION_STYLE_ASSIGNMENT((#15204));
#15204 = SURFACE_STYLE_USAGE(.BOTH.,#15205);
#15205 = SURFACE_SIDE_STYLE('',(#15206));
#15206 = SURFACE_STYLE_FILL_AREA(#15207);
#15207 = FILL_AREA_STYLE('',(#15208));
#15208 = FILL_AREA_STYLE_COLOUR('',#13587);
#15209 = STYLED_ITEM('color',(#15210),#1661);
#15210 = PRESENTATION_STYLE_ASSIGNMENT((#15211));
#15211 = SURFACE_STYLE_USAGE(.BOTH.,#15212);
#15212 = SURFACE_SIDE_STYLE('',(#15213));
#15213 = SURFACE_STYLE_FILL_AREA(#15214);
#15214 = FILL_AREA_STYLE('',(#15215));
#15215 = FILL_AREA_STYLE_COLOUR('',#13587);
#15216 = STYLED_ITEM('color',(#15217),#1686);
#15217 = PRESENTATION_STYLE_ASSIGNMENT((#15218));
#15218 = SURFACE_STYLE_USAGE(.BOTH.,#15219);
#15219 = SURFACE_SIDE_STYLE('',(#15220));
#15220 = SURFACE_STYLE_FILL_AREA(#15221);
#15221 = FILL_AREA_STYLE('',(#15222));
#15222 = FILL_AREA_STYLE_COLOUR('',#13587);
#15223 = STYLED_ITEM('color',(#15224),#1711);
#15224 = PRESENTATION_STYLE_ASSIGNMENT((#15225));
#15225 = SURFACE_STYLE_USAGE(.BOTH.,#15226);
#15226 = SURFACE_SIDE_STYLE('',(#15227));
#15227 = SURFACE_STYLE_FILL_AREA(#15228);
#15228 = FILL_AREA_STYLE('',(#15229));
#15229 = FILL_AREA_STYLE_COLOUR('',#13587);
#15230 = STYLED_ITEM('color',(#15231),#1735);
#15231 = PRESENTATION_STYLE_ASSIGNMENT((#15232));
#15232 = SURFACE_STYLE_USAGE(.BOTH.,#15233);
#15233 = SURFACE_SIDE_STYLE('',(#15234));
#15234 = SURFACE_STYLE_FILL_AREA(#15235);
#15235 = FILL_AREA_STYLE('',(#15236));
#15236 = FILL_AREA_STYLE_COLOUR('',#13587);
#15237 = STYLED_ITEM('color',(#15238),#1759);
#15238 = PRESENTATION_STYLE_ASSIGNMENT((#15239));
#15239 = SURFACE_STYLE_USAGE(.BOTH.,#15240);
#15240 = SURFACE_SIDE_STYLE('',(#15241));
#15241 = SURFACE_STYLE_FILL_AREA(#15242);
#15242 = FILL_AREA_STYLE('',(#15243));
#15243 = FILL_AREA_STYLE_COLOUR('',#13587);
#15244 = STYLED_ITEM('color',(#15245),#1784);
#15245 = PRESENTATION_STYLE_ASSIGNMENT((#15246));
#15246 = SURFACE_STYLE_USAGE(.BOTH.,#15247);
#15247 = SURFACE_SIDE_STYLE('',(#15248));
#15248 = SURFACE_STYLE_FILL_AREA(#15249);
#15249 = FILL_AREA_STYLE('',(#15250));
#15250 = FILL_AREA_STYLE_COLOUR('',#13587);
#15251 = STYLED_ITEM('color',(#15252),#1809);
#15252 = PRESENTATION_STYLE_ASSIGNMENT((#15253));
#15253 = SURFACE_STYLE_USAGE(.BOTH.,#15254);
#15254 = SURFACE_SIDE_STYLE('',(#15255));
#15255 = SURFACE_STYLE_FILL_AREA(#15256);
#15256 = FILL_AREA_STYLE('',(#15257));
#15257 = FILL_AREA_STYLE_COLOUR('',#13587);
#15258 = STYLED_ITEM('color',(#15259),#1826);
#15259 = PRESENTATION_STYLE_ASSIGNMENT((#15260));
#15260 = SURFACE_STYLE_USAGE(.BOTH.,#15261);
#15261 = SURFACE_SIDE_STYLE('',(#15262));
#15262 = SURFACE_STYLE_FILL_AREA(#15263);
#15263 = FILL_AREA_STYLE('',(#15264));
#15264 = FILL_AREA_STYLE_COLOUR('',#13587);
#15265 = MECHANICAL_DESIGN_GEOMETRIC_PRESENTATION_REPRESENTATION('',(
    #15266,#15273,#15280,#15287,#15294,#15301,#15308,#15315,#15323,
    #15330,#15337,#15344,#15351,#15358,#15366,#15373,#15380,#15387,
    #15394,#15401,#15408,#15415,#15422,#15429,#15436,#15443),#2674);
#15266 = STYLED_ITEM('color',(#15267),#1886);
#15267 = PRESENTATION_STYLE_ASSIGNMENT((#15268));
#15268 = SURFACE_STYLE_USAGE(.BOTH.,#15269);
#15269 = SURFACE_SIDE_STYLE('',(#15270));
#15270 = SURFACE_STYLE_FILL_AREA(#15271);
#15271 = FILL_AREA_STYLE('',(#15272));
#15272 = FILL_AREA_STYLE_COLOUR('',#13587);
#15273 = STYLED_ITEM('color',(#15274),#1926);
#15274 = PRESENTATION_STYLE_ASSIGNMENT((#15275));
#15275 = SURFACE_STYLE_USAGE(.BOTH.,#15276);
#15276 = SURFACE_SIDE_STYLE('',(#15277));
#15277 = SURFACE_STYLE_FILL_AREA(#15278);
#15278 = FILL_AREA_STYLE('',(#15279));
#15279 = FILL_AREA_STYLE_COLOUR('',#13587);
#15280 = STYLED_ITEM('color',(#15281),#2009);
#15281 = PRESENTATION_STYLE_ASSIGNMENT((#15282));
#15282 = SURFACE_STYLE_USAGE(.BOTH.,#15283);
#15283 = SURFACE_SIDE_STYLE('',(#15284));
#15284 = SURFACE_STYLE_FILL_AREA(#15285);
#15285 = FILL_AREA_STYLE('',(#15286));
#15286 = FILL_AREA_STYLE_COLOUR('',#13587);
#15287 = STYLED_ITEM('color',(#15288),#2034);
#15288 = PRESENTATION_STYLE_ASSIGNMENT((#15289));
#15289 = SURFACE_STYLE_USAGE(.BOTH.,#15290);
#15290 = SURFACE_SIDE_STYLE('',(#15291));
#15291 = SURFACE_STYLE_FILL_AREA(#15292);
#15292 = FILL_AREA_STYLE('',(#15293));
#15293 = FILL_AREA_STYLE_COLOUR('',#13587);
#15294 = STYLED_ITEM('color',(#15295),#2059);
#15295 = PRESENTATION_STYLE_ASSIGNMENT((#15296));
#15296 = SURFACE_STYLE_USAGE(.BOTH.,#15297);
#15297 = SURFACE_SIDE_STYLE('',(#15298));
#15298 = SURFACE_STYLE_FILL_AREA(#15299);
#15299 = FILL_AREA_STYLE('',(#15300));
#15300 = FILL_AREA_STYLE_COLOUR('',#13587);
#15301 = STYLED_ITEM('color',(#15302),#2126);
#15302 = PRESENTATION_STYLE_ASSIGNMENT((#15303));
#15303 = SURFACE_STYLE_USAGE(.BOTH.,#15304);
#15304 = SURFACE_SIDE_STYLE('',(#15305));
#15305 = SURFACE_STYLE_FILL_AREA(#15306);
#15306 = FILL_AREA_STYLE('',(#15307));
#15307 = FILL_AREA_STYLE_COLOUR('',#13587);
#15308 = STYLED_ITEM('color',(#15309),#2143);
#15309 = PRESENTATION_STYLE_ASSIGNMENT((#15310));
#15310 = SURFACE_STYLE_USAGE(.BOTH.,#15311);
#15311 = SURFACE_SIDE_STYLE('',(#15312));
#15312 = SURFACE_STYLE_FILL_AREA(#15313);
#15313 = FILL_AREA_STYLE('',(#15314));
#15314 = FILL_AREA_STYLE_COLOUR('',#13587);
#15315 = STYLED_ITEM('color',(#15316),#2160);
#15316 = PRESENTATION_STYLE_ASSIGNMENT((#15317));
#15317 = SURFACE_STYLE_USAGE(.BOTH.,#15318);
#15318 = SURFACE_SIDE_STYLE('',(#15319));
#15319 = SURFACE_STYLE_FILL_AREA(#15320);
#15320 = FILL_AREA_STYLE('',(#15321));
#15321 = FILL_AREA_STYLE_COLOUR('',#15322);
#15322 = COLOUR_RGB('',0.894999966383,0.890999961016,0.813000030345);
#15323 = STYLED_ITEM('color',(#15324),#2209);
#15324 = PRESENTATION_STYLE_ASSIGNMENT((#15325));
#15325 = SURFACE_STYLE_USAGE(.BOTH.,#15326);
#15326 = SURFACE_SIDE_STYLE('',(#15327));
#15327 = SURFACE_STYLE_FILL_AREA(#15328);
#15328 = FILL_AREA_STYLE('',(#15329));
#15329 = FILL_AREA_STYLE_COLOUR('',#13587);
#15330 = STYLED_ITEM('color',(#15331),#2226);
#15331 = PRESENTATION_STYLE_ASSIGNMENT((#15332));
#15332 = SURFACE_STYLE_USAGE(.BOTH.,#15333);
#15333 = SURFACE_SIDE_STYLE('',(#15334));
#15334 = SURFACE_STYLE_FILL_AREA(#15335);
#15335 = FILL_AREA_STYLE('',(#15336));
#15336 = FILL_AREA_STYLE_COLOUR('',#13587);
#15337 = STYLED_ITEM('color',(#15338),#2243);
#15338 = PRESENTATION_STYLE_ASSIGNMENT((#15339));
#15339 = SURFACE_STYLE_USAGE(.BOTH.,#15340);
#15340 = SURFACE_SIDE_STYLE('',(#15341));
#15341 = SURFACE_STYLE_FILL_AREA(#15342);
#15342 = FILL_AREA_STYLE('',(#15343));
#15343 = FILL_AREA_STYLE_COLOUR('',#15322);
#15344 = STYLED_ITEM('color',(#15345),#2292);
#15345 = PRESENTATION_STYLE_ASSIGNMENT((#15346));
#15346 = SURFACE_STYLE_USAGE(.BOTH.,#15347);
#15347 = SURFACE_SIDE_STYLE('',(#15348));
#15348 = SURFACE_STYLE_FILL_AREA(#15349);
#15349 = FILL_AREA_STYLE('',(#15350));
#15350 = FILL_AREA_STYLE_COLOUR('',#15322);
#15351 = STYLED_ITEM('color',(#15352),#2309);
#15352 = PRESENTATION_STYLE_ASSIGNMENT((#15353));
#15353 = SURFACE_STYLE_USAGE(.BOTH.,#15354);
#15354 = SURFACE_SIDE_STYLE('',(#15355));
#15355 = SURFACE_STYLE_FILL_AREA(#15356);
#15356 = FILL_AREA_STYLE('',(#15357));
#15357 = FILL_AREA_STYLE_COLOUR('',#13587);
#15358 = STYLED_ITEM('color',(#15359),#2378);
#15359 = PRESENTATION_STYLE_ASSIGNMENT((#15360));
#15360 = SURFACE_STYLE_USAGE(.BOTH.,#15361);
#15361 = SURFACE_SIDE_STYLE('',(#15362));
#15362 = SURFACE_STYLE_FILL_AREA(#15363);
#15363 = FILL_AREA_STYLE('',(#15364));
#15364 = FILL_AREA_STYLE_COLOUR('',#15365);
#15365 = COLOUR_RGB('',8.200000279077E-02,8.600000121357E-02,
  9.399999706163E-02);
#15366 = STYLED_ITEM('color',(#15367),#2409);
#15367 = PRESENTATION_STYLE_ASSIGNMENT((#15368));
#15368 = SURFACE_STYLE_USAGE(.BOTH.,#15369);
#15369 = SURFACE_SIDE_STYLE('',(#15370));
#15370 = SURFACE_STYLE_FILL_AREA(#15371);
#15371 = FILL_AREA_STYLE('',(#15372));
#15372 = FILL_AREA_STYLE_COLOUR('',#15365);
#15373 = STYLED_ITEM('color',(#15374),#2433);
#15374 = PRESENTATION_STYLE_ASSIGNMENT((#15375));
#15375 = SURFACE_STYLE_USAGE(.BOTH.,#15376);
#15376 = SURFACE_SIDE_STYLE('',(#15377));
#15377 = SURFACE_STYLE_FILL_AREA(#15378);
#15378 = FILL_AREA_STYLE('',(#15379));
#15379 = FILL_AREA_STYLE_COLOUR('',#13587);
#15380 = STYLED_ITEM('color',(#15381),#2502);
#15381 = PRESENTATION_STYLE_ASSIGNMENT((#15382));
#15382 = SURFACE_STYLE_USAGE(.BOTH.,#15383);
#15383 = SURFACE_SIDE_STYLE('',(#15384));
#15384 = SURFACE_STYLE_FILL_AREA(#15385);
#15385 = FILL_AREA_STYLE('',(#15386));
#15386 = FILL_AREA_STYLE_COLOUR('',#15365);
#15387 = STYLED_ITEM('color',(#15388),#2526);
#15388 = PRESENTATION_STYLE_ASSIGNMENT((#15389));
#15389 = SURFACE_STYLE_USAGE(.BOTH.,#15390);
#15390 = SURFACE_SIDE_STYLE('',(#15391));
#15391 = SURFACE_STYLE_FILL_AREA(#15392);
#15392 = FILL_AREA_STYLE('',(#15393));
#15393 = FILL_AREA_STYLE_COLOUR('',#13587);
#15394 = STYLED_ITEM('color',(#15395),#2543);
#15395 = PRESENTATION_STYLE_ASSIGNMENT((#15396));
#15396 = SURFACE_STYLE_USAGE(.BOTH.,#15397);
#15397 = SURFACE_SIDE_STYLE('',(#15398));
#15398 = SURFACE_STYLE_FILL_AREA(#15399);
#15399 = FILL_AREA_STYLE('',(#15400));
#15400 = FILL_AREA_STYLE_COLOUR('',#13587);
#15401 = STYLED_ITEM('color',(#15402),#2560);
#15402 = PRESENTATION_STYLE_ASSIGNMENT((#15403));
#15403 = SURFACE_STYLE_USAGE(.BOTH.,#15404);
#15404 = SURFACE_SIDE_STYLE('',(#15405));
#15405 = SURFACE_STYLE_FILL_AREA(#15406);
#15406 = FILL_AREA_STYLE('',(#15407));
#15407 = FILL_AREA_STYLE_COLOUR('',#13587);
#15408 = STYLED_ITEM('color',(#15409),#2577);
#15409 = PRESENTATION_STYLE_ASSIGNMENT((#15410));
#15410 = SURFACE_STYLE_USAGE(.BOTH.,#15411);
#15411 = SURFACE_SIDE_STYLE('',(#15412));
#15412 = SURFACE_STYLE_FILL_AREA(#15413);
#15413 = FILL_AREA_STYLE('',(#15414));
#15414 = FILL_AREA_STYLE_COLOUR('',#13587);
#15415 = STYLED_ITEM('color',(#15416),#2594);
#15416 = PRESENTATION_STYLE_ASSIGNMENT((#15417));
#15417 = SURFACE_STYLE_USAGE(.BOTH.,#15418);
#15418 = SURFACE_SIDE_STYLE('',(#15419));
#15419 = SURFACE_STYLE_FILL_AREA(#15420);
#15420 = FILL_AREA_STYLE('',(#15421));
#15421 = FILL_AREA_STYLE_COLOUR('',#13587);
#15422 = STYLED_ITEM('color',(#15423),#2611);
#15423 = PRESENTATION_STYLE_ASSIGNMENT((#15424));
#15424 = SURFACE_STYLE_USAGE(.BOTH.,#15425);
#15425 = SURFACE_SIDE_STYLE('',(#15426));
#15426 = SURFACE_STYLE_FILL_AREA(#15427);
#15427 = FILL_AREA_STYLE('',(#15428));
#15428 = FILL_AREA_STYLE_COLOUR('',#13587);
#15429 = STYLED_ITEM('color',(#15430),#2628);
#15430 = PRESENTATION_STYLE_ASSIGNMENT((#15431));
#15431 = SURFACE_STYLE_USAGE(.BOTH.,#15432);
#15432 = SURFACE_SIDE_STYLE('',(#15433));
#15433 = SURFACE_STYLE_FILL_AREA(#15434);
#15434 = FILL_AREA_STYLE('',(#15435));
#15435 = FILL_AREA_STYLE_COLOUR('',#13587);
#15436 = STYLED_ITEM('color',(#15437),#2645);
#15437 = PRESENTATION_STYLE_ASSIGNMENT((#15438));
#15438 = SURFACE_STYLE_USAGE(.BOTH.,#15439);
#15439 = SURFACE_SIDE_STYLE('',(#15440));
#15440 = SURFACE_STYLE_FILL_AREA(#15441);
#15441 = FILL_AREA_STYLE('',(#15442));
#15442 = FILL_AREA_STYLE_COLOUR('',#15365);
#15443 = STYLED_ITEM('color',(#15444),#2662);
#15444 = PRESENTATION_STYLE_ASSIGNMENT((#15445));
#15445 = SURFACE_STYLE_USAGE(.BOTH.,#15446);
#15446 = SURFACE_SIDE_STYLE('',(#15447));
#15447 = SURFACE_STYLE_FILL_AREA(#15448);
#15448 = FILL_AREA_STYLE('',(#15449));
#15449 = FILL_AREA_STYLE_COLOUR('',#15365);
#15450 = MECHANICAL_DESIGN_GEOMETRIC_PRESENTATION_REPRESENTATION('',(
    #15451,#15458,#15465,#15472,#15479,#15486,#15493,#15500,#15507,
    #15514,#15521,#15528,#15535,#15542,#15549,#15556,#15563,#15570,
    #15577,#15584,#15591,#15598,#15605,#15612,#15619,#15626,#15633,
    #15640),#10335);
#15451 = STYLED_ITEM('color',(#15452),#9483);
#15452 = PRESENTATION_STYLE_ASSIGNMENT((#15453));
#15453 = SURFACE_STYLE_USAGE(.BOTH.,#15454);
#15454 = SURFACE_SIDE_STYLE('',(#15455));
#15455 = SURFACE_STYLE_FILL_AREA(#15456);
#15456 = FILL_AREA_STYLE('',(#15457));
#15457 = FILL_AREA_STYLE_COLOUR('',#13587);
#15458 = STYLED_ITEM('color',(#15459),#9559);
#15459 = PRESENTATION_STYLE_ASSIGNMENT((#15460));
#15460 = SURFACE_STYLE_USAGE(.BOTH.,#15461);
#15461 = SURFACE_SIDE_STYLE('',(#15462));
#15462 = SURFACE_STYLE_FILL_AREA(#15463);
#15463 = FILL_AREA_STYLE('',(#15464));
#15464 = FILL_AREA_STYLE_COLOUR('',#13587);
#15465 = STYLED_ITEM('color',(#15466),#9590);
#15466 = PRESENTATION_STYLE_ASSIGNMENT((#15467));
#15467 = SURFACE_STYLE_USAGE(.BOTH.,#15468);
#15468 = SURFACE_SIDE_STYLE('',(#15469));
#15469 = SURFACE_STYLE_FILL_AREA(#15470);
#15470 = FILL_AREA_STYLE('',(#15471));
#15471 = FILL_AREA_STYLE_COLOUR('',#13587);
#15472 = STYLED_ITEM('color',(#15473),#9615);
#15473 = PRESENTATION_STYLE_ASSIGNMENT((#15474));
#15474 = SURFACE_STYLE_USAGE(.BOTH.,#15475);
#15475 = SURFACE_SIDE_STYLE('',(#15476));
#15476 = SURFACE_STYLE_FILL_AREA(#15477);
#15477 = FILL_AREA_STYLE('',(#15478));
#15478 = FILL_AREA_STYLE_COLOUR('',#13587);
#15479 = STYLED_ITEM('color',(#15480),#9640);
#15480 = PRESENTATION_STYLE_ASSIGNMENT((#15481));
#15481 = SURFACE_STYLE_USAGE(.BOTH.,#15482);
#15482 = SURFACE_SIDE_STYLE('',(#15483));
#15483 = SURFACE_STYLE_FILL_AREA(#15484);
#15484 = FILL_AREA_STYLE('',(#15485));
#15485 = FILL_AREA_STYLE_COLOUR('',#13587);
#15486 = STYLED_ITEM('color',(#15487),#9664);
#15487 = PRESENTATION_STYLE_ASSIGNMENT((#15488));
#15488 = SURFACE_STYLE_USAGE(.BOTH.,#15489);
#15489 = SURFACE_SIDE_STYLE('',(#15490));
#15490 = SURFACE_STYLE_FILL_AREA(#15491);
#15491 = FILL_AREA_STYLE('',(#15492));
#15492 = FILL_AREA_STYLE_COLOUR('',#13587);
#15493 = STYLED_ITEM('color',(#15494),#9688);
#15494 = PRESENTATION_STYLE_ASSIGNMENT((#15495));
#15495 = SURFACE_STYLE_USAGE(.BOTH.,#15496);
#15496 = SURFACE_SIDE_STYLE('',(#15497));
#15497 = SURFACE_STYLE_FILL_AREA(#15498);
#15498 = FILL_AREA_STYLE('',(#15499));
#15499 = FILL_AREA_STYLE_COLOUR('',#13587);
#15500 = STYLED_ITEM('color',(#15501),#9713);
#15501 = PRESENTATION_STYLE_ASSIGNMENT((#15502));
#15502 = SURFACE_STYLE_USAGE(.BOTH.,#15503);
#15503 = SURFACE_SIDE_STYLE('',(#15504));
#15504 = SURFACE_STYLE_FILL_AREA(#15505);
#15505 = FILL_AREA_STYLE('',(#15506));
#15506 = FILL_AREA_STYLE_COLOUR('',#13587);
#15507 = STYLED_ITEM('color',(#15508),#9738);
#15508 = PRESENTATION_STYLE_ASSIGNMENT((#15509));
#15509 = SURFACE_STYLE_USAGE(.BOTH.,#15510);
#15510 = SURFACE_SIDE_STYLE('',(#15511));
#15511 = SURFACE_STYLE_FILL_AREA(#15512);
#15512 = FILL_AREA_STYLE('',(#15513));
#15513 = FILL_AREA_STYLE_COLOUR('',#13587);
#15514 = STYLED_ITEM('color',(#15515),#9755);
#15515 = PRESENTATION_STYLE_ASSIGNMENT((#15516));
#15516 = SURFACE_STYLE_USAGE(.BOTH.,#15517);
#15517 = SURFACE_SIDE_STYLE('',(#15518));
#15518 = SURFACE_STYLE_FILL_AREA(#15519);
#15519 = FILL_AREA_STYLE('',(#15520));
#15520 = FILL_AREA_STYLE_COLOUR('',#13587);
#15521 = STYLED_ITEM('color',(#15522),#9841);
#15522 = PRESENTATION_STYLE_ASSIGNMENT((#15523));
#15523 = SURFACE_STYLE_USAGE(.BOTH.,#15524);
#15524 = SURFACE_SIDE_STYLE('',(#15525));
#15525 = SURFACE_STYLE_FILL_AREA(#15526);
#15526 = FILL_AREA_STYLE('',(#15527));
#15527 = FILL_AREA_STYLE_COLOUR('',#13658);
#15528 = STYLED_ITEM('color',(#15529),#9873);
#15529 = PRESENTATION_STYLE_ASSIGNMENT((#15530));
#15530 = SURFACE_STYLE_USAGE(.BOTH.,#15531);
#15531 = SURFACE_SIDE_STYLE('',(#15532));
#15532 = SURFACE_STYLE_FILL_AREA(#15533);
#15533 = FILL_AREA_STYLE('',(#15534));
#15534 = FILL_AREA_STYLE_COLOUR('',#13658);
#15535 = STYLED_ITEM('color',(#15536),#9897);
#15536 = PRESENTATION_STYLE_ASSIGNMENT((#15537));
#15537 = SURFACE_STYLE_USAGE(.BOTH.,#15538);
#15538 = SURFACE_SIDE_STYLE('',(#15539));
#15539 = SURFACE_STYLE_FILL_AREA(#15540);
#15540 = FILL_AREA_STYLE('',(#15541));
#15541 = FILL_AREA_STYLE_COLOUR('',#13658);
#15542 = STYLED_ITEM('color',(#15543),#9922);
#15543 = PRESENTATION_STYLE_ASSIGNMENT((#15544));
#15544 = SURFACE_STYLE_USAGE(.BOTH.,#15545);
#15545 = SURFACE_SIDE_STYLE('',(#15546));
#15546 = SURFACE_STYLE_FILL_AREA(#15547);
#15547 = FILL_AREA_STYLE('',(#15548));
#15548 = FILL_AREA_STYLE_COLOUR('',#13658);
#15549 = STYLED_ITEM('color',(#15550),#9946);
#15550 = PRESENTATION_STYLE_ASSIGNMENT((#15551));
#15551 = SURFACE_STYLE_USAGE(.BOTH.,#15552);
#15552 = SURFACE_SIDE_STYLE('',(#15553));
#15553 = SURFACE_STYLE_FILL_AREA(#15554);
#15554 = FILL_AREA_STYLE('',(#15555));
#15555 = FILL_AREA_STYLE_COLOUR('',#13658);
#15556 = STYLED_ITEM('color',(#15557),#9971);
#15557 = PRESENTATION_STYLE_ASSIGNMENT((#15558));
#15558 = SURFACE_STYLE_USAGE(.BOTH.,#15559);
#15559 = SURFACE_SIDE_STYLE('',(#15560));
#15560 = SURFACE_STYLE_FILL_AREA(#15561);
#15561 = FILL_AREA_STYLE('',(#15562));
#15562 = FILL_AREA_STYLE_COLOUR('',#13658);
#15563 = STYLED_ITEM('color',(#15564),#9995);
#15564 = PRESENTATION_STYLE_ASSIGNMENT((#15565));
#15565 = SURFACE_STYLE_USAGE(.BOTH.,#15566);
#15566 = SURFACE_SIDE_STYLE('',(#15567));
#15567 = SURFACE_STYLE_FILL_AREA(#15568);
#15568 = FILL_AREA_STYLE('',(#15569));
#15569 = FILL_AREA_STYLE_COLOUR('',#13658);
#15570 = STYLED_ITEM('color',(#15571),#10020);
#15571 = PRESENTATION_STYLE_ASSIGNMENT((#15572));
#15572 = SURFACE_STYLE_USAGE(.BOTH.,#15573);
#15573 = SURFACE_SIDE_STYLE('',(#15574));
#15574 = SURFACE_STYLE_FILL_AREA(#15575);
#15575 = FILL_AREA_STYLE('',(#15576));
#15576 = FILL_AREA_STYLE_COLOUR('',#13658);
#15577 = STYLED_ITEM('color',(#15578),#10037);
#15578 = PRESENTATION_STYLE_ASSIGNMENT((#15579));
#15579 = SURFACE_STYLE_USAGE(.BOTH.,#15580);
#15580 = SURFACE_SIDE_STYLE('',(#15581));
#15581 = SURFACE_STYLE_FILL_AREA(#15582);
#15582 = FILL_AREA_STYLE('',(#15583));
#15583 = FILL_AREA_STYLE_COLOUR('',#13587);
#15584 = STYLED_ITEM('color',(#15585),#10123);
#15585 = PRESENTATION_STYLE_ASSIGNMENT((#15586));
#15586 = SURFACE_STYLE_USAGE(.BOTH.,#15587);
#15587 = SURFACE_SIDE_STYLE('',(#15588));
#15588 = SURFACE_STYLE_FILL_AREA(#15589);
#15589 = FILL_AREA_STYLE('',(#15590));
#15590 = FILL_AREA_STYLE_COLOUR('',#13587);
#15591 = STYLED_ITEM('color',(#15592),#10154);
#15592 = PRESENTATION_STYLE_ASSIGNMENT((#15593));
#15593 = SURFACE_STYLE_USAGE(.BOTH.,#15594);
#15594 = SURFACE_SIDE_STYLE('',(#15595));
#15595 = SURFACE_STYLE_FILL_AREA(#15596);
#15596 = FILL_AREA_STYLE('',(#15597));
#15597 = FILL_AREA_STYLE_COLOUR('',#13587);
#15598 = STYLED_ITEM('color',(#15599),#10179);
#15599 = PRESENTATION_STYLE_ASSIGNMENT((#15600));
#15600 = SURFACE_STYLE_USAGE(.BOTH.,#15601);
#15601 = SURFACE_SIDE_STYLE('',(#15602));
#15602 = SURFACE_STYLE_FILL_AREA(#15603);
#15603 = FILL_AREA_STYLE('',(#15604));
#15604 = FILL_AREA_STYLE_COLOUR('',#13587);
#15605 = STYLED_ITEM('color',(#15606),#10204);
#15606 = PRESENTATION_STYLE_ASSIGNMENT((#15607));
#15607 = SURFACE_STYLE_USAGE(.BOTH.,#15608);
#15608 = SURFACE_SIDE_STYLE('',(#15609));
#15609 = SURFACE_STYLE_FILL_AREA(#15610);
#15610 = FILL_AREA_STYLE('',(#15611));
#15611 = FILL_AREA_STYLE_COLOUR('',#13587);
#15612 = STYLED_ITEM('color',(#15613),#10228);
#15613 = PRESENTATION_STYLE_ASSIGNMENT((#15614));
#15614 = SURFACE_STYLE_USAGE(.BOTH.,#15615);
#15615 = SURFACE_SIDE_STYLE('',(#15616));
#15616 = SURFACE_STYLE_FILL_AREA(#15617);
#15617 = FILL_AREA_STYLE('',(#15618));
#15618 = FILL_AREA_STYLE_COLOUR('',#13587);
#15619 = STYLED_ITEM('color',(#15620),#10252);
#15620 = PRESENTATION_STYLE_ASSIGNMENT((#15621));
#15621 = SURFACE_STYLE_USAGE(.BOTH.,#15622);
#15622 = SURFACE_SIDE_STYLE('',(#15623));
#15623 = SURFACE_STYLE_FILL_AREA(#15624);
#15624 = FILL_AREA_STYLE('',(#15625));
#15625 = FILL_AREA_STYLE_COLOUR('',#13587);
#15626 = STYLED_ITEM('color',(#15627),#10277);
#15627 = PRESENTATION_STYLE_ASSIGNMENT((#15628));
#15628 = SURFACE_STYLE_USAGE(.BOTH.,#15629);
#15629 = SURFACE_SIDE_STYLE('',(#15630));
#15630 = SURFACE_STYLE_FILL_AREA(#15631);
#15631 = FILL_AREA_STYLE('',(#15632));
#15632 = FILL_AREA_STYLE_COLOUR('',#13587);
#15633 = STYLED_ITEM('color',(#15634),#10302);
#15634 = PRESENTATION_STYLE_ASSIGNMENT((#15635));
#15635 = SURFACE_STYLE_USAGE(.BOTH.,#15636);
#15636 = SURFACE_SIDE_STYLE('',(#15637));
#15637 = SURFACE_STYLE_FILL_AREA(#15638);
#15638 = FILL_AREA_STYLE('',(#15639));
#15639 = FILL_AREA_STYLE_COLOUR('',#13587);
#15640 = STYLED_ITEM('color',(#15641),#10319);
#15641 = PRESENTATION_STYLE_ASSIGNMENT((#15642));
#15642 = SURFACE_STYLE_USAGE(.BOTH.,#15643);
#15643 = SURFACE_SIDE_STYLE('',(#15644));
#15644 = SURFACE_STYLE_FILL_AREA(#15645);
#15645 = FILL_AREA_STYLE('',(#15646));
#15646 = FILL_AREA_STYLE_COLOUR('',#13587);
ENDSEC;
END-ISO-10303-21;
